person_id,person_name,surname,unique_attribute,sex,tribe,person_notes,name_instance,person_sequence,description
YHVH_1,YHVH,,"Holy, Holy, Holy (ISA 6:3) and too many others to fit here",male,,"In this dataset, YHVH is described as Holy, Holy, Holy (ISA 6:3) and too many others to fit here. Recorded as male.",1,1,"In this dataset, YHVH is described as Holy, Holy, Holy (ISA 6:3) and too many others to fit here. Recorded as male."
Adam_1,Adam,,first man (1CO 15:45),male,,"In this dataset, Adam is described as first man (1CO 15:45). Recorded as male.",1,2,"In this dataset, Adam is described as first man (1CO 15:45). Recorded as male."
Eve_1,Eve,,"first woman, created from Adam (GEN 2:22)",female,,"In this dataset, Eve is described as first woman, created from Adam (GEN 2:22). Recorded as female.",1,3,"In this dataset, Eve is described as first woman, created from Adam (GEN 2:22). Recorded as female."
Cain_1,Cain,,"first son of Adam (GEN 4:1), cursed from the ground (GEN 4:11)",male,,"In this dataset, Cain is described as first son of Adam (GEN 4:1), cursed from the ground (GEN 4:11). Recorded as male.",1,4,"In this dataset, Cain is described as first son of Adam (GEN 4:1), cursed from the ground (GEN 4:11). Recorded as male."
Abel_1,Abel,,"son of Adam(GEN 4:2), first person murdered (GEN 4:8)",male,,"In this dataset, Abel is described as son of Adam(GEN 4:2), first person murdered (GEN 4:8). Recorded as male.",1,5,"In this dataset, Abel is described as son of Adam(GEN 4:2), first person murdered (GEN 4:8). Recorded as male."
Enoch_1,Enoch,,son of Cain (GEN 4:17),male,,"In this dataset, Enoch is described as son of Cain (GEN 4:17). Recorded as male.",1,6,"In this dataset, Enoch is described as son of Cain (GEN 4:17). Recorded as male."
Irad_1,Irad,,son of Enoch (GEN 4:18),male,,"In this dataset, Irad is described as son of Enoch (GEN 4:18). Recorded as male.",1,7,"In this dataset, Irad is described as son of Enoch (GEN 4:18). Recorded as male."
Mehujael_1,Mehujael,,son of Irad (GEN 4:18),male,,"In this dataset, Mehujael is described as son of Irad (GEN 4:18). Recorded as male.",1,8,"In this dataset, Mehujael is described as son of Irad (GEN 4:18). Recorded as male."
Methushael_1,Methushael,,son of Mehujael (GEN 4:18),male,,"In this dataset, Methushael is described as son of Mehujael (GEN 4:18). Recorded as male.",1,9,"In this dataset, Methushael is described as son of Mehujael (GEN 4:18). Recorded as male."
Lamech_1,Lamech,,son of Methushael (GEN 4:18),male,,"In this dataset, Lamech is described as son of Methushael (GEN 4:18). Recorded as male.",1,10,"In this dataset, Lamech is described as son of Methushael (GEN 4:18). Recorded as male."
Adah_1,Adah,,wife of Lamech (GEN 4:19),female,,"In this dataset, Adah is described as wife of Lamech (GEN 4:19). Recorded as female.",1,11,"In this dataset, Adah is described as wife of Lamech (GEN 4:19). Recorded as female."
Zillah_1,Zillah,,wife of Lamech (GEN 4:19),female,,"In this dataset, Zillah is described as wife of Lamech (GEN 4:19). Recorded as female.",1,12,"In this dataset, Zillah is described as wife of Lamech (GEN 4:19). Recorded as female."
Jabal_1,Jabal,,father of those who dwell in tents and have livestock (GEN 4:20),male,,"In this dataset, Jabal is described as father of those who dwell in tents and have livestock (GEN 4:20). Recorded as male.",1,13,"In this dataset, Jabal is described as father of those who dwell in tents and have livestock (GEN 4:20). Recorded as male."
Jubal_1,Jubal,,father of all those who play the lyre and pipe (GEN 4:21),male,,"In this dataset, Jubal is described as father of all those who play the lyre and pipe (GEN 4:21). Recorded as male.",1,14,"In this dataset, Jubal is described as father of all those who play the lyre and pipe (GEN 4:21). Recorded as male."
Tubal-cain_1,Tubal-cain,,the forger of all implements of bronze and iron (GEN 4:22),male,,"In this dataset, Tubal-cain is described as the forger of all implements of bronze and iron (GEN 4:22). Recorded as male.",1,15,"In this dataset, Tubal-cain is described as the forger of all implements of bronze and iron (GEN 4:22). Recorded as male."
Naamah_1,Naamah,,sister of Tubal-cain (GEN 4:22),female,,"In this dataset, Naamah is described as sister of Tubal-cain (GEN 4:22). Recorded as female.",1,16,"In this dataset, Naamah is described as sister of Tubal-cain (GEN 4:22). Recorded as female."
Seth_1,Seth,,son of Adam (GEN 4:25),male,,"In this dataset, Seth is described as son of Adam (GEN 4:25). Recorded as male.",1,17,"In this dataset, Seth is described as son of Adam (GEN 4:25). Recorded as male."
Enosh_1,Enosh,,son of Seth (GEN 4:26),male,,"In this dataset, Enosh is described as son of Seth (GEN 4:26). Recorded as male.",1,18,"In this dataset, Enosh is described as son of Seth (GEN 4:26). Recorded as male."
Kenan_1,Kenan,,son of Enosh (GEN 5:9),male,,"In this dataset, Kenan is described as son of Enosh (GEN 5:9). Recorded as male.",1,19,"In this dataset, Kenan is described as son of Enosh (GEN 5:9). Recorded as male."
Mahalalel_1,Mahalalel,,son of Kenan (GEN 5:12),male,,"In this dataset, Mahalalel is described as son of Kenan (GEN 5:12). Recorded as male.",1,20,"In this dataset, Mahalalel is described as son of Kenan (GEN 5:12). Recorded as male."
Jared_1,Jared,,son of Mahalael (GEN 5:12),male,,"In this dataset, Jared is described as son of Mahalael (GEN 5:12). Recorded as male.",1,21,"In this dataset, Jared is described as son of Mahalael (GEN 5:12). Recorded as male."
Enoch_2,Enoch,,son of Jared (GEN 5:18),male,,"In this dataset, Enoch is described as son of Jared (GEN 5:18). Recorded as male.",2,22,"In this dataset, Enoch is described as son of Jared (GEN 5:18). Recorded as male."
Methuselah_1,Methuselah,,son of Enoch (GEN 5:21),male,,"In this dataset, Methuselah is described as son of Enoch (GEN 5:21). Recorded as male.",1,23,"In this dataset, Methuselah is described as son of Enoch (GEN 5:21). Recorded as male."
Lamech_2,Lamech,,son of Methuselah (GEN 5:25),male,,"In this dataset, Lamech is described as son of Methuselah (GEN 5:25). Recorded as male.",2,24,"In this dataset, Lamech is described as son of Methuselah (GEN 5:25). Recorded as male."
Noah_1,Noah,,son of Lamech (GEN 5:28-29),male,,"In this dataset, Noah is described as son of Lamech (GEN 5:28-29). Recorded as male.",1,25,"In this dataset, Noah is described as son of Lamech (GEN 5:28-29). Recorded as male."
Shem_1,Shem,,son of Noah (GEN 5:32),male,,"In this dataset, Shem is described as son of Noah (GEN 5:32). Recorded as male.",1,26,"In this dataset, Shem is described as son of Noah (GEN 5:32). Recorded as male."
Ham_1,Ham,,son of Noah (GEN 5:32),male,,"In this dataset, Ham is described as son of Noah (GEN 5:32). Recorded as male.",1,27,"In this dataset, Ham is described as son of Noah (GEN 5:32). Recorded as male."
Japheth_1,Japheth,,son of Noah (GEN 5:32),male,,"In this dataset, Japheth is described as son of Noah (GEN 5:32). Recorded as male.",1,28,"In this dataset, Japheth is described as son of Noah (GEN 5:32). Recorded as male."
Canaan_1,Canaan,,"son of Ham (GEN 9:18), cursed by Noah (GEN 9:25)",male,,"In this dataset, Canaan is described as son of Ham (GEN 9:18), cursed by Noah (GEN 9:25). Recorded as male.",1,29,"In this dataset, Canaan is described as son of Ham (GEN 9:18), cursed by Noah (GEN 9:25). Recorded as male."
Gomer_1,Gomer,,son of Japheth (GEN 10:2),male,,"In this dataset, Gomer is described as son of Japheth (GEN 10:2). Recorded as male.",1,30,"In this dataset, Gomer is described as son of Japheth (GEN 10:2). Recorded as male."
Magog_1,Magog,,son of Japheth (GEN 10:2),male,,"In this dataset, Magog is described as son of Japheth (GEN 10:2). Recorded as male.",1,31,"In this dataset, Magog is described as son of Japheth (GEN 10:2). Recorded as male."
Madai_1,Madai,,son of Japheth (GEN 10:2),male,,"In this dataset, Madai is described as son of Japheth (GEN 10:2). Recorded as male.",1,32,"In this dataset, Madai is described as son of Japheth (GEN 10:2). Recorded as male."
Javan_1,Javan,,son of Japheth (GEN 10:2),male,,"In this dataset, Javan is described as son of Japheth (GEN 10:2). Recorded as male.",1,33,"In this dataset, Javan is described as son of Japheth (GEN 10:2). Recorded as male."
Tubal_1,Tubal,,son of Japheth (GEN 10:2),male,,"In this dataset, Tubal is described as son of Japheth (GEN 10:2). Recorded as male.",1,34,"In this dataset, Tubal is described as son of Japheth (GEN 10:2). Recorded as male."
Meshech_1,Meshech,,son of Japheth (GEN 10:2),male,,"In this dataset, Meshech is described as son of Japheth (GEN 10:2). Recorded as male.",1,35,"In this dataset, Meshech is described as son of Japheth (GEN 10:2). Recorded as male."
Tiras_1,Tiras,,son of Japheth (GEN 10:2),male,,"In this dataset, Tiras is described as son of Japheth (GEN 10:2). Recorded as male.",1,36,"In this dataset, Tiras is described as son of Japheth (GEN 10:2). Recorded as male."
Ashkenaz_1,Ashkenaz,,son of Gomer (GEN 10:3),male,,"In this dataset, Ashkenaz is described as son of Gomer (GEN 10:3). Recorded as male.",1,37,"In this dataset, Ashkenaz is described as son of Gomer (GEN 10:3). Recorded as male."
Riphath_1,Riphath,,son of Gomer (GEN 10:3),male,,"In this dataset, Riphath is described as son of Gomer (GEN 10:3). Recorded as male.",1,38,"In this dataset, Riphath is described as son of Gomer (GEN 10:3). Recorded as male."
Togarmah_1,Togarmah,,son of Gomer (GEN 10:3),male,,"In this dataset, Togarmah is described as son of Gomer (GEN 10:3). Recorded as male.",1,39,"In this dataset, Togarmah is described as son of Gomer (GEN 10:3). Recorded as male."
Elishah_1,Elishah,,son of Javan (GEN 10:4),male,,"In this dataset, Elishah is described as son of Javan (GEN 10:4). Recorded as male.",1,40,"In this dataset, Elishah is described as son of Javan (GEN 10:4). Recorded as male."
Tarshish_1,Tarshish,,son of Javan (GEN 10:4),male,,"In this dataset, Tarshish is described as son of Javan (GEN 10:4). Recorded as male.",1,41,"In this dataset, Tarshish is described as son of Javan (GEN 10:4). Recorded as male."
Kittim_1,Kittim,,son of Javan (GEN 10:4),male,,"In this dataset, Kittim is described as son of Javan (GEN 10:4). Recorded as male.",1,42,"In this dataset, Kittim is described as son of Javan (GEN 10:4). Recorded as male."
Dodanim_1,Dodanim,,son of Javan (GEN 10:4),male,,"In this dataset, Dodanim is described as son of Javan (GEN 10:4). Recorded as male.",1,43,"In this dataset, Dodanim is described as son of Javan (GEN 10:4). Recorded as male."
Cush_1,Cush,,son of Ham (GEN 10:6),male,,"In this dataset, Cush is described as son of Ham (GEN 10:6). Recorded as male.",1,44,"In this dataset, Cush is described as son of Ham (GEN 10:6). Recorded as male."
Mizraim_1,Mizraim,,son of Ham (GEN 10:6),male,,"In this dataset, Mizraim is described as son of Ham (GEN 10:6). Recorded as male.",1,45,"In this dataset, Mizraim is described as son of Ham (GEN 10:6). Recorded as male."
Put_1,Put,,son of Ham (GEN 10:6),male,,"In this dataset, Put is described as son of Ham (GEN 10:6). Recorded as male.",1,46,"In this dataset, Put is described as son of Ham (GEN 10:6). Recorded as male."
Seba_1,Seba,,son of Cush (GEN 10:7),male,,"In this dataset, Seba is described as son of Cush (GEN 10:7). Recorded as male.",1,47,"In this dataset, Seba is described as son of Cush (GEN 10:7). Recorded as male."
Havilah_1,Havilah,,son of Cush (GEN 10:7),male,,"In this dataset, Havilah is described as son of Cush (GEN 10:7). Recorded as male.",1,48,"In this dataset, Havilah is described as son of Cush (GEN 10:7). Recorded as male."
Sabtah_1,Sabtah,,son of Cush (GEN 10:7),male,,"In this dataset, Sabtah is described as son of Cush (GEN 10:7). Recorded as male.",1,49,"In this dataset, Sabtah is described as son of Cush (GEN 10:7). Recorded as male."
Raamah_1,Raamah,,son of Cush (GEN 10:7),male,,"In this dataset, Raamah is described as son of Cush (GEN 10:7). Recorded as male.",1,50,"In this dataset, Raamah is described as son of Cush (GEN 10:7). Recorded as male."
Sabteca_1,Sabteca,,son of Cush (GEN 10:7),male,,"In this dataset, Sabteca is described as son of Cush (GEN 10:7). Recorded as male.",1,51,"In this dataset, Sabteca is described as son of Cush (GEN 10:7). Recorded as male."
Sheba_1,Sheba,,son of Raamah (GEN 10:7),male,,"In this dataset, Sheba is described as son of Raamah (GEN 10:7). Recorded as male.",1,52,"In this dataset, Sheba is described as son of Raamah (GEN 10:7). Recorded as male."
Dedan_1,Dedan,,son of Raamah (GEN 10:7),male,,"In this dataset, Dedan is described as son of Raamah (GEN 10:7). Recorded as male.",1,53,"In this dataset, Dedan is described as son of Raamah (GEN 10:7). Recorded as male."
Nimrod_1,Nimrod,,"son of Cush (GEN 10:8), a mighty hunter before the LORD (GEN 10:9)",male,,"In this dataset, Nimrod is described as son of Cush (GEN 10:8), a mighty hunter before the LORD (GEN 10:9). Recorded as male.",1,54,"In this dataset, Nimrod is described as son of Cush (GEN 10:8), a mighty hunter before the LORD (GEN 10:9). Recorded as male."
Lud_1,Lud,,son of Mizraim (GEN 10:13),male,,"In this dataset, Lud is described as son of Mizraim (GEN 10:13). Recorded as male.",1,55,"In this dataset, Lud is described as son of Mizraim (GEN 10:13). Recorded as male."
Anam_1,Anam,,son of Mizraim (GEN 10:13),male,,"In this dataset, Anam is described as son of Mizraim (GEN 10:13). Recorded as male.",1,56,"In this dataset, Anam is described as son of Mizraim (GEN 10:13). Recorded as male."
Lehab_1,Lehab,,son of Mizraim (GEN 10:13),male,,"In this dataset, Lehab is described as son of Mizraim (GEN 10:13). Recorded as male.",1,57,"In this dataset, Lehab is described as son of Mizraim (GEN 10:13). Recorded as male."
Naphtuh_1,Naphtuh,,son of Mizraim (GEN 10:13),male,,"In this dataset, Naphtuh is described as son of Mizraim (GEN 10:13). Recorded as male.",1,58,"In this dataset, Naphtuh is described as son of Mizraim (GEN 10:13). Recorded as male."
Pathrus_1,Pathrus,,son of Mizraim (GEN 10:14),male,,"In this dataset, Pathrus is described as son of Mizraim (GEN 10:14). Recorded as male.",1,59,"In this dataset, Pathrus is described as son of Mizraim (GEN 10:14). Recorded as male."
Casluh_1,Casluh,,son of Mizraim-from which come the Philistines (GEN 10:14),male,,"In this dataset, Casluh is described as son of Mizraim-from which come the Philistines (GEN 10:14). Recorded as male.",1,60,"In this dataset, Casluh is described as son of Mizraim-from which come the Philistines (GEN 10:14). Recorded as male."
Caphtor_1,Caphtor,,son of Mizraim (GEN 10:14),male,,"In this dataset, Caphtor is described as son of Mizraim (GEN 10:14). Recorded as male.",1,61,"In this dataset, Caphtor is described as son of Mizraim (GEN 10:14). Recorded as male."
Sidon_1,Sidon,,son of Canaan (GEN 10:15),male,,"In this dataset, Sidon is described as son of Canaan (GEN 10:15). Recorded as male.",1,62,"In this dataset, Sidon is described as son of Canaan (GEN 10:15). Recorded as male."
Heth_1,Heth,,son of Canaan (GEN 10:15),male,Hittite,"In this dataset, Heth is described as son of Canaan (GEN 10:15). Recorded as male; listed with tribe: Hittite.",1,63,"In this dataset, Heth is described as son of Canaan (GEN 10:15). Recorded as male; listed with tribe: Hittite."
Jebus_1,Jebus,,son of Canaan (GEN 10:15),male,Jebusite,"In this dataset, Jebus is described as son of Canaan (GEN 10:15). Recorded as male; listed with tribe: Jebusite.",1,64,"In this dataset, Jebus is described as son of Canaan (GEN 10:15). Recorded as male; listed with tribe: Jebusite."
Amor_1,Amor,,son of Canaan (GEN 10:15),male,Amorite,"In this dataset, Amor is described as son of Canaan (GEN 10:15). Recorded as male; listed with tribe: Amorite.",1,65,"In this dataset, Amor is described as son of Canaan (GEN 10:15). Recorded as male; listed with tribe: Amorite."
Girgash_1,Girgash,,son of Canaan (GEN 10:15),male,Girgashite,"In this dataset, Girgash is described as son of Canaan (GEN 10:15). Recorded as male; listed with tribe: Girgashite.",1,66,"In this dataset, Girgash is described as son of Canaan (GEN 10:15). Recorded as male; listed with tribe: Girgashite."
Hivi_1,Hivi,,son of Canaan (GEN 10:15),male,Hivites,"In this dataset, Hivi is described as son of Canaan (GEN 10:15). Recorded as male; listed with tribe: Hivites.",1,67,"In this dataset, Hivi is described as son of Canaan (GEN 10:15). Recorded as male; listed with tribe: Hivites."
Ark_1,Ark,,son of Canaan (GEN 10:15),male,Arkite,"In this dataset, Ark is described as son of Canaan (GEN 10:15). Recorded as male; listed with tribe: Arkite.",1,68,"In this dataset, Ark is described as son of Canaan (GEN 10:15). Recorded as male; listed with tribe: Arkite."
Sini_1,Sini,,son of Canaan (GEN 10:15),male,,"In this dataset, Sini is described as son of Canaan (GEN 10:15). Recorded as male.",1,69,"In this dataset, Sini is described as son of Canaan (GEN 10:15). Recorded as male."
Arvad_1,Arvad,,son of Canaan (GEN 10:15),male,,"In this dataset, Arvad is described as son of Canaan (GEN 10:15). Recorded as male.",1,70,"In this dataset, Arvad is described as son of Canaan (GEN 10:15). Recorded as male."
Zemar_1,Zemar,,son of Canaan (GEN 10:15),male,,"In this dataset, Zemar is described as son of Canaan (GEN 10:15). Recorded as male.",1,71,"In this dataset, Zemar is described as son of Canaan (GEN 10:15). Recorded as male."
Hamath_1,Hamath,,son of Canaan (GEN 10:15),male,,"In this dataset, Hamath is described as son of Canaan (GEN 10:15). Recorded as male.",1,72,"In this dataset, Hamath is described as son of Canaan (GEN 10:15). Recorded as male."
Eber_1,Eber,,"descendant of Shem (GEN 10:21), son of Shelah (GEN 10:24)",male,,"In this dataset, Eber is described as descendant of Shem (GEN 10:21), son of Shelah (GEN 10:24). Recorded as male.",1,73,"In this dataset, Eber is described as descendant of Shem (GEN 10:21), son of Shelah (GEN 10:24). Recorded as male."
Elam_1,Elam,,son of Shem (GEN 10:22),male,,"In this dataset, Elam is described as son of Shem (GEN 10:22). Recorded as male.",1,74,"In this dataset, Elam is described as son of Shem (GEN 10:22). Recorded as male."
Asshur_1,Asshur,,son of Shem (GEN 10:22),male,,"In this dataset, Asshur is described as son of Shem (GEN 10:22). Recorded as male.",1,75,"In this dataset, Asshur is described as son of Shem (GEN 10:22). Recorded as male."
Arpachshad_1,Arpachshad,,son of Shem (GEN 10:22),male,,"In this dataset, Arpachshad is described as son of Shem (GEN 10:22). Recorded as male.",1,76,"In this dataset, Arpachshad is described as son of Shem (GEN 10:22). Recorded as male."
Lud_2,Lud,,son of Shem (GEN 10:22),male,,"In this dataset, Lud is described as son of Shem (GEN 10:22). Recorded as male.",2,77,"In this dataset, Lud is described as son of Shem (GEN 10:22). Recorded as male."
Aram_1,Aram,,son of Shem (GEN 10:22),male,,"In this dataset, Aram is described as son of Shem (GEN 10:22). Recorded as male.",1,78,"In this dataset, Aram is described as son of Shem (GEN 10:22). Recorded as male."
Uz_1,Uz,,son of Aram (GEN 10:23),male,,"In this dataset, Uz is described as son of Aram (GEN 10:23). Recorded as male.",1,79,"In this dataset, Uz is described as son of Aram (GEN 10:23). Recorded as male."
Hul_1,Hul,,son of Aram (GEN 10:23),male,,"In this dataset, Hul is described as son of Aram (GEN 10:23). Recorded as male.",1,80,"In this dataset, Hul is described as son of Aram (GEN 10:23). Recorded as male."
Gether_1,Gether,,son of Aram (GEN 10:23),male,,"In this dataset, Gether is described as son of Aram (GEN 10:23). Recorded as male.",1,81,"In this dataset, Gether is described as son of Aram (GEN 10:23). Recorded as male."
Mash_1,Mash,,son of Aram (GEN 10:23),male,,"In this dataset, Mash is described as son of Aram (GEN 10:23). Recorded as male.",1,82,"In this dataset, Mash is described as son of Aram (GEN 10:23). Recorded as male."
Shelah_1,Shelah,,"son of Arpachshad (GEN 10:24, GEN 11:12)",male,,"In this dataset, Shelah is described as son of Arpachshad (GEN 10:24, GEN 11:12). Recorded as male.",1,83,"In this dataset, Shelah is described as son of Arpachshad (GEN 10:24, GEN 11:12). Recorded as male."
Peleg_1,Peleg,,"son of Eber, in his days the earth was divided (GEN 10:25)",male,,"In this dataset, Peleg is described as son of Eber, in his days the earth was divided (GEN 10:25). Recorded as male.",1,84,"In this dataset, Peleg is described as son of Eber, in his days the earth was divided (GEN 10:25). Recorded as male."
Joktan_1,Joktan,,son of Eber (GEN 10:25),male,,"In this dataset, Joktan is described as son of Eber (GEN 10:25). Recorded as male.",1,85,"In this dataset, Joktan is described as son of Eber (GEN 10:25). Recorded as male."
Almodad_1,Almodad,,son of Joktan (GEN 10:26),male,,"In this dataset, Almodad is described as son of Joktan (GEN 10:26). Recorded as male.",1,86,"In this dataset, Almodad is described as son of Joktan (GEN 10:26). Recorded as male."
Sheleph_1,Sheleph,,son of Joktan (GEN 10:26),male,,"In this dataset, Sheleph is described as son of Joktan (GEN 10:26). Recorded as male.",1,87,"In this dataset, Sheleph is described as son of Joktan (GEN 10:26). Recorded as male."
Hazarmaveth_1,Hazarmaveth,,son of Joktan (GEN 10:26),male,,"In this dataset, Hazarmaveth is described as son of Joktan (GEN 10:26). Recorded as male.",1,88,"In this dataset, Hazarmaveth is described as son of Joktan (GEN 10:26). Recorded as male."
Jerah_1,Jerah,,son of Joktan (GEN 10:26),male,,"In this dataset, Jerah is described as son of Joktan (GEN 10:26). Recorded as male.",1,89,"In this dataset, Jerah is described as son of Joktan (GEN 10:26). Recorded as male."
Hadoram_1,Hadoram,,son of Joktan (GEN 10:27),male,,"In this dataset, Hadoram is described as son of Joktan (GEN 10:27). Recorded as male.",1,90,"In this dataset, Hadoram is described as son of Joktan (GEN 10:27). Recorded as male."
Uzal_1,Uzal,,son of Joktan (GEN 10:27),male,,"In this dataset, Uzal is described as son of Joktan (GEN 10:27). Recorded as male.",1,91,"In this dataset, Uzal is described as son of Joktan (GEN 10:27). Recorded as male."
Diklah_1,Diklah,,son of Joktan (GEN 10:27),male,,"In this dataset, Diklah is described as son of Joktan (GEN 10:27). Recorded as male.",1,92,"In this dataset, Diklah is described as son of Joktan (GEN 10:27). Recorded as male."
Obal_1,Obal,,son of Joktan (GEN 10:28),male,,"In this dataset, Obal is described as son of Joktan (GEN 10:28). Recorded as male.",1,93,"In this dataset, Obal is described as son of Joktan (GEN 10:28). Recorded as male."
Abimael_1,Abimael,,son of Joktan (GEN 10:28),male,,"In this dataset, Abimael is described as son of Joktan (GEN 10:28). Recorded as male.",1,94,"In this dataset, Abimael is described as son of Joktan (GEN 10:28). Recorded as male."
Sheba_2,Sheba,,son of Joktan (GEN 10:28),male,,"In this dataset, Sheba is described as son of Joktan (GEN 10:28). Recorded as male.",2,95,"In this dataset, Sheba is described as son of Joktan (GEN 10:28). Recorded as male."
Ophir_1,Ophir,,son of Joktan (GEN 10:29),male,,"In this dataset, Ophir is described as son of Joktan (GEN 10:29). Recorded as male.",1,96,"In this dataset, Ophir is described as son of Joktan (GEN 10:29). Recorded as male."
Havilah_2,Havilah,,son of Joktan (GEN 10:29),male,,"In this dataset, Havilah is described as son of Joktan (GEN 10:29). Recorded as male.",2,97,"In this dataset, Havilah is described as son of Joktan (GEN 10:29). Recorded as male."
Jobab_1,Jobab,,son of Joktan (GEN 10:29),male,,"In this dataset, Jobab is described as son of Joktan (GEN 10:29). Recorded as male.",1,98,"In this dataset, Jobab is described as son of Joktan (GEN 10:29). Recorded as male."
Reu_1,Reu,,son of Peleg (GEN 11:19),male,,"In this dataset, Reu is described as son of Peleg (GEN 11:19). Recorded as male.",1,99,"In this dataset, Reu is described as son of Peleg (GEN 11:19). Recorded as male."
Serug_1,Serug,,son of Reu (GEN 11:20),male,,"In this dataset, Serug is described as son of Reu (GEN 11:20). Recorded as male.",1,100,"In this dataset, Serug is described as son of Reu (GEN 11:20). Recorded as male."
Nahor_1,Nahor,,son of Serug (GEN 11:22),male,,"In this dataset, Nahor is described as son of Serug (GEN 11:22). Recorded as male.",1,101,"In this dataset, Nahor is described as son of Serug (GEN 11:22). Recorded as male."
Terah_1,Terah,,son of Nahor(GEN 11:24),male,,"In this dataset, Terah is described as son of Nahor(GEN 11:24). Recorded as male.",1,102,"In this dataset, Terah is described as son of Nahor(GEN 11:24). Recorded as male."
Abram_1,Abram,,son of Terah (GEN 11:26),male,,"In this dataset, Abram is described as son of Terah (GEN 11:26). Recorded as male.",1,103,"In this dataset, Abram is described as son of Terah (GEN 11:26). Recorded as male."
Nahor_2,Nahor,,son of Terah (GEN 11:26),male,,"In this dataset, Nahor is described as son of Terah (GEN 11:26). Recorded as male.",2,104,"In this dataset, Nahor is described as son of Terah (GEN 11:26). Recorded as male."
Haran_1,Haran,,son of Terah (GEN 11:26),male,,"In this dataset, Haran is described as son of Terah (GEN 11:26). Recorded as male.",1,105,"In this dataset, Haran is described as son of Terah (GEN 11:26). Recorded as male."
Lot_1,Lot,,"son of Haran (GEN 11:27), nephew of Abram (GEN 12:5)",male,,"In this dataset, Lot is described as son of Haran (GEN 11:27), nephew of Abram (GEN 12:5). Recorded as male.",1,106,"In this dataset, Lot is described as son of Haran (GEN 11:27), nephew of Abram (GEN 12:5). Recorded as male."
Sarai_1,Sarai,,Abram's wife (11:29),female,,"In this dataset, Sarai is described as Abram's wife (11:29). Recorded as female.",1,107,"In this dataset, Sarai is described as Abram's wife (11:29). Recorded as female."
Milcah_1,Milcah,,"Nahor's wife (and niece), the daughter of Haran (GEN 11:29)",female,,"In this dataset, Milcah is described as Nahor's wife (and niece), the daughter of Haran (GEN 11:29). Recorded as female.",1,108,"In this dataset, Milcah is described as Nahor's wife (and niece), the daughter of Haran (GEN 11:29). Recorded as female."
Iscah_1,Iscah,,daughter of Haran (GEN 11:29),female,,"In this dataset, Iscah is described as daughter of Haran (GEN 11:29). Recorded as female.",1,109,"In this dataset, Iscah is described as daughter of Haran (GEN 11:29). Recorded as female."
Pharaoh_1,Pharaoh,,who took Sarai (GEN 12:15),male,,"In this dataset, Pharaoh is described as who took Sarai (GEN 12:15). Recorded as male.",1,110,"In this dataset, Pharaoh is described as who took Sarai (GEN 12:15). Recorded as male."
Amraphel_1,Amraphel,,King of Shinar (GEN 14:1),male,,"In this dataset, Amraphel is described as King of Shinar (GEN 14:1). Recorded as male.",1,111,"In this dataset, Amraphel is described as King of Shinar (GEN 14:1). Recorded as male."
Arioch_1,Arioch,,King of Ellasar (GEN 14:1),male,,"In this dataset, Arioch is described as King of Ellasar (GEN 14:1). Recorded as male.",1,112,"In this dataset, Arioch is described as King of Ellasar (GEN 14:1). Recorded as male."
Chedorlaomer_1,Chedorlaomer,,King of Elam (GEN 14:1),male,,"In this dataset, Chedorlaomer is described as King of Elam (GEN 14:1). Recorded as male.",1,113,"In this dataset, Chedorlaomer is described as King of Elam (GEN 14:1). Recorded as male."
Tidal_1,Tidal,,King of Goiim (GEN 14:1),male,,"In this dataset, Tidal is described as King of Goiim (GEN 14:1). Recorded as male.",1,114,"In this dataset, Tidal is described as King of Goiim (GEN 14:1). Recorded as male."
Bera_1,Bera,,King of Sodom (GEN 14:2),male,,"In this dataset, Bera is described as King of Sodom (GEN 14:2). Recorded as male.",1,115,"In this dataset, Bera is described as King of Sodom (GEN 14:2). Recorded as male."
Birsha_1,Birsha,,King of Gomorrah (GEN 14:2),male,,"In this dataset, Birsha is described as King of Gomorrah (GEN 14:2). Recorded as male.",1,116,"In this dataset, Birsha is described as King of Gomorrah (GEN 14:2). Recorded as male."
Shinab_1,Shinab,,King of Admah (GEN 14:2),male,,"In this dataset, Shinab is described as King of Admah (GEN 14:2). Recorded as male.",1,117,"In this dataset, Shinab is described as King of Admah (GEN 14:2). Recorded as male."
Shemeber_1,Shemeber,,King of Zeboiim (GEN 14:2),male,,"In this dataset, Shemeber is described as King of Zeboiim (GEN 14:2). Recorded as male.",1,118,"In this dataset, Shemeber is described as King of Zeboiim (GEN 14:2). Recorded as male."
King of Bela_1,King of Bela,,"King of Bela (that is, Zoar) (GEN 14:2)",male,,"In this dataset, King of Bela is described as King of Bela (that is, Zoar) (GEN 14:2). Recorded as male.",1,119,"In this dataset, King of Bela is described as King of Bela (that is, Zoar) (GEN 14:2). Recorded as male."
Mamre_1,Mamre,,the Amorite (GEN 14:13),male,Amorite,"In this dataset, Mamre is described as the Amorite (GEN 14:13). Recorded as male; listed with tribe: Amorite.",1,120,"In this dataset, Mamre is described as the Amorite (GEN 14:13). Recorded as male; listed with tribe: Amorite."
Eshcol_1,Eshcol,,the Amorite (GEN 14:13),male,Amorite,"In this dataset, Eshcol is described as the Amorite (GEN 14:13). Recorded as male; listed with tribe: Amorite.",1,121,"In this dataset, Eshcol is described as the Amorite (GEN 14:13). Recorded as male; listed with tribe: Amorite."
Aner_1,Aner,,the Amorite (GEN 14:13),male,Amorite,"In this dataset, Aner is described as the Amorite (GEN 14:13). Recorded as male; listed with tribe: Amorite.",1,122,"In this dataset, Aner is described as the Amorite (GEN 14:13). Recorded as male; listed with tribe: Amorite."
Melchizedek_1,Melchizedek,,"King of Salem, a priest of G-d Most High (GEN 14:18)",male,,"In this dataset, Melchizedek is described as King of Salem, a priest of G-d Most High (GEN 14:18). Recorded as male.",1,123,"In this dataset, Melchizedek is described as King of Salem, a priest of G-d Most High (GEN 14:18). Recorded as male."
Eliezer_1,Eliezer,,of Damascus (GEN 15:2),male,,"In this dataset, Eliezer is described as of Damascus (GEN 15:2). Recorded as male.",1,124,"In this dataset, Eliezer is described as of Damascus (GEN 15:2). Recorded as male."
Hagar_1,Hagar,,the Egyptian servant of Sarai (GEN 16:1),female,,"In this dataset, Hagar is described as the Egyptian servant of Sarai (GEN 16:1). Recorded as female.",1,125,"In this dataset, Hagar is described as the Egyptian servant of Sarai (GEN 16:1). Recorded as female."
the angel of the LORD_1,the angel of the LORD,,"definite article ""the"" angel (GEN 16:7, GEN 22:11, EXO 3:2, NUM 22:22, JDG 2:1, etc.)",male,,"In this dataset, the angel of the LORD is described as definite article ""the"" angel (GEN 16:7, GEN 22:11, EXO 3:2, NUM 22:22, JDG 2:1, etc.). Recorded as male.",1,126,"In this dataset, the angel of the LORD is described as definite article ""the"" angel (GEN 16:7, GEN 22:11, EXO 3:2, NUM 22:22, JDG 2:1, etc.). Recorded as male."
Ishmael_1,Ishmael,,son of Abram and Hagar (GEN 16:15),male,,"In this dataset, Ishmael is described as son of Abram and Hagar (GEN 16:15). Recorded as male.",1,127,"In this dataset, Ishmael is described as son of Abram and Hagar (GEN 16:15). Recorded as male."
Isaac_1,Isaac,,son of Abraham and Sarah (GEN 17:21),male,,"In this dataset, Isaac is described as son of Abraham and Sarah (GEN 17:21). Recorded as male.",1,128,"In this dataset, Isaac is described as son of Abraham and Sarah (GEN 17:21). Recorded as male."
Wife of Lot_1,Wife of Lot,,became a pillar (not a statue) of salt (GEN 19:26),female,,"In this dataset, Wife of Lot is described as became a pillar (not a statue) of salt (GEN 19:26). Recorded as female.",1,129,"In this dataset, Wife of Lot is described as became a pillar (not a statue) of salt (GEN 19:26). Recorded as female."
Firstborn of Lot_1,Firstborn of Lot,,mother of Moab (GEN 19:37),female,,"In this dataset, Firstborn of Lot is described as mother of Moab (GEN 19:37). Recorded as female.",1,130,"In this dataset, Firstborn of Lot is described as mother of Moab (GEN 19:37). Recorded as female."
Younger of Lot_1,Younger of Lot,,mother of Ben-ammi (GEN 19:38),female,,"In this dataset, Younger of Lot is described as mother of Ben-ammi (GEN 19:38). Recorded as female.",1,131,"In this dataset, Younger of Lot is described as mother of Ben-ammi (GEN 19:38). Recorded as female."
Moab_1,Moab,,son of Lot and forebear of the Moabites (GEN 19:37),male,Moabite,"In this dataset, Moab is described as son of Lot and forebear of the Moabites (GEN 19:37). Recorded as male; listed with tribe: Moabite.",1,132,"In this dataset, Moab is described as son of Lot and forebear of the Moabites (GEN 19:37). Recorded as male; listed with tribe: Moabite."
Ben-ammi_1,Ben-ammi,,son of Lot and forebear of the Ammonites (GEN 19:38),male,Ammonite,"In this dataset, Ben-ammi is described as son of Lot and forebear of the Ammonites (GEN 19:38). Recorded as male; listed with tribe: Ammonite.",1,133,"In this dataset, Ben-ammi is described as son of Lot and forebear of the Ammonites (GEN 19:38). Recorded as male; listed with tribe: Ammonite."
Abimelech_1,Abimelech,,King of Gerar who took Sarah (GEN 20:2),male,,"In this dataset, Abimelech is described as King of Gerar who took Sarah (GEN 20:2). Recorded as male.",1,134,"In this dataset, Abimelech is described as King of Gerar who took Sarah (GEN 20:2). Recorded as male."
Phicol_1,Phicol,,commander of Abimelech's army (GEN 21:22),male,,"In this dataset, Phicol is described as commander of Abimelech's army (GEN 21:22). Recorded as male.",1,135,"In this dataset, Phicol is described as commander of Abimelech's army (GEN 21:22). Recorded as male."
Uz_2,Uz,,son of Nahor (GEN 22:20-21),male,,"In this dataset, Uz is described as son of Nahor (GEN 22:20-21). Recorded as male.",2,136,"In this dataset, Uz is described as son of Nahor (GEN 22:20-21). Recorded as male."
Buz_1,Buz,,son of Nahor (GEN 22:20-21),male,,"In this dataset, Buz is described as son of Nahor (GEN 22:20-21). Recorded as male.",1,137,"In this dataset, Buz is described as son of Nahor (GEN 22:20-21). Recorded as male."
Kemuel_1,Kemuel,,son of Nahor (GEN 22:20-21),male,,"In this dataset, Kemuel is described as son of Nahor (GEN 22:20-21). Recorded as male.",1,138,"In this dataset, Kemuel is described as son of Nahor (GEN 22:20-21). Recorded as male."
Aram_2,Aram,,son of Kemuel (GEN 22:21),male,,"In this dataset, Aram is described as son of Kemuel (GEN 22:21). Recorded as male.",2,139,"In this dataset, Aram is described as son of Kemuel (GEN 22:21). Recorded as male."
Chesed_1,Chesed,,son of Nahor (GEN 22:22),male,,"In this dataset, Chesed is described as son of Nahor (GEN 22:22). Recorded as male.",1,140,"In this dataset, Chesed is described as son of Nahor (GEN 22:22). Recorded as male."
Hazo_1,Hazo,,son of Nahor (GEN 22:22),male,,"In this dataset, Hazo is described as son of Nahor (GEN 22:22). Recorded as male.",1,141,"In this dataset, Hazo is described as son of Nahor (GEN 22:22). Recorded as male."
Pildash_1,Pildash,,son of Nahor (GEN 22:22),male,,"In this dataset, Pildash is described as son of Nahor (GEN 22:22). Recorded as male.",1,142,"In this dataset, Pildash is described as son of Nahor (GEN 22:22). Recorded as male."
Jidlaph_1,Jidlaph,,son of Nahor (GEN 22:22),male,,"In this dataset, Jidlaph is described as son of Nahor (GEN 22:22). Recorded as male.",1,143,"In this dataset, Jidlaph is described as son of Nahor (GEN 22:22). Recorded as male."
Bethuel_1,Bethuel,,"son of Nahor via his wife, Milcah (GEN 22:22)",male,,"In this dataset, Bethuel is described as son of Nahor via his wife, Milcah (GEN 22:22). Recorded as male.",1,144,"In this dataset, Bethuel is described as son of Nahor via his wife, Milcah (GEN 22:22). Recorded as male."
Rebekah_1,Rebekah,,"daughter of Bethuel, grandaughter of Nahor (GEN 22:23)",female,,"In this dataset, Rebekah is described as daughter of Bethuel, grandaughter of Nahor (GEN 22:23). Recorded as female.",1,145,"In this dataset, Rebekah is described as daughter of Bethuel, grandaughter of Nahor (GEN 22:23). Recorded as female."
Reumah_1,Reumah,,concubine of Nahor (GEN 22:24),female,,"In this dataset, Reumah is described as concubine of Nahor (GEN 22:24). Recorded as female.",1,146,"In this dataset, Reumah is described as concubine of Nahor (GEN 22:24). Recorded as female."
Tebah_1,Tebah,,"son of Nahor via his concubine, Reumah (GEN 22:24)",male,,"In this dataset, Tebah is described as son of Nahor via his concubine, Reumah (GEN 22:24). Recorded as male.",1,147,"In this dataset, Tebah is described as son of Nahor via his concubine, Reumah (GEN 22:24). Recorded as male."
Gaham_1,Gaham,,"son of Nahor via his concubine, Reumah (GEN 22:24)",male,,"In this dataset, Gaham is described as son of Nahor via his concubine, Reumah (GEN 22:24). Recorded as male.",1,148,"In this dataset, Gaham is described as son of Nahor via his concubine, Reumah (GEN 22:24). Recorded as male."
Tahash_1,Tahash,,"son of Nahor via his concubine, Reumah (GEN 22:24)",male,,"In this dataset, Tahash is described as son of Nahor via his concubine, Reumah (GEN 22:24). Recorded as male.",1,149,"In this dataset, Tahash is described as son of Nahor via his concubine, Reumah (GEN 22:24). Recorded as male."
Maacah_1,Maacah,,"son of Nahor via his concubine, Reumah (GEN 22:24)",male,,"In this dataset, Maacah is described as son of Nahor via his concubine, Reumah (GEN 22:24). Recorded as male.",1,150,"In this dataset, Maacah is described as son of Nahor via his concubine, Reumah (GEN 22:24). Recorded as male."
Zohar_1,Zohar,,father of Ephron who sold the cave at Machpelah to Abraham (GEN 23:8),male,Hittite,"In this dataset, Zohar is described as father of Ephron who sold the cave at Machpelah to Abraham (GEN 23:8). Recorded as male; listed with tribe: Hittite.",1,151,"In this dataset, Zohar is described as father of Ephron who sold the cave at Machpelah to Abraham (GEN 23:8). Recorded as male; listed with tribe: Hittite."
Ephron_1,Ephron,,sold the cave at Machpelah to Abraham (GEN 23:16),male,Hittite,"In this dataset, Ephron is described as sold the cave at Machpelah to Abraham (GEN 23:16). Recorded as male; listed with tribe: Hittite.",1,152,"In this dataset, Ephron is described as sold the cave at Machpelah to Abraham (GEN 23:16). Recorded as male; listed with tribe: Hittite."
Laban_1,Laban,,brother of Rebekah (GEN 24:29),male,,"In this dataset, Laban is described as brother of Rebekah (GEN 24:29). Recorded as male.",1,153,"In this dataset, Laban is described as brother of Rebekah (GEN 24:29). Recorded as male."
Keturah_1,Keturah,,Abraham's second wife after Sarah died (GEN 25:1),female,,"In this dataset, Keturah is described as Abraham's second wife after Sarah died (GEN 25:1). Recorded as female.",1,154,"In this dataset, Keturah is described as Abraham's second wife after Sarah died (GEN 25:1). Recorded as female."
Zimran_1,Zimran,,son of Abraham through Keturah (GEN 25:2),male,,"In this dataset, Zimran is described as son of Abraham through Keturah (GEN 25:2). Recorded as male.",1,155,"In this dataset, Zimran is described as son of Abraham through Keturah (GEN 25:2). Recorded as male."
Jokshan_1,Jokshan,,son of Abraham through Keturah (GEN 25:2),male,,"In this dataset, Jokshan is described as son of Abraham through Keturah (GEN 25:2). Recorded as male.",1,156,"In this dataset, Jokshan is described as son of Abraham through Keturah (GEN 25:2). Recorded as male."
Medan_1,Medan,,son of Abraham through Keturah (GEN 25:2),male,,"In this dataset, Medan is described as son of Abraham through Keturah (GEN 25:2). Recorded as male.",1,157,"In this dataset, Medan is described as son of Abraham through Keturah (GEN 25:2). Recorded as male."
Midian_1,Midian,,son of Abraham through Keturah (GEN 25:2),male,,"In this dataset, Midian is described as son of Abraham through Keturah (GEN 25:2). Recorded as male.",1,158,"In this dataset, Midian is described as son of Abraham through Keturah (GEN 25:2). Recorded as male."
Ishbak_1,Ishbak,,son of Abraham through Keturah (GEN 25:2),male,,"In this dataset, Ishbak is described as son of Abraham through Keturah (GEN 25:2). Recorded as male.",1,159,"In this dataset, Ishbak is described as son of Abraham through Keturah (GEN 25:2). Recorded as male."
Shuah_1,Shuah,,son of Abraham through Keturah (GEN 25:2),male,,"In this dataset, Shuah is described as son of Abraham through Keturah (GEN 25:2). Recorded as male.",1,160,"In this dataset, Shuah is described as son of Abraham through Keturah (GEN 25:2). Recorded as male."
Sheba_3,Sheba,,son of Jokshan (GEN 25:3),male,,"In this dataset, Sheba is described as son of Jokshan (GEN 25:3). Recorded as male.",3,161,"In this dataset, Sheba is described as son of Jokshan (GEN 25:3). Recorded as male."
Dedan_2,Dedan,,son of Jokshan (GEN 25:3),male,,"In this dataset, Dedan is described as son of Jokshan (GEN 25:3). Recorded as male.",2,162,"In this dataset, Dedan is described as son of Jokshan (GEN 25:3). Recorded as male."
Asshur_2,Asshur,,son of Dedan (GEN 25:3),male,,"In this dataset, Asshur is described as son of Dedan (GEN 25:3). Recorded as male.",2,163,"In this dataset, Asshur is described as son of Dedan (GEN 25:3). Recorded as male."
Letush_1,Letush,,son of Dedan (GEN 25:3),male,,"In this dataset, Letush is described as son of Dedan (GEN 25:3). Recorded as male.",1,164,"In this dataset, Letush is described as son of Dedan (GEN 25:3). Recorded as male."
Leum_1,Leum,,son of Dedan (GEN 25:3),male,,"In this dataset, Leum is described as son of Dedan (GEN 25:3). Recorded as male.",1,165,"In this dataset, Leum is described as son of Dedan (GEN 25:3). Recorded as male."
Ephah_1,Ephah,,son of Midian and grandson of Abraham through Keturah (GEN 25:4),male,,"In this dataset, Ephah is described as son of Midian and grandson of Abraham through Keturah (GEN 25:4). Recorded as male.",1,166,"In this dataset, Ephah is described as son of Midian and grandson of Abraham through Keturah (GEN 25:4). Recorded as male."
Epher_1,Epher,,son of Midian and grandson of Abraham through Keturah (GEN 25:4),male,,"In this dataset, Epher is described as son of Midian and grandson of Abraham through Keturah (GEN 25:4). Recorded as male.",1,167,"In this dataset, Epher is described as son of Midian and grandson of Abraham through Keturah (GEN 25:4). Recorded as male."
Hanoch_1,Hanoch,,son of Midian and grandson of Abraham through Keturah (GEN 25:4),male,,"In this dataset, Hanoch is described as son of Midian and grandson of Abraham through Keturah (GEN 25:4). Recorded as male.",1,168,"In this dataset, Hanoch is described as son of Midian and grandson of Abraham through Keturah (GEN 25:4). Recorded as male."
Abida_1,Abida,,son of Midian and grandson of Abraham through Keturah (GEN 25:4),male,,"In this dataset, Abida is described as son of Midian and grandson of Abraham through Keturah (GEN 25:4). Recorded as male.",1,169,"In this dataset, Abida is described as son of Midian and grandson of Abraham through Keturah (GEN 25:4). Recorded as male."
Eldaah_1,Eldaah,,son of Midian and grandson of Abraham through Keturah (GEN 25:4),male,,"In this dataset, Eldaah is described as son of Midian and grandson of Abraham through Keturah (GEN 25:4). Recorded as male.",1,170,"In this dataset, Eldaah is described as son of Midian and grandson of Abraham through Keturah (GEN 25:4). Recorded as male."
Nebaioth_1,Nebaioth,,firstborn son of Ishmael (GEN 25:13),male,Nebaioth,"In this dataset, Nebaioth is described as firstborn son of Ishmael (GEN 25:13). Recorded as male; listed with tribe: Nebaioth.",1,171,"In this dataset, Nebaioth is described as firstborn son of Ishmael (GEN 25:13). Recorded as male; listed with tribe: Nebaioth."
Kedar_1,Kedar,,second-born son of Ishmael (GEN 25:13),male,Kedar,"In this dataset, Kedar is described as second-born son of Ishmael (GEN 25:13). Recorded as male; listed with tribe: Kedar.",1,172,"In this dataset, Kedar is described as second-born son of Ishmael (GEN 25:13). Recorded as male; listed with tribe: Kedar."
Adbeel_1,Adbeel,,third-born son of Ishmael (GEN 25:13),male,Adbeel,"In this dataset, Adbeel is described as third-born son of Ishmael (GEN 25:13). Recorded as male; listed with tribe: Adbeel.",1,173,"In this dataset, Adbeel is described as third-born son of Ishmael (GEN 25:13). Recorded as male; listed with tribe: Adbeel."
Mibsam_1,Mibsam,,fourth-born son of Ishmael (GEN 25:13),male,Mibsam,"In this dataset, Mibsam is described as fourth-born son of Ishmael (GEN 25:13). Recorded as male; listed with tribe: Mibsam.",1,174,"In this dataset, Mibsam is described as fourth-born son of Ishmael (GEN 25:13). Recorded as male; listed with tribe: Mibsam."
Mishma_1,Mishma,,fifth-born son of Ishmael (GEN 25:14),male,Mishma,"In this dataset, Mishma is described as fifth-born son of Ishmael (GEN 25:14). Recorded as male; listed with tribe: Mishma.",1,175,"In this dataset, Mishma is described as fifth-born son of Ishmael (GEN 25:14). Recorded as male; listed with tribe: Mishma."
Dumah_1,Dumah,,sixth-born son of Ishmael (GEN 25:14),male,Dumah,"In this dataset, Dumah is described as sixth-born son of Ishmael (GEN 25:14). Recorded as male; listed with tribe: Dumah.",1,176,"In this dataset, Dumah is described as sixth-born son of Ishmael (GEN 25:14). Recorded as male; listed with tribe: Dumah."
Massa_1,Massa,,seventh-born son of Ishmael (GEN 25:14),male,Massa,"In this dataset, Massa is described as seventh-born son of Ishmael (GEN 25:14). Recorded as male; listed with tribe: Massa.",1,177,"In this dataset, Massa is described as seventh-born son of Ishmael (GEN 25:14). Recorded as male; listed with tribe: Massa."
Hadad_1,Hadad,,eighth-born son of Ishmael (GEN 25:15),male,Hadad,"In this dataset, Hadad is described as eighth-born son of Ishmael (GEN 25:15). Recorded as male; listed with tribe: Hadad.",1,178,"In this dataset, Hadad is described as eighth-born son of Ishmael (GEN 25:15). Recorded as male; listed with tribe: Hadad."
Tema_1,Tema,,ninth-born son of Ishmael (GEN 25:15),male,Tema,"In this dataset, Tema is described as ninth-born son of Ishmael (GEN 25:15). Recorded as male; listed with tribe: Tema.",1,179,"In this dataset, Tema is described as ninth-born son of Ishmael (GEN 25:15). Recorded as male; listed with tribe: Tema."
Jetur_1,Jetur,,tenth-born son of Ishmael (GEN 25:15),male,Jetur,"In this dataset, Jetur is described as tenth-born son of Ishmael (GEN 25:15). Recorded as male; listed with tribe: Jetur.",1,180,"In this dataset, Jetur is described as tenth-born son of Ishmael (GEN 25:15). Recorded as male; listed with tribe: Jetur."
Naphish_1,Naphish,,eleventh-born son of Ishmael (GEN 25:15),male,Naphish,"In this dataset, Naphish is described as eleventh-born son of Ishmael (GEN 25:15). Recorded as male; listed with tribe: Naphish.",1,181,"In this dataset, Naphish is described as eleventh-born son of Ishmael (GEN 25:15). Recorded as male; listed with tribe: Naphish."
Kedemah_1,Kedemah,,twelfth-born son of Ishmael (GEN 25:15),male,Kedemah,"In this dataset, Kedemah is described as twelfth-born son of Ishmael (GEN 25:15). Recorded as male; listed with tribe: Kedemah.",1,182,"In this dataset, Kedemah is described as twelfth-born son of Ishmael (GEN 25:15). Recorded as male; listed with tribe: Kedemah."
Esau_1,Esau,,firstborn son of Isaac (GEN 25:25-26),male,,"In this dataset, Esau is described as firstborn son of Isaac (GEN 25:25-26). Recorded as male.",1,183,"In this dataset, Esau is described as firstborn son of Isaac (GEN 25:25-26). Recorded as male."
Jacob_1,Jacob,,second-born son of Isaac (GEN 25:25-26),male,,"In this dataset, Jacob is described as second-born son of Isaac (GEN 25:25-26). Recorded as male.",1,184,"In this dataset, Jacob is described as second-born son of Isaac (GEN 25:25-26). Recorded as male."
Ahuzzath_1,Ahuzzath,,adviser to Abimelech (GEN 26:26),male,,"In this dataset, Ahuzzath is described as adviser to Abimelech (GEN 26:26). Recorded as male.",1,185,"In this dataset, Ahuzzath is described as adviser to Abimelech (GEN 26:26). Recorded as male."
Judith_1,Judith,,"daughter of Beeri the Hittite, and wife of Esau (GEN 26:34)",female,Hittite,"In this dataset, Judith is described as daughter of Beeri the Hittite, and wife of Esau (GEN 26:34). Recorded as female; listed with tribe: Hittite.",1,186,"In this dataset, Judith is described as daughter of Beeri the Hittite, and wife of Esau (GEN 26:34). Recorded as female; listed with tribe: Hittite."
Beeri_1,Beeri,,"the Hittite (GEN 26:34), also called Anah (GEN 36:2)",male,Hittite,"In this dataset, Beeri is described as the Hittite (GEN 26:34), also called Anah (GEN 36:2). Recorded as male; listed with tribe: Hittite.",1,187,"In this dataset, Beeri is described as the Hittite (GEN 26:34), also called Anah (GEN 36:2). Recorded as male; listed with tribe: Hittite."
Basemath_1,Basemath,,"daughter of Elon the Hittite, and wife of Esau (GEN 26:34)",female,Hittite,"In this dataset, Basemath is described as daughter of Elon the Hittite, and wife of Esau (GEN 26:34). Recorded as female; listed with tribe: Hittite.",1,188,"In this dataset, Basemath is described as daughter of Elon the Hittite, and wife of Esau (GEN 26:34). Recorded as female; listed with tribe: Hittite."
Elon_1,Elon,,"the Hittite, father of Basemath, Esau's wife (GEN 26:34)",male,Hittite,"In this dataset, Elon is described as the Hittite, father of Basemath, Esau's wife (GEN 26:34). Recorded as male; listed with tribe: Hittite.",1,189,"In this dataset, Elon is described as the Hittite, father of Basemath, Esau's wife (GEN 26:34). Recorded as male; listed with tribe: Hittite."
Mahalath_1,Mahalath,,"daughter of Ishmael, sister of Nebaioth, and wife of Esau (GEN 28:9)",female,,"In this dataset, Mahalath is described as daughter of Ishmael, sister of Nebaioth, and wife of Esau (GEN 28:9). Recorded as female.",1,190,"In this dataset, Mahalath is described as daughter of Ishmael, sister of Nebaioth, and wife of Esau (GEN 28:9). Recorded as female."
Rachel_1,Rachel,,daughter of Laban (GEN 29:10) and wife of Jacob (GEN 29:28),female,,"In this dataset, Rachel is described as daughter of Laban (GEN 29:10) and wife of Jacob (GEN 29:28). Recorded as female.",1,191,"In this dataset, Rachel is described as daughter of Laban (GEN 29:10) and wife of Jacob (GEN 29:28). Recorded as female."
Leah_1,Leah,,daughter of Laban (GEN 29:16) and wife of Jacob (GEN 29:23),female,,"In this dataset, Leah is described as daughter of Laban (GEN 29:16) and wife of Jacob (GEN 29:23). Recorded as female.",1,192,"In this dataset, Leah is described as daughter of Laban (GEN 29:16) and wife of Jacob (GEN 29:23). Recorded as female."
Zilpah_1,Zilpah,,maid of Laban given to Leah (GEN 29:24) and wife of Jacob (GEN 30:9),female,,"In this dataset, Zilpah is described as maid of Laban given to Leah (GEN 29:24) and wife of Jacob (GEN 30:9). Recorded as female.",1,193,"In this dataset, Zilpah is described as maid of Laban given to Leah (GEN 29:24) and wife of Jacob (GEN 30:9). Recorded as female."
Bilhah_1,Bilhah,,maid of Laban given to Rachel (GEN 29:29) and wife of Jacob (GEN 30:4),female,,"In this dataset, Bilhah is described as maid of Laban given to Rachel (GEN 29:29) and wife of Jacob (GEN 30:4). Recorded as female.",1,194,"In this dataset, Bilhah is described as maid of Laban given to Rachel (GEN 29:29) and wife of Jacob (GEN 30:4). Recorded as female."
Reuben_1,Reuben,,"firstborn son of Jacob (GEN 29:32), son of Leah",male,Reuben,"In this dataset, Reuben is described as firstborn son of Jacob (GEN 29:32), son of Leah. Recorded as male; listed with tribe: Reuben.",1,195,"In this dataset, Reuben is described as firstborn son of Jacob (GEN 29:32), son of Leah. Recorded as male; listed with tribe: Reuben."
Simeon_1,Simeon,,"second-born son of Jacob (GEN 29:33), son of Leah",male,Simeon,"In this dataset, Simeon is described as second-born son of Jacob (GEN 29:33), son of Leah. Recorded as male; listed with tribe: Simeon.",1,196,"In this dataset, Simeon is described as second-born son of Jacob (GEN 29:33), son of Leah. Recorded as male; listed with tribe: Simeon."
Levi_1,Levi,,"third-born son of Jacob (GEN 29:34), son of Leah",male,Levi,"In this dataset, Levi is described as third-born son of Jacob (GEN 29:34), son of Leah. Recorded as male; listed with tribe: Levi.",1,197,"In this dataset, Levi is described as third-born son of Jacob (GEN 29:34), son of Leah. Recorded as male; listed with tribe: Levi."
Judah_1,Judah,,"fourth-born son of Jacob (GEN 29:35), son of Leah",male,Judah,"In this dataset, Judah is described as fourth-born son of Jacob (GEN 29:35), son of Leah. Recorded as male; listed with tribe: Judah.",1,198,"In this dataset, Judah is described as fourth-born son of Jacob (GEN 29:35), son of Leah. Recorded as male; listed with tribe: Judah."
Dan_1,Dan,,"fifth-born son of Jacob (GEN 30:5), son of Bilhah, Rachel's handmaid",male,Dan,"In this dataset, Dan is described as fifth-born son of Jacob (GEN 30:5), son of Bilhah, Rachel's handmaid. Recorded as male; listed with tribe: Dan.",1,199,"In this dataset, Dan is described as fifth-born son of Jacob (GEN 30:5), son of Bilhah, Rachel's handmaid. Recorded as male; listed with tribe: Dan."
Naphtali_1,Naphtali,,"sixth-born son of Jacob (GEN 30:7), son of Bilhah, Rachel's handmaid",male,Naphtali,"In this dataset, Naphtali is described as sixth-born son of Jacob (GEN 30:7), son of Bilhah, Rachel's handmaid. Recorded as male; listed with tribe: Naphtali.",1,200,"In this dataset, Naphtali is described as sixth-born son of Jacob (GEN 30:7), son of Bilhah, Rachel's handmaid. Recorded as male; listed with tribe: Naphtali."
Gad_1,Gad,,"seventh-born son of Jacob (GEN 30:11, GEN 35:26), son of Zilpah, Leah's handmaid",male,Gad,"In this dataset, Gad is described as seventh-born son of Jacob (GEN 30:11, GEN 35:26), son of Zilpah, Leah's handmaid. Recorded as male; listed with tribe: Gad.",1,201,"In this dataset, Gad is described as seventh-born son of Jacob (GEN 30:11, GEN 35:26), son of Zilpah, Leah's handmaid. Recorded as male; listed with tribe: Gad."
Asher_1,Asher,,"eighth-born son of Jacob (GEN 30:11, GEN 35:26), son of Zilpah, Leah's handmaid",male,Asher,"In this dataset, Asher is described as eighth-born son of Jacob (GEN 30:11, GEN 35:26), son of Zilpah, Leah's handmaid. Recorded as male; listed with tribe: Asher.",1,202,"In this dataset, Asher is described as eighth-born son of Jacob (GEN 30:11, GEN 35:26), son of Zilpah, Leah's handmaid. Recorded as male; listed with tribe: Asher."
Issachar_1,Issachar,,"ninth-born son of Jacob (GEN 30:17), son of Leah",male,Issachar,"In this dataset, Issachar is described as ninth-born son of Jacob (GEN 30:17), son of Leah. Recorded as male; listed with tribe: Issachar.",1,203,"In this dataset, Issachar is described as ninth-born son of Jacob (GEN 30:17), son of Leah. Recorded as male; listed with tribe: Issachar."
Zebulun_1,Zebulun,,"tenth-born son of Jacob (GEN 30:19), son of Leah",male,Zebulun,"In this dataset, Zebulun is described as tenth-born son of Jacob (GEN 30:19), son of Leah. Recorded as male; listed with tribe: Zebulun.",1,204,"In this dataset, Zebulun is described as tenth-born son of Jacob (GEN 30:19), son of Leah. Recorded as male; listed with tribe: Zebulun."
Dinah_1,Dinah,,"daughter of Jacob (GEN 30:21), daughter of Leah",female,,"In this dataset, Dinah is described as daughter of Jacob (GEN 30:21), daughter of Leah. Recorded as female.",1,205,"In this dataset, Dinah is described as daughter of Jacob (GEN 30:21), daughter of Leah. Recorded as female."
Joseph_1,Joseph,,eleventh-born son of Jacob and Rachel (GEN 30:24),male,,"In this dataset, Joseph is described as eleventh-born son of Jacob and Rachel (GEN 30:24). Recorded as male.",1,206,"In this dataset, Joseph is described as eleventh-born son of Jacob and Rachel (GEN 30:24). Recorded as male."
Hamor_1,Hamor,,"the Hivite, father of Shechem (GEN 34:2)",male,Hivite,"In this dataset, Hamor is described as the Hivite, father of Shechem (GEN 34:2). Recorded as male; listed with tribe: Hivite.",1,207,"In this dataset, Hamor is described as the Hivite, father of Shechem (GEN 34:2). Recorded as male; listed with tribe: Hivite."
Shechem_1,Shechem,,"son of Hamor, the Hivite (GEN 33:19, GEN 34:2) who raped Dinah (GEN 34:2)",male,Hivite,"In this dataset, Shechem is described as son of Hamor, the Hivite (GEN 33:19, GEN 34:2) who raped Dinah (GEN 34:2). Recorded as male; listed with tribe: Hivite.",1,208,"In this dataset, Shechem is described as son of Hamor, the Hivite (GEN 33:19, GEN 34:2) who raped Dinah (GEN 34:2). Recorded as male; listed with tribe: Hivite."
Deborah_1,Deborah,,Rebekah's nurse (GEN 35:8),female,,"In this dataset, Deborah is described as Rebekah's nurse (GEN 35:8). Recorded as female.",1,209,"In this dataset, Deborah is described as Rebekah's nurse (GEN 35:8). Recorded as female."
Benjamin_1,Benjamin,,twelfth-born son of Jacob and Rachel (GEN 35:18),male,Benjamin,"In this dataset, Benjamin is described as twelfth-born son of Jacob and Rachel (GEN 35:18). Recorded as male; listed with tribe: Benjamin.",1,210,"In this dataset, Benjamin is described as twelfth-born son of Jacob and Rachel (GEN 35:18). Recorded as male; listed with tribe: Benjamin."
Zibeon_1,Zibeon,,"the Hivite and grandfather of Oholibamah, Esau's wife (GEN 36:2)",male,Hivite,"In this dataset, Zibeon is described as the Hivite and grandfather of Oholibamah, Esau's wife (GEN 36:2). Recorded as male; listed with tribe: Hivite.",1,211,"In this dataset, Zibeon is described as the Hivite and grandfather of Oholibamah, Esau's wife (GEN 36:2). Recorded as male; listed with tribe: Hivite."
Eliphaz_1,Eliphaz,,"son of Esau (GEN 36:4, 10, 15)",male,Edomite,"In this dataset, Eliphaz is described as son of Esau (GEN 36:4, 10, 15). Recorded as male; listed with tribe: Edomite.",1,212,"In this dataset, Eliphaz is described as son of Esau (GEN 36:4, 10, 15). Recorded as male; listed with tribe: Edomite."
Reuel_1,Reuel,,"son of Esau (GEN 36:4, 10, 17)",male,Edomite,"In this dataset, Reuel is described as son of Esau (GEN 36:4, 10, 17). Recorded as male; listed with tribe: Edomite.",1,213,"In this dataset, Reuel is described as son of Esau (GEN 36:4, 10, 17). Recorded as male; listed with tribe: Edomite."
Jeush_1,Jeush,,son of Esau (GEN 36:5) and chief of Edom (GEN 36:18),male,Edomite,"In this dataset, Jeush is described as son of Esau (GEN 36:5) and chief of Edom (GEN 36:18). Recorded as male; listed with tribe: Edomite.",1,214,"In this dataset, Jeush is described as son of Esau (GEN 36:5) and chief of Edom (GEN 36:18). Recorded as male; listed with tribe: Edomite."
Jalam_1,Jalam,,son of Esau (GEN 36:5) and chief of Edom (GEN 36:18),male,Edomite,"In this dataset, Jalam is described as son of Esau (GEN 36:5) and chief of Edom (GEN 36:18). Recorded as male; listed with tribe: Edomite.",1,215,"In this dataset, Jalam is described as son of Esau (GEN 36:5) and chief of Edom (GEN 36:18). Recorded as male; listed with tribe: Edomite."
Korah_1,Korah,,son of Esau (GEN 36:5) and chief of Edom (GEN 36:18),male,Edomite,"In this dataset, Korah is described as son of Esau (GEN 36:5) and chief of Edom (GEN 36:18). Recorded as male; listed with tribe: Edomite.",1,216,"In this dataset, Korah is described as son of Esau (GEN 36:5) and chief of Edom (GEN 36:18). Recorded as male; listed with tribe: Edomite."
Teman_1,Teman,,"son of Eliphaz (GEN 36:11) and chief of Edom (GEN 36:15, 42)",male,Edomite,"In this dataset, Teman is described as son of Eliphaz (GEN 36:11) and chief of Edom (GEN 36:15, 42). Recorded as male; listed with tribe: Edomite.",1,217,"In this dataset, Teman is described as son of Eliphaz (GEN 36:11) and chief of Edom (GEN 36:15, 42). Recorded as male; listed with tribe: Edomite."
Omar_1,Omar,,son of Eliphaz (GEN 36:11) and chief of Edom (GEN 36:15),male,Edomite,"In this dataset, Omar is described as son of Eliphaz (GEN 36:11) and chief of Edom (GEN 36:15). Recorded as male; listed with tribe: Edomite.",1,218,"In this dataset, Omar is described as son of Eliphaz (GEN 36:11) and chief of Edom (GEN 36:15). Recorded as male; listed with tribe: Edomite."
Zepho_1,Zepho,,son of Eliphaz (GEN 36:11) and chief of Edom (GEN 36:15),male,Edomite,"In this dataset, Zepho is described as son of Eliphaz (GEN 36:11) and chief of Edom (GEN 36:15). Recorded as male; listed with tribe: Edomite.",1,219,"In this dataset, Zepho is described as son of Eliphaz (GEN 36:11) and chief of Edom (GEN 36:15). Recorded as male; listed with tribe: Edomite."
Gatam_1,Gatam,,son of Eliphaz (GEN 36:11) and chief of Edom (GEN 36:16),male,Edomite,"In this dataset, Gatam is described as son of Eliphaz (GEN 36:11) and chief of Edom (GEN 36:16). Recorded as male; listed with tribe: Edomite.",1,220,"In this dataset, Gatam is described as son of Eliphaz (GEN 36:11) and chief of Edom (GEN 36:16). Recorded as male; listed with tribe: Edomite."
Kenaz_1,Kenaz,,"son of Eliphaz (GEN 36:11) and chief of Edom (GEN 36:15, 42)",male,Edomite,"In this dataset, Kenaz is described as son of Eliphaz (GEN 36:11) and chief of Edom (GEN 36:15, 42). Recorded as male; listed with tribe: Edomite.",1,221,"In this dataset, Kenaz is described as son of Eliphaz (GEN 36:11) and chief of Edom (GEN 36:15, 42). Recorded as male; listed with tribe: Edomite."
Timna_1,Timna,,concubine of Esau's son Eliphaz (GEN 36:12) and sister of Lotan (GEN 36:22),female,Edomite,"In this dataset, Timna is described as concubine of Esau's son Eliphaz (GEN 36:12) and sister of Lotan (GEN 36:22). Recorded as female; listed with tribe: Edomite.",1,222,"In this dataset, Timna is described as concubine of Esau's son Eliphaz (GEN 36:12) and sister of Lotan (GEN 36:22). Recorded as female; listed with tribe: Edomite."
Amalek_1,Amalek,,son of Eliphaz (GEN 36:12) and chief of Edom (GEN 36:16),male,Edomite,"In this dataset, Amalek is described as son of Eliphaz (GEN 36:12) and chief of Edom (GEN 36:16). Recorded as male; listed with tribe: Edomite.",1,223,"In this dataset, Amalek is described as son of Eliphaz (GEN 36:12) and chief of Edom (GEN 36:16). Recorded as male; listed with tribe: Edomite."
Nahath_1,Nahath,,son of Reuel (GEN 36:13) and chief of Edom (GEN 36:17),male,Edomite,"In this dataset, Nahath is described as son of Reuel (GEN 36:13) and chief of Edom (GEN 36:17). Recorded as male; listed with tribe: Edomite.",1,224,"In this dataset, Nahath is described as son of Reuel (GEN 36:13) and chief of Edom (GEN 36:17). Recorded as male; listed with tribe: Edomite."
Zerah_1,Zerah,,son of Reuel (GEN 36:13) and chief of Edom (GEN 36:17),male,Edomite,"In this dataset, Zerah is described as son of Reuel (GEN 36:13) and chief of Edom (GEN 36:17). Recorded as male; listed with tribe: Edomite.",1,225,"In this dataset, Zerah is described as son of Reuel (GEN 36:13) and chief of Edom (GEN 36:17). Recorded as male; listed with tribe: Edomite."
Shammah_1,Shammah,,son of Reuel (GEN 36:13) and chief of Edom (GEN 36:17),male,Edomite,"In this dataset, Shammah is described as son of Reuel (GEN 36:13) and chief of Edom (GEN 36:17). Recorded as male; listed with tribe: Edomite.",1,226,"In this dataset, Shammah is described as son of Reuel (GEN 36:13) and chief of Edom (GEN 36:17). Recorded as male; listed with tribe: Edomite."
Mizzah_1,Mizzah,,son of Reuel (GEN 36:13) and chief of Edom (GEN 36:17),male,Edomite,"In this dataset, Mizzah is described as son of Reuel (GEN 36:13) and chief of Edom (GEN 36:17). Recorded as male; listed with tribe: Edomite.",1,227,"In this dataset, Mizzah is described as son of Reuel (GEN 36:13) and chief of Edom (GEN 36:17). Recorded as male; listed with tribe: Edomite."
Korah_2,Korah,,chief of Edom and son of Eliphaz (GEN 36:15-16),male,Edomite,"In this dataset, Korah is described as chief of Edom and son of Eliphaz (GEN 36:15-16). Recorded as male; listed with tribe: Edomite.",2,228,"In this dataset, Korah is described as chief of Edom and son of Eliphaz (GEN 36:15-16). Recorded as male; listed with tribe: Edomite."
Seir_1,Seir,,the Horite (dwelt near Mt. Hor- GEN 36:20),male,,"In this dataset, Seir is described as the Horite (dwelt near Mt. Hor- GEN 36:20). Recorded as male.",1,229,"In this dataset, Seir is described as the Horite (dwelt near Mt. Hor- GEN 36:20). Recorded as male."
Lotan_1,Lotan,,son of Seir (GEN 36:20) and chief in Edom (GEN 36:29),male,Edomite,"In this dataset, Lotan is described as son of Seir (GEN 36:20) and chief in Edom (GEN 36:29). Recorded as male; listed with tribe: Edomite.",1,230,"In this dataset, Lotan is described as son of Seir (GEN 36:20) and chief in Edom (GEN 36:29). Recorded as male; listed with tribe: Edomite."
Shobal_1,Shobal,,son of Seir (GEN 36:20) and chief in Edom (GEN 36:29),male,Edomite,"In this dataset, Shobal is described as son of Seir (GEN 36:20) and chief in Edom (GEN 36:29). Recorded as male; listed with tribe: Edomite.",1,231,"In this dataset, Shobal is described as son of Seir (GEN 36:20) and chief in Edom (GEN 36:29). Recorded as male; listed with tribe: Edomite."
Zibeon_2,Zibeon,,son of Seir (GEN 36:20) and chief in Edom (GEN 36:29),male,Edomite,"In this dataset, Zibeon is described as son of Seir (GEN 36:20) and chief in Edom (GEN 36:29). Recorded as male; listed with tribe: Edomite.",2,232,"In this dataset, Zibeon is described as son of Seir (GEN 36:20) and chief in Edom (GEN 36:29). Recorded as male; listed with tribe: Edomite."
Anah_1,Anah,,son of Seir (GEN 36:20) and chief in Edom (GEN 36:29),male,Edomite,"In this dataset, Anah is described as son of Seir (GEN 36:20) and chief in Edom (GEN 36:29). Recorded as male; listed with tribe: Edomite.",1,233,"In this dataset, Anah is described as son of Seir (GEN 36:20) and chief in Edom (GEN 36:29). Recorded as male; listed with tribe: Edomite."
Dishon_1,Dishon,,son of Seir (GEN 36:21) and chief in Edom (GEN 36:29),male,Edomite,"In this dataset, Dishon is described as son of Seir (GEN 36:21) and chief in Edom (GEN 36:29). Recorded as male; listed with tribe: Edomite.",1,234,"In this dataset, Dishon is described as son of Seir (GEN 36:21) and chief in Edom (GEN 36:29). Recorded as male; listed with tribe: Edomite."
Ezer_1,Ezer,,son of Seir (GEN 36:21) and chief in Edom (GEN 36:29),male,Edomite,"In this dataset, Ezer is described as son of Seir (GEN 36:21) and chief in Edom (GEN 36:29). Recorded as male; listed with tribe: Edomite.",1,235,"In this dataset, Ezer is described as son of Seir (GEN 36:21) and chief in Edom (GEN 36:29). Recorded as male; listed with tribe: Edomite."
Dishan_1,Dishan,,son of Seir (GEN 36:21) and chief in Edom (GEN 36:29),male,Edomite,"In this dataset, Dishan is described as son of Seir (GEN 36:21) and chief in Edom (GEN 36:29). Recorded as male; listed with tribe: Edomite.",1,236,"In this dataset, Dishan is described as son of Seir (GEN 36:21) and chief in Edom (GEN 36:29). Recorded as male; listed with tribe: Edomite."
Hori_1,Hori,,son of Lotan (GEN 36:22),male,Edomite,"In this dataset, Hori is described as son of Lotan (GEN 36:22). Recorded as male; listed with tribe: Edomite.",1,237,"In this dataset, Hori is described as son of Lotan (GEN 36:22). Recorded as male; listed with tribe: Edomite."
Hemam_1,Hemam,,son of Lotan (GEN 36:22),male,Edomite,"In this dataset, Hemam is described as son of Lotan (GEN 36:22). Recorded as male; listed with tribe: Edomite.",1,238,"In this dataset, Hemam is described as son of Lotan (GEN 36:22). Recorded as male; listed with tribe: Edomite."
Alvan_1,Alvan,,son of Shobal (GEN 36:23),male,Edomite,"In this dataset, Alvan is described as son of Shobal (GEN 36:23). Recorded as male; listed with tribe: Edomite.",1,239,"In this dataset, Alvan is described as son of Shobal (GEN 36:23). Recorded as male; listed with tribe: Edomite."
Manahath_1,Manahath,,son of Shobal (GEN 36:23),male,Edomite,"In this dataset, Manahath is described as son of Shobal (GEN 36:23). Recorded as male; listed with tribe: Edomite.",1,240,"In this dataset, Manahath is described as son of Shobal (GEN 36:23). Recorded as male; listed with tribe: Edomite."
Ebal_1,Ebal,,son of Shobal (GEN 36:23),male,Edomite,"In this dataset, Ebal is described as son of Shobal (GEN 36:23). Recorded as male; listed with tribe: Edomite.",1,241,"In this dataset, Ebal is described as son of Shobal (GEN 36:23). Recorded as male; listed with tribe: Edomite."
Shepho_1,Shepho,,son of Shobal (GEN 36:23),male,Edomite,"In this dataset, Shepho is described as son of Shobal (GEN 36:23). Recorded as male; listed with tribe: Edomite.",1,242,"In this dataset, Shepho is described as son of Shobal (GEN 36:23). Recorded as male; listed with tribe: Edomite."
Onam_1,Onam,,son of Shobal (GEN 36:23),male,Edomite,"In this dataset, Onam is described as son of Shobal (GEN 36:23). Recorded as male; listed with tribe: Edomite.",1,243,"In this dataset, Onam is described as son of Shobal (GEN 36:23). Recorded as male; listed with tribe: Edomite."
Aiah_1,Aiah,,son of Zibeon (GEN 36:24),male,Edomite,"In this dataset, Aiah is described as son of Zibeon (GEN 36:24). Recorded as male; listed with tribe: Edomite.",1,244,"In this dataset, Aiah is described as son of Zibeon (GEN 36:24). Recorded as male; listed with tribe: Edomite."
Dishon_2,Dishon,,son of Anah (GEN 36:25),male,Edomite,"In this dataset, Dishon is described as son of Anah (GEN 36:25). Recorded as male; listed with tribe: Edomite.",2,245,"In this dataset, Dishon is described as son of Anah (GEN 36:25). Recorded as male; listed with tribe: Edomite."
Hemdan_1,Hemdan,,son of Dishon (GEN 36:26),male,Edomite,"In this dataset, Hemdan is described as son of Dishon (GEN 36:26). Recorded as male; listed with tribe: Edomite.",1,246,"In this dataset, Hemdan is described as son of Dishon (GEN 36:26). Recorded as male; listed with tribe: Edomite."
Eshban_1,Eshban,,son of Dishon (GEN 36:26),male,Edomite,"In this dataset, Eshban is described as son of Dishon (GEN 36:26). Recorded as male; listed with tribe: Edomite.",1,247,"In this dataset, Eshban is described as son of Dishon (GEN 36:26). Recorded as male; listed with tribe: Edomite."
Ithran_1,Ithran,,son of Dishon (GEN 36:26),male,Edomite,"In this dataset, Ithran is described as son of Dishon (GEN 36:26). Recorded as male; listed with tribe: Edomite.",1,248,"In this dataset, Ithran is described as son of Dishon (GEN 36:26). Recorded as male; listed with tribe: Edomite."
Cheran_1,Cheran,,son of Dishon (GEN 36:26),male,Edomite,"In this dataset, Cheran is described as son of Dishon (GEN 36:26). Recorded as male; listed with tribe: Edomite.",1,249,"In this dataset, Cheran is described as son of Dishon (GEN 36:26). Recorded as male; listed with tribe: Edomite."
Bilhan_1,Bilhan,,son of Ezer (GEN 36:27),male,Edomite,"In this dataset, Bilhan is described as son of Ezer (GEN 36:27). Recorded as male; listed with tribe: Edomite.",1,250,"In this dataset, Bilhan is described as son of Ezer (GEN 36:27). Recorded as male; listed with tribe: Edomite."
Zaavan_1,Zaavan,,son of Ezer (GEN 36:27),male,Edomite,"In this dataset, Zaavan is described as son of Ezer (GEN 36:27). Recorded as male; listed with tribe: Edomite.",1,251,"In this dataset, Zaavan is described as son of Ezer (GEN 36:27). Recorded as male; listed with tribe: Edomite."
Akan_1,Akan,,son of Ezer (GEN 36:27),male,Edomite,"In this dataset, Akan is described as son of Ezer (GEN 36:27). Recorded as male; listed with tribe: Edomite.",1,252,"In this dataset, Akan is described as son of Ezer (GEN 36:27). Recorded as male; listed with tribe: Edomite."
Uz_3,Uz,,son of Dishan (GEN 36:28),male,Edomite,"In this dataset, Uz is described as son of Dishan (GEN 36:28). Recorded as male; listed with tribe: Edomite.",3,253,"In this dataset, Uz is described as son of Dishan (GEN 36:28). Recorded as male; listed with tribe: Edomite."
Aran_1,Aran,,son of Dishan (GEN 36:28),male,Edomite,"In this dataset, Aran is described as son of Dishan (GEN 36:28). Recorded as male; listed with tribe: Edomite.",1,254,"In this dataset, Aran is described as son of Dishan (GEN 36:28). Recorded as male; listed with tribe: Edomite."
Bela_1,Bela,,"King of Edom, his city was Dinhabah (GEN 36:32)",male,Edomite,"In this dataset, Bela is described as King of Edom, his city was Dinhabah (GEN 36:32). Recorded as male; listed with tribe: Edomite.",1,255,"In this dataset, Bela is described as King of Edom, his city was Dinhabah (GEN 36:32). Recorded as male; listed with tribe: Edomite."
Beor_1,Beor,,"father of Bela, King of Edom (GEN 36:32)",male,Edomite,"In this dataset, Beor is described as father of Bela, King of Edom (GEN 36:32). Recorded as male; listed with tribe: Edomite.",1,256,"In this dataset, Beor is described as father of Bela, King of Edom (GEN 36:32). Recorded as male; listed with tribe: Edomite."
Jobab_2,Jobab,,"King of Edom, successor to Bela (GEN 36:33)",male,Edomite,"In this dataset, Jobab is described as King of Edom, successor to Bela (GEN 36:33). Recorded as male; listed with tribe: Edomite.",2,257,"In this dataset, Jobab is described as King of Edom, successor to Bela (GEN 36:33). Recorded as male; listed with tribe: Edomite."
Zerah_2,Zerah,,of Bozrah (GEN 36:33),male,,"In this dataset, Zerah is described as of Bozrah (GEN 36:33). Recorded as male.",2,258,"In this dataset, Zerah is described as of Bozrah (GEN 36:33). Recorded as male."
Husham_1,Husham,,"King of Edom, successor to Jobab, from the land of the Temanites (GEN 36:34)",male,Edomite,"In this dataset, Husham is described as King of Edom, successor to Jobab, from the land of the Temanites (GEN 36:34). Recorded as male; listed with tribe: Edomite.",1,259,"In this dataset, Husham is described as King of Edom, successor to Jobab, from the land of the Temanites (GEN 36:34). Recorded as male; listed with tribe: Edomite."
Hadad_2,Hadad,,"King of Edom, successor to Husham, his city was Avith (GEN 36:35)",male,Edomite,"In this dataset, Hadad is described as King of Edom, successor to Husham, his city was Avith (GEN 36:35). Recorded as male; listed with tribe: Edomite.",2,260,"In this dataset, Hadad is described as King of Edom, successor to Husham, his city was Avith (GEN 36:35). Recorded as male; listed with tribe: Edomite."
Bedad_1,Bedad,,"defeated Midian in the field of Moab (GEN 36:35, 1CH 1:46)",male,Edomite,"In this dataset, Bedad is described as defeated Midian in the field of Moab (GEN 36:35, 1CH 1:46). Recorded as male; listed with tribe: Edomite.",1,261,"In this dataset, Bedad is described as defeated Midian in the field of Moab (GEN 36:35, 1CH 1:46). Recorded as male; listed with tribe: Edomite."
Samlah_1,Samlah,,"King of Edom, successor to Hadad, from Masrekah (GEN 36:36)",male,Edomite,"In this dataset, Samlah is described as King of Edom, successor to Hadad, from Masrekah (GEN 36:36). Recorded as male; listed with tribe: Edomite.",1,262,"In this dataset, Samlah is described as King of Edom, successor to Hadad, from Masrekah (GEN 36:36). Recorded as male; listed with tribe: Edomite."
Shaul_1,Shaul,,"King of Edom, successor to Samlah, from Rehoboth on the [Euphrates] river (GEN 36:37)",male,Edomite,"In this dataset, Shaul is described as King of Edom, successor to Samlah, from Rehoboth on the [Euphrates] river (GEN 36:37). Recorded as male; listed with tribe: Edomite.",1,263,"In this dataset, Shaul is described as King of Edom, successor to Samlah, from Rehoboth on the [Euphrates] river (GEN 36:37). Recorded as male; listed with tribe: Edomite."
Baal-hanan_1,Baal-hanan,,"King of Edom, successor to Shaul (GEN 36:38)",male,Edomite,"In this dataset, Baal-hanan is described as King of Edom, successor to Shaul (GEN 36:38). Recorded as male; listed with tribe: Edomite.",1,264,"In this dataset, Baal-hanan is described as King of Edom, successor to Shaul (GEN 36:38). Recorded as male; listed with tribe: Edomite."
Achbor_1,Achbor,,father of Baal-hanan (GEN 36:38),male,Edomite,"In this dataset, Achbor is described as father of Baal-hanan (GEN 36:38). Recorded as male; listed with tribe: Edomite.",1,265,"In this dataset, Achbor is described as father of Baal-hanan (GEN 36:38). Recorded as male; listed with tribe: Edomite."
Hadar_1,Hadar,,"King of Edom, successor to Baal-hanan, his city was Pau (GEN 36:39)",male,Edomite,"In this dataset, Hadar is described as King of Edom, successor to Baal-hanan, his city was Pau (GEN 36:39). Recorded as male; listed with tribe: Edomite.",1,266,"In this dataset, Hadar is described as King of Edom, successor to Baal-hanan, his city was Pau (GEN 36:39). Recorded as male; listed with tribe: Edomite."
Mehetabel_1,Mehetabel,,wife of King Hadar (GEN 36:39),female,,"In this dataset, Mehetabel is described as wife of King Hadar (GEN 36:39). Recorded as female.",1,267,"In this dataset, Mehetabel is described as wife of King Hadar (GEN 36:39). Recorded as female."
Matred_1,Matred,,mother of Mehetabel (GEN 36:39),female,,"In this dataset, Matred is described as mother of Mehetabel (GEN 36:39). Recorded as female.",1,268,"In this dataset, Matred is described as mother of Mehetabel (GEN 36:39). Recorded as female."
Mezahab_1,Mezahab,,mother of Matred (GEN 36:39),female,,"In this dataset, Mezahab is described as mother of Matred (GEN 36:39). Recorded as female.",1,269,"In this dataset, Mezahab is described as mother of Matred (GEN 36:39). Recorded as female."
Timna_2,Timna,,chief of Edom (GEN 36:40),male,Edomite,"In this dataset, Timna is described as chief of Edom (GEN 36:40). Recorded as male; listed with tribe: Edomite.",2,270,"In this dataset, Timna is described as chief of Edom (GEN 36:40). Recorded as male; listed with tribe: Edomite."
Alvah_1,Alvah,,chief of Edom (GEN 36:40),male,Edomite,"In this dataset, Alvah is described as chief of Edom (GEN 36:40). Recorded as male; listed with tribe: Edomite.",1,271,"In this dataset, Alvah is described as chief of Edom (GEN 36:40). Recorded as male; listed with tribe: Edomite."
Jetheth_1,Jetheth,,chief of Edom (GEN 36:40),male,Edomite,"In this dataset, Jetheth is described as chief of Edom (GEN 36:40). Recorded as male; listed with tribe: Edomite.",1,272,"In this dataset, Jetheth is described as chief of Edom (GEN 36:40). Recorded as male; listed with tribe: Edomite."
Oholibamah_1,Oholibamah,,chief of Edom (GEN 36:41),male,Edomite,"In this dataset, Oholibamah is described as chief of Edom (GEN 36:41). Recorded as male; listed with tribe: Edomite.",1,273,"In this dataset, Oholibamah is described as chief of Edom (GEN 36:41). Recorded as male; listed with tribe: Edomite."
Elah_1,Elah,,chief of Edom (GEN 36:41),male,Edomite,"In this dataset, Elah is described as chief of Edom (GEN 36:41). Recorded as male; listed with tribe: Edomite.",1,274,"In this dataset, Elah is described as chief of Edom (GEN 36:41). Recorded as male; listed with tribe: Edomite."
Pinon_1,Pinon,,chief of Edom (GEN 36:41),male,Edomite,"In this dataset, Pinon is described as chief of Edom (GEN 36:41). Recorded as male; listed with tribe: Edomite.",1,275,"In this dataset, Pinon is described as chief of Edom (GEN 36:41). Recorded as male; listed with tribe: Edomite."
Mibzar_1,Mibzar,,chief of Edom (GEN 36:42),male,Edomite,"In this dataset, Mibzar is described as chief of Edom (GEN 36:42). Recorded as male; listed with tribe: Edomite.",1,276,"In this dataset, Mibzar is described as chief of Edom (GEN 36:42). Recorded as male; listed with tribe: Edomite."
Magdiel_1,Magdiel,,chief of Edom (GEN 36:43),male,Edomite,"In this dataset, Magdiel is described as chief of Edom (GEN 36:43). Recorded as male; listed with tribe: Edomite.",1,277,"In this dataset, Magdiel is described as chief of Edom (GEN 36:43). Recorded as male; listed with tribe: Edomite."
Iram_1,Iram,,chief of Edom (GEN 36:43),male,Edomite,"In this dataset, Iram is described as chief of Edom (GEN 36:43). Recorded as male; listed with tribe: Edomite.",1,278,"In this dataset, Iram is described as chief of Edom (GEN 36:43). Recorded as male; listed with tribe: Edomite."
Potiphar_1,Potiphar,,Pharaoh's officer (GEN 37:36),male,,"In this dataset, Potiphar is described as Pharaoh's officer (GEN 37:36). Recorded as male.",1,279,"In this dataset, Potiphar is described as Pharaoh's officer (GEN 37:36). Recorded as male."
Pharaoh_2,Pharaoh,,Pharaoh of Joseph's lifetime (GEN 37:36),male,,"In this dataset, Pharaoh is described as Pharaoh of Joseph's lifetime (GEN 37:36). Recorded as male.",2,280,"In this dataset, Pharaoh is described as Pharaoh of Joseph's lifetime (GEN 37:36). Recorded as male."
Hirah_1,Hirah,,an Adullamite (GEN 38:1),male,,"In this dataset, Hirah is described as an Adullamite (GEN 38:1). Recorded as male.",1,281,"In this dataset, Hirah is described as an Adullamite (GEN 38:1). Recorded as male."
Shua_1,Shua,,Canaanite father of Judah's wife (GEN 38:2),male,,"In this dataset, Shua is described as Canaanite father of Judah's wife (GEN 38:2). Recorded as male.",1,282,"In this dataset, Shua is described as Canaanite father of Judah's wife (GEN 38:2). Recorded as male."
Er_1,Er,,firstborn son of Judah (GEN 38:3),male,Judah,"In this dataset, Er is described as firstborn son of Judah (GEN 38:3). Recorded as male; listed with tribe: Judah.",1,283,"In this dataset, Er is described as firstborn son of Judah (GEN 38:3). Recorded as male; listed with tribe: Judah."
Onan_1,Onan,,second-born son of Judah (GEN 38:4),male,Judah,"In this dataset, Onan is described as second-born son of Judah (GEN 38:4). Recorded as male; listed with tribe: Judah.",1,284,"In this dataset, Onan is described as second-born son of Judah (GEN 38:4). Recorded as male; listed with tribe: Judah."
Shelah_2,Shelah,,third-born son of Judah (GEN 38:5),male,Judah,"In this dataset, Shelah is described as third-born son of Judah (GEN 38:5). Recorded as male; listed with tribe: Judah.",2,285,"In this dataset, Shelah is described as third-born son of Judah (GEN 38:5). Recorded as male; listed with tribe: Judah."
Tamar_1,Tamar,,"wife of Er (GEN 38:6), and mother of Perez (GEN 38:29) and Zerah (GEN 38:30) by Judah",male,,"In this dataset, Tamar is described as wife of Er (GEN 38:6), and mother of Perez (GEN 38:29) and Zerah (GEN 38:30) by Judah. Recorded as male.",1,286,"In this dataset, Tamar is described as wife of Er (GEN 38:6), and mother of Perez (GEN 38:29) and Zerah (GEN 38:30) by Judah. Recorded as male."
Perez_1,Perez,,son of Judah and Tamar (GEN 38:29),male,Judah,"In this dataset, Perez is described as son of Judah and Tamar (GEN 38:29). Recorded as male; listed with tribe: Judah.",1,287,"In this dataset, Perez is described as son of Judah and Tamar (GEN 38:29). Recorded as male; listed with tribe: Judah."
Zerah_3,Zerah,,son of Judah and Tamar (GEN 38:30),male,Judah,"In this dataset, Zerah is described as son of Judah and Tamar (GEN 38:30). Recorded as male; listed with tribe: Judah.",3,288,"In this dataset, Zerah is described as son of Judah and Tamar (GEN 38:30). Recorded as male; listed with tribe: Judah."
Asenath_1,Asenath,,wife of Joseph (GEN 41:45),female,,"In this dataset, Asenath is described as wife of Joseph (GEN 41:45). Recorded as female.",1,289,"In this dataset, Asenath is described as wife of Joseph (GEN 41:45). Recorded as female."
Potiphera_1,Potiphera,,priest of On [Heliopolis- NAS 1995 notes] (GEN 41:45),male,,"In this dataset, Potiphera is described as priest of On [Heliopolis- NAS 1995 notes] (GEN 41:45). Recorded as male.",1,290,"In this dataset, Potiphera is described as priest of On [Heliopolis- NAS 1995 notes] (GEN 41:45). Recorded as male."
Manasseh_1,Manasseh,,firstborn son of Joseph (GEN 41:51),male,Manasseh,"In this dataset, Manasseh is described as firstborn son of Joseph (GEN 41:51). Recorded as male; listed with tribe: Manasseh.",1,291,"In this dataset, Manasseh is described as firstborn son of Joseph (GEN 41:51). Recorded as male; listed with tribe: Manasseh."
Ephraim_1,Ephraim,,second son of Joseph (GEN 41:52),male,Ephraim,"In this dataset, Ephraim is described as second son of Joseph (GEN 41:52). Recorded as male; listed with tribe: Ephraim.",1,292,"In this dataset, Ephraim is described as second son of Joseph (GEN 41:52). Recorded as male; listed with tribe: Ephraim."
Hanoch_2,Hanoch,,son of Reuben (GEN 46:9),male,Reuben,"In this dataset, Hanoch is described as son of Reuben (GEN 46:9). Recorded as male; listed with tribe: Reuben.",2,293,"In this dataset, Hanoch is described as son of Reuben (GEN 46:9). Recorded as male; listed with tribe: Reuben."
Pallu_1,Pallu,,son of Reuben (GEN 46:9),male,Reuben,"In this dataset, Pallu is described as son of Reuben (GEN 46:9). Recorded as male; listed with tribe: Reuben.",1,294,"In this dataset, Pallu is described as son of Reuben (GEN 46:9). Recorded as male; listed with tribe: Reuben."
Hezron_1,Hezron,,son of Reuben (GEN 46:9),male,Reuben,"In this dataset, Hezron is described as son of Reuben (GEN 46:9). Recorded as male; listed with tribe: Reuben.",1,295,"In this dataset, Hezron is described as son of Reuben (GEN 46:9). Recorded as male; listed with tribe: Reuben."
Carmi_1,Carmi,,son of Reuben (GEN 46:9),male,Reuben,"In this dataset, Carmi is described as son of Reuben (GEN 46:9). Recorded as male; listed with tribe: Reuben.",1,296,"In this dataset, Carmi is described as son of Reuben (GEN 46:9). Recorded as male; listed with tribe: Reuben."
Jemuel_1,Jemuel,,son of Simeon (GEN 46:10),male,Simeon,"In this dataset, Jemuel is described as son of Simeon (GEN 46:10). Recorded as male; listed with tribe: Simeon.",1,297,"In this dataset, Jemuel is described as son of Simeon (GEN 46:10). Recorded as male; listed with tribe: Simeon."
Jamin_1,Jamin,,son of Simeon (GEN 46:10),male,Simeon,"In this dataset, Jamin is described as son of Simeon (GEN 46:10). Recorded as male; listed with tribe: Simeon.",1,298,"In this dataset, Jamin is described as son of Simeon (GEN 46:10). Recorded as male; listed with tribe: Simeon."
Ohad_1,Ohad,,son of Simeon (GEN 46:10),male,Simeon,"In this dataset, Ohad is described as son of Simeon (GEN 46:10). Recorded as male; listed with tribe: Simeon.",1,299,"In this dataset, Ohad is described as son of Simeon (GEN 46:10). Recorded as male; listed with tribe: Simeon."
Jachin_1,Jachin,,son of Simeon (GEN 46:10),male,Simeon,"In this dataset, Jachin is described as son of Simeon (GEN 46:10). Recorded as male; listed with tribe: Simeon.",1,300,"In this dataset, Jachin is described as son of Simeon (GEN 46:10). Recorded as male; listed with tribe: Simeon."
Zohar_2,Zohar,,son of Simeon (GEN 46:10),male,Simeon,"In this dataset, Zohar is described as son of Simeon (GEN 46:10). Recorded as male; listed with tribe: Simeon.",2,301,"In this dataset, Zohar is described as son of Simeon (GEN 46:10). Recorded as male; listed with tribe: Simeon."
Shaul_2,Shaul,,son of Simeon and a Canaanite woman (GEN 46:10),male,Simeon,"In this dataset, Shaul is described as son of Simeon and a Canaanite woman (GEN 46:10). Recorded as male; listed with tribe: Simeon.",2,302,"In this dataset, Shaul is described as son of Simeon and a Canaanite woman (GEN 46:10). Recorded as male; listed with tribe: Simeon."
Gershon_1,Gershon,,son of Levi (GEN 46:11),male,Levi,"In this dataset, Gershon is described as son of Levi (GEN 46:11). Recorded as male; listed with tribe: Levi.",1,303,"In this dataset, Gershon is described as son of Levi (GEN 46:11). Recorded as male; listed with tribe: Levi."
Kohath_1,Kohath,,son of Levi (GEN 46:11),male,Levi,"In this dataset, Kohath is described as son of Levi (GEN 46:11). Recorded as male; listed with tribe: Levi.",1,304,"In this dataset, Kohath is described as son of Levi (GEN 46:11). Recorded as male; listed with tribe: Levi."
Merari_1,Merari,,son of Levi (GEN 46:11),male,Levi,"In this dataset, Merari is described as son of Levi (GEN 46:11). Recorded as male; listed with tribe: Levi.",1,305,"In this dataset, Merari is described as son of Levi (GEN 46:11). Recorded as male; listed with tribe: Levi."
Hezron_2,Hezron,,son of Perez and grandson of Judah (GEN 46:12),male,Judah,"In this dataset, Hezron is described as son of Perez and grandson of Judah (GEN 46:12). Recorded as male; listed with tribe: Judah.",2,306,"In this dataset, Hezron is described as son of Perez and grandson of Judah (GEN 46:12). Recorded as male; listed with tribe: Judah."
Hamul_1,Hamul,,son of Perez and grandson of Judah (GEN 46:12),male,Judah,"In this dataset, Hamul is described as son of Perez and grandson of Judah (GEN 46:12). Recorded as male; listed with tribe: Judah.",1,307,"In this dataset, Hamul is described as son of Perez and grandson of Judah (GEN 46:12). Recorded as male; listed with tribe: Judah."
Tola_1,Tola,,son of Issachar (GEN 46:13),male,Issachar,"In this dataset, Tola is described as son of Issachar (GEN 46:13). Recorded as male; listed with tribe: Issachar.",1,308,"In this dataset, Tola is described as son of Issachar (GEN 46:13). Recorded as male; listed with tribe: Issachar."
Puvvah_1,Puvvah,,son of Issachar (GEN 46:13),male,Issachar,"In this dataset, Puvvah is described as son of Issachar (GEN 46:13). Recorded as male; listed with tribe: Issachar.",1,309,"In this dataset, Puvvah is described as son of Issachar (GEN 46:13). Recorded as male; listed with tribe: Issachar."
Iob_1,Iob,,son of Issachar (GEN 46:13),male,Issachar,"In this dataset, Iob is described as son of Issachar (GEN 46:13). Recorded as male; listed with tribe: Issachar.",1,310,"In this dataset, Iob is described as son of Issachar (GEN 46:13). Recorded as male; listed with tribe: Issachar."
Shimron_1,Shimron,,son of Issachar (GEN 46:13),male,Issachar,"In this dataset, Shimron is described as son of Issachar (GEN 46:13). Recorded as male; listed with tribe: Issachar.",1,311,"In this dataset, Shimron is described as son of Issachar (GEN 46:13). Recorded as male; listed with tribe: Issachar."
Sered_1,Sered,,son of Zebulun (GEN 46:14),male,Zebulun,"In this dataset, Sered is described as son of Zebulun (GEN 46:14). Recorded as male; listed with tribe: Zebulun.",1,312,"In this dataset, Sered is described as son of Zebulun (GEN 46:14). Recorded as male; listed with tribe: Zebulun."
Elon_2,Elon,,son of Zebulun (GEN 46:14),male,Zebulun,"In this dataset, Elon is described as son of Zebulun (GEN 46:14). Recorded as male; listed with tribe: Zebulun.",2,313,"In this dataset, Elon is described as son of Zebulun (GEN 46:14). Recorded as male; listed with tribe: Zebulun."
Jahleel_1,Jahleel,,son of Zebulun (GEN 46:14),male,Zebulun,"In this dataset, Jahleel is described as son of Zebulun (GEN 46:14). Recorded as male; listed with tribe: Zebulun.",1,314,"In this dataset, Jahleel is described as son of Zebulun (GEN 46:14). Recorded as male; listed with tribe: Zebulun."
Ziphion_1,Ziphion,,son of Gad (GEN 46:16),male,Gad,"In this dataset, Ziphion is described as son of Gad (GEN 46:16). Recorded as male; listed with tribe: Gad.",1,315,"In this dataset, Ziphion is described as son of Gad (GEN 46:16). Recorded as male; listed with tribe: Gad."
Haggi_1,Haggi,,son of Gad (GEN 46:16),male,Gad,"In this dataset, Haggi is described as son of Gad (GEN 46:16). Recorded as male; listed with tribe: Gad.",1,316,"In this dataset, Haggi is described as son of Gad (GEN 46:16). Recorded as male; listed with tribe: Gad."
Shuni_1,Shuni,,son of Gad (GEN 46:16),male,Gad,"In this dataset, Shuni is described as son of Gad (GEN 46:16). Recorded as male; listed with tribe: Gad.",1,317,"In this dataset, Shuni is described as son of Gad (GEN 46:16). Recorded as male; listed with tribe: Gad."
Ezbon_1,Ezbon,,son of Gad (GEN 46:16),male,Gad,"In this dataset, Ezbon is described as son of Gad (GEN 46:16). Recorded as male; listed with tribe: Gad.",1,318,"In this dataset, Ezbon is described as son of Gad (GEN 46:16). Recorded as male; listed with tribe: Gad."
Eri_1,Eri,,son of Gad (GEN 46:16),male,Gad,"In this dataset, Eri is described as son of Gad (GEN 46:16). Recorded as male; listed with tribe: Gad.",1,319,"In this dataset, Eri is described as son of Gad (GEN 46:16). Recorded as male; listed with tribe: Gad."
Arodi_1,Arodi,,son of Gad (GEN 46:16),male,Gad,"In this dataset, Arodi is described as son of Gad (GEN 46:16). Recorded as male; listed with tribe: Gad.",1,320,"In this dataset, Arodi is described as son of Gad (GEN 46:16). Recorded as male; listed with tribe: Gad."
Areli_1,Areli,,son of Gad (GEN 46:16),male,Gad,"In this dataset, Areli is described as son of Gad (GEN 46:16). Recorded as male; listed with tribe: Gad.",1,321,"In this dataset, Areli is described as son of Gad (GEN 46:16). Recorded as male; listed with tribe: Gad."
Imnah_1,Imnah,,son of Asher (GEN 46:17),male,Asher,"In this dataset, Imnah is described as son of Asher (GEN 46:17). Recorded as male; listed with tribe: Asher.",1,322,"In this dataset, Imnah is described as son of Asher (GEN 46:17). Recorded as male; listed with tribe: Asher."
Ishvah_1,Ishvah,,son of Asher (GEN 46:17),male,Asher,"In this dataset, Ishvah is described as son of Asher (GEN 46:17). Recorded as male; listed with tribe: Asher.",1,323,"In this dataset, Ishvah is described as son of Asher (GEN 46:17). Recorded as male; listed with tribe: Asher."
Ishvi_1,Ishvi,,son of Asher (GEN 46:17),male,Asher,"In this dataset, Ishvi is described as son of Asher (GEN 46:17). Recorded as male; listed with tribe: Asher.",1,324,"In this dataset, Ishvi is described as son of Asher (GEN 46:17). Recorded as male; listed with tribe: Asher."
Beriah_1,Beriah,,son of Asher (GEN 46:17),male,Asher,"In this dataset, Beriah is described as son of Asher (GEN 46:17). Recorded as male; listed with tribe: Asher.",1,325,"In this dataset, Beriah is described as son of Asher (GEN 46:17). Recorded as male; listed with tribe: Asher."
Serah_1,Serah,,son of Asher (GEN 46:17),female,Asher,"In this dataset, Serah is described as son of Asher (GEN 46:17). Recorded as female; listed with tribe: Asher.",1,326,"In this dataset, Serah is described as son of Asher (GEN 46:17). Recorded as female; listed with tribe: Asher."
Heber_1,Heber,,son of Beriah (GEN 46:17),male,Asher,"In this dataset, Heber is described as son of Beriah (GEN 46:17). Recorded as male; listed with tribe: Asher.",1,327,"In this dataset, Heber is described as son of Beriah (GEN 46:17). Recorded as male; listed with tribe: Asher."
Malchiel_1,Malchiel,,son of Beriah (GEN 46:17),male,Asher,"In this dataset, Malchiel is described as son of Beriah (GEN 46:17). Recorded as male; listed with tribe: Asher.",1,328,"In this dataset, Malchiel is described as son of Beriah (GEN 46:17). Recorded as male; listed with tribe: Asher."
Bela_2,Bela,,son of Benjamin (GEN 46:21),male,Benjamin,"In this dataset, Bela is described as son of Benjamin (GEN 46:21). Recorded as male; listed with tribe: Benjamin.",2,329,"In this dataset, Bela is described as son of Benjamin (GEN 46:21). Recorded as male; listed with tribe: Benjamin."
Becher_1,Becher,,son of Benjamin (GEN 46:21),male,Benjamin,"In this dataset, Becher is described as son of Benjamin (GEN 46:21). Recorded as male; listed with tribe: Benjamin.",1,330,"In this dataset, Becher is described as son of Benjamin (GEN 46:21). Recorded as male; listed with tribe: Benjamin."
Ashbel_1,Ashbel,,son of Benjamin (GEN 46:21),male,Benjamin,"In this dataset, Ashbel is described as son of Benjamin (GEN 46:21). Recorded as male; listed with tribe: Benjamin.",1,331,"In this dataset, Ashbel is described as son of Benjamin (GEN 46:21). Recorded as male; listed with tribe: Benjamin."
Gera_1,Gera,,"(grand?)son of Benjamin (GEN 46:21), son of Bela (1CH 8:3)",male,Benjamin,"In this dataset, Gera is described as (grand?)son of Benjamin (GEN 46:21), son of Bela (1CH 8:3). Recorded as male; listed with tribe: Benjamin.",1,332,"In this dataset, Gera is described as (grand?)son of Benjamin (GEN 46:21), son of Bela (1CH 8:3). Recorded as male; listed with tribe: Benjamin."
Naaman_1,Naaman,,"(grand?)son of Benjamin (GEN 46:21), son of Bela (NUM 26:40)",male,Benjamin,"In this dataset, Naaman is described as (grand?)son of Benjamin (GEN 46:21), son of Bela (NUM 26:40). Recorded as male; listed with tribe: Benjamin.",1,333,"In this dataset, Naaman is described as (grand?)son of Benjamin (GEN 46:21), son of Bela (NUM 26:40). Recorded as male; listed with tribe: Benjamin."
Ehi_1,Ehi,,son of Benjamin (GEN 46:21),male,Benjamin,"In this dataset, Ehi is described as son of Benjamin (GEN 46:21). Recorded as male; listed with tribe: Benjamin.",1,334,"In this dataset, Ehi is described as son of Benjamin (GEN 46:21). Recorded as male; listed with tribe: Benjamin."
Rosh_1,Rosh,,son of Benjamin (GEN 46:21),male,Benjamin,"In this dataset, Rosh is described as son of Benjamin (GEN 46:21). Recorded as male; listed with tribe: Benjamin.",1,335,"In this dataset, Rosh is described as son of Benjamin (GEN 46:21). Recorded as male; listed with tribe: Benjamin."
Muppim_1,Muppim,,"(grand?)son of Benjamin (GEN 46:21), son of Bela (1CH 7:12, 8:3)",male,Benjamin,"In this dataset, Muppim is described as (grand?)son of Benjamin (GEN 46:21), son of Bela (1CH 7:12, 8:3). Recorded as male; listed with tribe: Benjamin.",1,336,"In this dataset, Muppim is described as (grand?)son of Benjamin (GEN 46:21), son of Bela (1CH 7:12, 8:3). Recorded as male; listed with tribe: Benjamin."
Huppim_1,Huppim,,"(grand?)son of Benjamin (GEN 46:21), son of Bela (1CH 7:12, 8:3)",male,Benjamin,"In this dataset, Huppim is described as (grand?)son of Benjamin (GEN 46:21), son of Bela (1CH 7:12, 8:3). Recorded as male; listed with tribe: Benjamin.",1,337,"In this dataset, Huppim is described as (grand?)son of Benjamin (GEN 46:21), son of Bela (1CH 7:12, 8:3). Recorded as male; listed with tribe: Benjamin."
Ard_1,Ard,,"(grand?)son of Benjamin (GEN 46:21), son of Bela (NUM 26:40)",male,Benjamin,"In this dataset, Ard is described as (grand?)son of Benjamin (GEN 46:21), son of Bela (NUM 26:40). Recorded as male; listed with tribe: Benjamin.",1,338,"In this dataset, Ard is described as (grand?)son of Benjamin (GEN 46:21), son of Bela (NUM 26:40). Recorded as male; listed with tribe: Benjamin."
Hushim_1,Hushim,,son of Dan (GEN 46:23),male,Dan,"In this dataset, Hushim is described as son of Dan (GEN 46:23). Recorded as male; listed with tribe: Dan.",1,339,"In this dataset, Hushim is described as son of Dan (GEN 46:23). Recorded as male; listed with tribe: Dan."
Jahzeel_1,Jahzeel,,son of Naphtali (GEN 46:24),male,Naphtali,"In this dataset, Jahzeel is described as son of Naphtali (GEN 46:24). Recorded as male; listed with tribe: Naphtali.",1,340,"In this dataset, Jahzeel is described as son of Naphtali (GEN 46:24). Recorded as male; listed with tribe: Naphtali."
Guni_1,Guni,,son of Naphtali (GEN 46:24),male,Naphtali,"In this dataset, Guni is described as son of Naphtali (GEN 46:24). Recorded as male; listed with tribe: Naphtali.",1,341,"In this dataset, Guni is described as son of Naphtali (GEN 46:24). Recorded as male; listed with tribe: Naphtali."
Jezer_1,Jezer,,son of Naphtali (GEN 46:24),male,Naphtali,"In this dataset, Jezer is described as son of Naphtali (GEN 46:24). Recorded as male; listed with tribe: Naphtali.",1,342,"In this dataset, Jezer is described as son of Naphtali (GEN 46:24). Recorded as male; listed with tribe: Naphtali."
Shillem_1,Shillem,,son of Naphtali (GEN 46:24),male,Naphtali,"In this dataset, Shillem is described as son of Naphtali (GEN 46:24). Recorded as male; listed with tribe: Naphtali.",1,343,"In this dataset, Shillem is described as son of Naphtali (GEN 46:24). Recorded as male; listed with tribe: Naphtali."
Machir_1,Machir,,son of Manasseh (GEN 50:23),male,Manasseh,"In this dataset, Machir is described as son of Manasseh (GEN 50:23). Recorded as male; listed with tribe: Manasseh.",1,344,"In this dataset, Machir is described as son of Manasseh (GEN 50:23). Recorded as male; listed with tribe: Manasseh."
Pharaoh_3,Pharaoh,,Pharaoh when Moses was born (EXO 1:11),male,,"In this dataset, Pharaoh is described as Pharaoh when Moses was born (EXO 1:11). Recorded as male.",3,345,"In this dataset, Pharaoh is described as Pharaoh when Moses was born (EXO 1:11). Recorded as male."
Shiphrah_1,Shiphrah,,Hebrew midwife of Exodus (EXO 1:15),female,,"In this dataset, Shiphrah is described as Hebrew midwife of Exodus (EXO 1:15). Recorded as female.",1,346,"In this dataset, Shiphrah is described as Hebrew midwife of Exodus (EXO 1:15). Recorded as female."
Puah_1,Puah,,Hebrew midwife of Exodus (EXO 1:15),female,,"In this dataset, Puah is described as Hebrew midwife of Exodus (EXO 1:15). Recorded as female.",1,347,"In this dataset, Puah is described as Hebrew midwife of Exodus (EXO 1:15). Recorded as female."
Moses_1,Moses,,led Israel out of Egypt in the Exodus (EXO 13:3),male,Levi,"In this dataset, Moses is described as led Israel out of Egypt in the Exodus (EXO 13:3). Recorded as male; listed with tribe: Levi.",1,348,"In this dataset, Moses is described as led Israel out of Egypt in the Exodus (EXO 13:3). Recorded as male; listed with tribe: Levi."
Reuel_2,Reuel,,"Moses' father-in-law (EXO 2:18, NUM 10:29)",male,,"In this dataset, Reuel is described as Moses' father-in-law (EXO 2:18, NUM 10:29). Recorded as male.",2,349,"In this dataset, Reuel is described as Moses' father-in-law (EXO 2:18, NUM 10:29). Recorded as male."
Zipporah_1,Zipporah,,"daughter of Reuel (EXO 2:18), Moses' wife (EXO 2:21), a Cushite (NUM 12:1)",female,,"In this dataset, Zipporah is described as daughter of Reuel (EXO 2:18), Moses' wife (EXO 2:21), a Cushite (NUM 12:1). Recorded as female.",1,350,"In this dataset, Zipporah is described as daughter of Reuel (EXO 2:18), Moses' wife (EXO 2:21), a Cushite (NUM 12:1). Recorded as female."
Gershom_1,Gershom,,Moses' first son (EXO 2:22),male,Levi,"In this dataset, Gershom is described as Moses' first son (EXO 2:22). Recorded as male; listed with tribe: Levi.",1,351,"In this dataset, Gershom is described as Moses' first son (EXO 2:22). Recorded as male; listed with tribe: Levi."
Pharaoh_4,Pharaoh,,Pharaoh during Israel's Exodus from Egypt (EXO 3:10),male,,"In this dataset, Pharaoh is described as Pharaoh during Israel's Exodus from Egypt (EXO 3:10). Recorded as male.",4,352,"In this dataset, Pharaoh is described as Pharaoh during Israel's Exodus from Egypt (EXO 3:10). Recorded as male."
Aaron_1,Aaron,,brother of Moses (EXO 4:14) and Levitical priest (EXO 28:1),male,Levi,"In this dataset, Aaron is described as brother of Moses (EXO 4:14) and Levitical priest (EXO 28:1). Recorded as male; listed with tribe: Levi.",1,353,"In this dataset, Aaron is described as brother of Moses (EXO 4:14) and Levitical priest (EXO 28:1). Recorded as male; listed with tribe: Levi."
Libni_1,Libni,,son of Gershon (EXO 6:17),male,Levi,"In this dataset, Libni is described as son of Gershon (EXO 6:17). Recorded as male; listed with tribe: Levi.",1,354,"In this dataset, Libni is described as son of Gershon (EXO 6:17). Recorded as male; listed with tribe: Levi."
Shimei_1,Shimei,,son of Gershon (EXO 6:17),male,Levi,"In this dataset, Shimei is described as son of Gershon (EXO 6:17). Recorded as male; listed with tribe: Levi.",1,355,"In this dataset, Shimei is described as son of Gershon (EXO 6:17). Recorded as male; listed with tribe: Levi."
Amram_1,Amram,,son of Kohath (EXO 6:18),male,Levi,"In this dataset, Amram is described as son of Kohath (EXO 6:18). Recorded as male; listed with tribe: Levi.",1,356,"In this dataset, Amram is described as son of Kohath (EXO 6:18). Recorded as male; listed with tribe: Levi."
Izhar_1,Izhar,,son of Kohath (EXO 6:18),male,Levi,"In this dataset, Izhar is described as son of Kohath (EXO 6:18). Recorded as male; listed with tribe: Levi.",1,357,"In this dataset, Izhar is described as son of Kohath (EXO 6:18). Recorded as male; listed with tribe: Levi."
Hebron_1,Hebron,,son of Kohath (EXO 6:18),male,Levi,"In this dataset, Hebron is described as son of Kohath (EXO 6:18). Recorded as male; listed with tribe: Levi.",1,358,"In this dataset, Hebron is described as son of Kohath (EXO 6:18). Recorded as male; listed with tribe: Levi."
Uzziel_1,Uzziel,,son of Kohath (EXO 6:18),male,Levi,"In this dataset, Uzziel is described as son of Kohath (EXO 6:18). Recorded as male; listed with tribe: Levi.",1,359,"In this dataset, Uzziel is described as son of Kohath (EXO 6:18). Recorded as male; listed with tribe: Levi."
Mahli_1,Mahli,,son of Merari (EXO 6:19),male,Levi,"In this dataset, Mahli is described as son of Merari (EXO 6:19). Recorded as male; listed with tribe: Levi.",1,360,"In this dataset, Mahli is described as son of Merari (EXO 6:19). Recorded as male; listed with tribe: Levi."
Mushi_1,Mushi,,son of Merari (EXO 6:19),male,Levi,"In this dataset, Mushi is described as son of Merari (EXO 6:19). Recorded as male; listed with tribe: Levi.",1,361,"In this dataset, Mushi is described as son of Merari (EXO 6:19). Recorded as male; listed with tribe: Levi."
Jochebed_1,Jochebed,,"aunt and wife of Amram, mother of Moses (EXO 6:20)",female,Levi,"In this dataset, Jochebed is described as aunt and wife of Amram, mother of Moses (EXO 6:20). Recorded as female; listed with tribe: Levi.",1,362,"In this dataset, Jochebed is described as aunt and wife of Amram, mother of Moses (EXO 6:20). Recorded as female; listed with tribe: Levi."
Korah_3,Korah,,son of Izhar (EXO 6:21) who rebelled against G-d and Moses (Numbers chapter 16),male,Levi,"In this dataset, Korah is described as son of Izhar (EXO 6:21) who rebelled against G-d and Moses (Numbers chapter 16). Recorded as male; listed with tribe: Levi.",3,363,"In this dataset, Korah is described as son of Izhar (EXO 6:21) who rebelled against G-d and Moses (Numbers chapter 16). Recorded as male; listed with tribe: Levi."
Nepheg_1,Nepheg,,son of Izhar (EXO 6:21),male,Levi,"In this dataset, Nepheg is described as son of Izhar (EXO 6:21). Recorded as male; listed with tribe: Levi.",1,364,"In this dataset, Nepheg is described as son of Izhar (EXO 6:21). Recorded as male; listed with tribe: Levi."
Zichri_1,Zichri,,son of Izhar (EXO 6:21),male,Levi,"In this dataset, Zichri is described as son of Izhar (EXO 6:21). Recorded as male; listed with tribe: Levi.",1,365,"In this dataset, Zichri is described as son of Izhar (EXO 6:21). Recorded as male; listed with tribe: Levi."
Mishael_1,Mishael,,son of Uzziel (EXO 6:22),male,Levi,"In this dataset, Mishael is described as son of Uzziel (EXO 6:22). Recorded as male; listed with tribe: Levi.",1,366,"In this dataset, Mishael is described as son of Uzziel (EXO 6:22). Recorded as male; listed with tribe: Levi."
Elzaphan_1,Elzaphan,,son of Uzziel (EXO 6:22),male,Levi,"In this dataset, Elzaphan is described as son of Uzziel (EXO 6:22). Recorded as male; listed with tribe: Levi.",1,367,"In this dataset, Elzaphan is described as son of Uzziel (EXO 6:22). Recorded as male; listed with tribe: Levi."
Sithri_1,Sithri,,son of Uzziel (EXO 6:22),male,Levi,"In this dataset, Sithri is described as son of Uzziel (EXO 6:22). Recorded as male; listed with tribe: Levi.",1,368,"In this dataset, Sithri is described as son of Uzziel (EXO 6:22). Recorded as male; listed with tribe: Levi."
Elisheba_1,Elisheba,,wife of Aaron and daughter of Amminadab (EXO 6:23),female,Judah,"In this dataset, Elisheba is described as wife of Aaron and daughter of Amminadab (EXO 6:23). Recorded as female; listed with tribe: Judah.",1,369,"In this dataset, Elisheba is described as wife of Aaron and daughter of Amminadab (EXO 6:23). Recorded as female; listed with tribe: Judah."
Amminadab_1,Amminadab,,father of Elisheba (EXO 6:23),male,Judah,"In this dataset, Amminadab is described as father of Elisheba (EXO 6:23). Recorded as male; listed with tribe: Judah.",1,370,"In this dataset, Amminadab is described as father of Elisheba (EXO 6:23). Recorded as male; listed with tribe: Judah."
Nahshon_1,Nahshon,,"son of Amminadab and brother of Elisheba (EXO 6:23), head of the tribe of Judah during the census (NUM 1:7)",male,Judah,"In this dataset, Nahshon is described as son of Amminadab and brother of Elisheba (EXO 6:23), head of the tribe of Judah during the census (NUM 1:7). Recorded as male; listed with tribe: Judah.",1,371,"In this dataset, Nahshon is described as son of Amminadab and brother of Elisheba (EXO 6:23), head of the tribe of Judah during the census (NUM 1:7). Recorded as male; listed with tribe: Judah."
Nadab_1,Nadab,,"son of Aaron (EXO 6:23), died for offering strange fire to the LORD (NUM 3:4)",male,Levi,"In this dataset, Nadab is described as son of Aaron (EXO 6:23), died for offering strange fire to the LORD (NUM 3:4). Recorded as male; listed with tribe: Levi.",1,372,"In this dataset, Nadab is described as son of Aaron (EXO 6:23), died for offering strange fire to the LORD (NUM 3:4). Recorded as male; listed with tribe: Levi."
Abihu_1,Abihu,,"son of Aaron (EXO 6:23), died for offering strange fire to the LORD (NUM 3:4)",male,Levi,"In this dataset, Abihu is described as son of Aaron (EXO 6:23), died for offering strange fire to the LORD (NUM 3:4). Recorded as male; listed with tribe: Levi.",1,373,"In this dataset, Abihu is described as son of Aaron (EXO 6:23), died for offering strange fire to the LORD (NUM 3:4). Recorded as male; listed with tribe: Levi."
Eleazar_1,Eleazar,,son of Aaron (EXO 6:23),male,Levi,"In this dataset, Eleazar is described as son of Aaron (EXO 6:23). Recorded as male; listed with tribe: Levi.",1,374,"In this dataset, Eleazar is described as son of Aaron (EXO 6:23). Recorded as male; listed with tribe: Levi."
Ithamar_1,Ithamar,,son of Aaron (EXO 6:23),male,Levi,"In this dataset, Ithamar is described as son of Aaron (EXO 6:23). Recorded as male; listed with tribe: Levi.",1,375,"In this dataset, Ithamar is described as son of Aaron (EXO 6:23). Recorded as male; listed with tribe: Levi."
Assir_1,Assir,,"son of Korah (EXO 6:24, 1CH 6:22)",male,Levi,"In this dataset, Assir is described as son of Korah (EXO 6:24, 1CH 6:22). Recorded as male; listed with tribe: Levi.",1,376,"In this dataset, Assir is described as son of Korah (EXO 6:24, 1CH 6:22). Recorded as male; listed with tribe: Levi."
Elkanah_1,Elkanah,,son of Korah (EXO 6:24),male,Levi,"In this dataset, Elkanah is described as son of Korah (EXO 6:24). Recorded as male; listed with tribe: Levi.",1,377,"In this dataset, Elkanah is described as son of Korah (EXO 6:24). Recorded as male; listed with tribe: Levi."
Abiasaph_1,Abiasaph,,son of Korah (EXO 6:24),male,Levi,"In this dataset, Abiasaph is described as son of Korah (EXO 6:24). Recorded as male; listed with tribe: Levi.",1,378,"In this dataset, Abiasaph is described as son of Korah (EXO 6:24). Recorded as male; listed with tribe: Levi."
Putiel_1,Putiel,,father of Eleazar's wife (EXO 6:25),male,,"In this dataset, Putiel is described as father of Eleazar's wife (EXO 6:25). Recorded as male.",1,379,"In this dataset, Putiel is described as father of Eleazar's wife (EXO 6:25). Recorded as male."
Phinehas_1,Phinehas,,"Eleazar's son, Aaron's grandson (EXO 6:25) given a covenant of peace and perpetual priesthood (NUM 25:13)",male,Levi,"In this dataset, Phinehas is described as Eleazar's son, Aaron's grandson (EXO 6:25) given a covenant of peace and perpetual priesthood (NUM 25:13). Recorded as male; listed with tribe: Levi.",1,380,"In this dataset, Phinehas is described as Eleazar's son, Aaron's grandson (EXO 6:25) given a covenant of peace and perpetual priesthood (NUM 25:13). Recorded as male; listed with tribe: Levi."
Miriam_1,Miriam,,sister of Moses (EXO 15:20),female,Levi,"In this dataset, Miriam is described as sister of Moses (EXO 15:20). Recorded as female; listed with tribe: Levi.",1,381,"In this dataset, Miriam is described as sister of Moses (EXO 15:20). Recorded as female; listed with tribe: Levi."
Joshua_1,Joshua,,"1 of the 12 spies (called Hoshea)- from Ephraim (NUM 13:8), servant of Moses (EXO 17:9)",male,Ephraim,"In this dataset, Joshua is described as 1 of the 12 spies (called Hoshea)- from Ephraim (NUM 13:8), servant of Moses (EXO 17:9). Recorded as male; listed with tribe: Ephraim.",1,382,"In this dataset, Joshua is described as 1 of the 12 spies (called Hoshea)- from Ephraim (NUM 13:8), servant of Moses (EXO 17:9). Recorded as male; listed with tribe: Ephraim."
Hur_1,Hur,,supported Moses' hands during the battle against Amalek at Rephidim (EXO 17:10-12),male,Judah,"In this dataset, Hur is described as supported Moses' hands during the battle against Amalek at Rephidim (EXO 17:10-12). Recorded as male; listed with tribe: Judah.",1,383,"In this dataset, Hur is described as supported Moses' hands during the battle against Amalek at Rephidim (EXO 17:10-12). Recorded as male; listed with tribe: Judah."
Eliezer_2,Eliezer,,Moses' second son (EXO 18:4),male,Levi,"In this dataset, Eliezer is described as Moses' second son (EXO 18:4). Recorded as male; listed with tribe: Levi.",2,384,"In this dataset, Eliezer is described as Moses' second son (EXO 18:4). Recorded as male; listed with tribe: Levi."
Bezalel_1,Bezalel,,called by G-d in the construction of the tabernacle (EXO 31:2),male,Judah,"In this dataset, Bezalel is described as called by G-d in the construction of the tabernacle (EXO 31:2). Recorded as male; listed with tribe: Judah.",1,385,"In this dataset, Bezalel is described as called by G-d in the construction of the tabernacle (EXO 31:2). Recorded as male; listed with tribe: Judah."
Uri_1,Uri,,father of Bezalel (EXO 31:2),male,Judah,"In this dataset, Uri is described as father of Bezalel (EXO 31:2). Recorded as male; listed with tribe: Judah.",1,386,"In this dataset, Uri is described as father of Bezalel (EXO 31:2). Recorded as male; listed with tribe: Judah."
Oholiab_1,Oholiab,,appointed by G-d to the construction of the tabernacle (EXO 31:6),male,Dan,"In this dataset, Oholiab is described as appointed by G-d to the construction of the tabernacle (EXO 31:6). Recorded as male; listed with tribe: Dan.",1,387,"In this dataset, Oholiab is described as appointed by G-d to the construction of the tabernacle (EXO 31:6). Recorded as male; listed with tribe: Dan."
Ahisamach_1,Ahisamach,,father of Oholiab (EXO 31:6),male,Dan,"In this dataset, Ahisamach is described as father of Oholiab (EXO 31:6). Recorded as male; listed with tribe: Dan.",1,388,"In this dataset, Ahisamach is described as father of Oholiab (EXO 31:6). Recorded as male; listed with tribe: Dan."
Nun_1,Nun,,father of Joshua (EXO 33:11),male,Ephraim,"In this dataset, Nun is described as father of Joshua (EXO 33:11). Recorded as male; listed with tribe: Ephraim.",1,389,"In this dataset, Nun is described as father of Joshua (EXO 33:11). Recorded as male; listed with tribe: Ephraim."
Shelomith_1,Shelomith,,mother of the unnamed man who cursed the Name (LEV 24:11),female,Dan,"In this dataset, Shelomith is described as mother of the unnamed man who cursed the Name (LEV 24:11). Recorded as female; listed with tribe: Dan.",1,390,"In this dataset, Shelomith is described as mother of the unnamed man who cursed the Name (LEV 24:11). Recorded as female; listed with tribe: Dan."
Dibri_1,Dibri,,father of Shelomith (LEV 24:11),male,Dan,"In this dataset, Dibri is described as father of Shelomith (LEV 24:11). Recorded as male; listed with tribe: Dan.",1,391,"In this dataset, Dibri is described as father of Shelomith (LEV 24:11). Recorded as male; listed with tribe: Dan."
Elizur_1,Elizur,,head of the tribe of Reuben during the census (NUM 1:5),male,Reuben,"In this dataset, Elizur is described as head of the tribe of Reuben during the census (NUM 1:5). Recorded as male; listed with tribe: Reuben.",1,392,"In this dataset, Elizur is described as head of the tribe of Reuben during the census (NUM 1:5). Recorded as male; listed with tribe: Reuben."
Shedeur_1,Shedeur,,father of Elizur (NUM 1:5),male,Reuben,"In this dataset, Shedeur is described as father of Elizur (NUM 1:5). Recorded as male; listed with tribe: Reuben.",1,393,"In this dataset, Shedeur is described as father of Elizur (NUM 1:5). Recorded as male; listed with tribe: Reuben."
Shelumiel_1,Shelumiel,,head of the tribe of Simeon during the census (NUM 1:6),male,Simeon,"In this dataset, Shelumiel is described as head of the tribe of Simeon during the census (NUM 1:6). Recorded as male; listed with tribe: Simeon.",1,394,"In this dataset, Shelumiel is described as head of the tribe of Simeon during the census (NUM 1:6). Recorded as male; listed with tribe: Simeon."
Zurishaddai_1,Zurishaddai,,father of Shelumiel (NUM 1:6),male,Simeon,"In this dataset, Zurishaddai is described as father of Shelumiel (NUM 1:6). Recorded as male; listed with tribe: Simeon.",1,395,"In this dataset, Zurishaddai is described as father of Shelumiel (NUM 1:6). Recorded as male; listed with tribe: Simeon."
Nethanel_1,Nethanel,,head of the tribe of Issachar during the census (NUM 1:8),male,Issachar,"In this dataset, Nethanel is described as head of the tribe of Issachar during the census (NUM 1:8). Recorded as male; listed with tribe: Issachar.",1,396,"In this dataset, Nethanel is described as head of the tribe of Issachar during the census (NUM 1:8). Recorded as male; listed with tribe: Issachar."
Zuar_1,Zuar,,father of Nethanel (NUM 1:8),male,Issachar,"In this dataset, Zuar is described as father of Nethanel (NUM 1:8). Recorded as male; listed with tribe: Issachar.",1,397,"In this dataset, Zuar is described as father of Nethanel (NUM 1:8). Recorded as male; listed with tribe: Issachar."
Eliab_1,Eliab,,head of the tribe of Zebulun during the census (NUM 1:9),male,Zebulun,"In this dataset, Eliab is described as head of the tribe of Zebulun during the census (NUM 1:9). Recorded as male; listed with tribe: Zebulun.",1,398,"In this dataset, Eliab is described as head of the tribe of Zebulun during the census (NUM 1:9). Recorded as male; listed with tribe: Zebulun."
Helon_1,Helon,,father of Eliab (NUM 1:9),male,Zebulun,"In this dataset, Helon is described as father of Eliab (NUM 1:9). Recorded as male; listed with tribe: Zebulun.",1,399,"In this dataset, Helon is described as father of Eliab (NUM 1:9). Recorded as male; listed with tribe: Zebulun."
Elishama_1,Elishama,,head of the tribe of Ephraim during the census (NUM 1:10),male,Ephraim,"In this dataset, Elishama is described as head of the tribe of Ephraim during the census (NUM 1:10). Recorded as male; listed with tribe: Ephraim.",1,400,"In this dataset, Elishama is described as head of the tribe of Ephraim during the census (NUM 1:10). Recorded as male; listed with tribe: Ephraim."
Ammihud_1,Ammihud,,father of Elishama (NUM 1:10),male,Ephraim,"In this dataset, Ammihud is described as father of Elishama (NUM 1:10). Recorded as male; listed with tribe: Ephraim.",1,401,"In this dataset, Ammihud is described as father of Elishama (NUM 1:10). Recorded as male; listed with tribe: Ephraim."
Gamaliel_1,Gamaliel,,head of the tribe of Manasseh during the census (NUM 1:10),male,Manasseh,"In this dataset, Gamaliel is described as head of the tribe of Manasseh during the census (NUM 1:10). Recorded as male; listed with tribe: Manasseh.",1,402,"In this dataset, Gamaliel is described as head of the tribe of Manasseh during the census (NUM 1:10). Recorded as male; listed with tribe: Manasseh."
Pedahzur_1,Pedahzur,,father of Gamaliel (NUM 1:10),male,Manasseh,"In this dataset, Pedahzur is described as father of Gamaliel (NUM 1:10). Recorded as male; listed with tribe: Manasseh.",1,403,"In this dataset, Pedahzur is described as father of Gamaliel (NUM 1:10). Recorded as male; listed with tribe: Manasseh."
Abidan_1,Abidan,,head of the tribe of Benjamin during the census (NUM 1:11),male,Benjamin,"In this dataset, Abidan is described as head of the tribe of Benjamin during the census (NUM 1:11). Recorded as male; listed with tribe: Benjamin.",1,404,"In this dataset, Abidan is described as head of the tribe of Benjamin during the census (NUM 1:11). Recorded as male; listed with tribe: Benjamin."
Gideoni_1,Gideoni,,father of Abidan (NUM 1:11),male,Benjamin,"In this dataset, Gideoni is described as father of Abidan (NUM 1:11). Recorded as male; listed with tribe: Benjamin.",1,405,"In this dataset, Gideoni is described as father of Abidan (NUM 1:11). Recorded as male; listed with tribe: Benjamin."
Ahiezer_1,Ahiezer,,head of the tribe of Dan during the census (NUM 1:12),male,Dan,"In this dataset, Ahiezer is described as head of the tribe of Dan during the census (NUM 1:12). Recorded as male; listed with tribe: Dan.",1,406,"In this dataset, Ahiezer is described as head of the tribe of Dan during the census (NUM 1:12). Recorded as male; listed with tribe: Dan."
Ammishaddai_1,Ammishaddai,,father of Ahiezer (NUM 1:12),male,Dan,"In this dataset, Ammishaddai is described as father of Ahiezer (NUM 1:12). Recorded as male; listed with tribe: Dan.",1,407,"In this dataset, Ammishaddai is described as father of Ahiezer (NUM 1:12). Recorded as male; listed with tribe: Dan."
Pagiel_1,Pagiel,,head of the tribe of Asher during the census (NUM 1:13),male,Asher,"In this dataset, Pagiel is described as head of the tribe of Asher during the census (NUM 1:13). Recorded as male; listed with tribe: Asher.",1,408,"In this dataset, Pagiel is described as head of the tribe of Asher during the census (NUM 1:13). Recorded as male; listed with tribe: Asher."
Ochran_1,Ochran,,father of Pagiel (NUM 1:13),male,Asher,"In this dataset, Ochran is described as father of Pagiel (NUM 1:13). Recorded as male; listed with tribe: Asher.",1,409,"In this dataset, Ochran is described as father of Pagiel (NUM 1:13). Recorded as male; listed with tribe: Asher."
Eliasaph_1,Eliasaph,,head of the tribe of Gad during the census (NUM 1:14),male,Gad,"In this dataset, Eliasaph is described as head of the tribe of Gad during the census (NUM 1:14). Recorded as male; listed with tribe: Gad.",1,410,"In this dataset, Eliasaph is described as head of the tribe of Gad during the census (NUM 1:14). Recorded as male; listed with tribe: Gad."
Deuel_1,Deuel,,father of Eliasaph (NUM 1:14),male,Gad,"In this dataset, Deuel is described as father of Eliasaph (NUM 1:14). Recorded as male; listed with tribe: Gad.",1,411,"In this dataset, Deuel is described as father of Eliasaph (NUM 1:14). Recorded as male; listed with tribe: Gad."
Ahira_1,Ahira,,head of the tribe of Naphtali during the census (NUM 1:15),male,Naphtali,"In this dataset, Ahira is described as head of the tribe of Naphtali during the census (NUM 1:15). Recorded as male; listed with tribe: Naphtali.",1,412,"In this dataset, Ahira is described as head of the tribe of Naphtali during the census (NUM 1:15). Recorded as male; listed with tribe: Naphtali."
Enan_1,Enan,,father of Ahira (NUM 1:15),male,Naphtali,"In this dataset, Enan is described as father of Ahira (NUM 1:15). Recorded as male; listed with tribe: Naphtali.",1,413,"In this dataset, Enan is described as father of Ahira (NUM 1:15). Recorded as male; listed with tribe: Naphtali."
Eliasaph_2,Eliasaph,,leader of the Gershonites (NUM 3:24),male,Levi,"In this dataset, Eliasaph is described as leader of the Gershonites (NUM 3:24). Recorded as male; listed with tribe: Levi.",2,414,"In this dataset, Eliasaph is described as leader of the Gershonites (NUM 3:24). Recorded as male; listed with tribe: Levi."
Lael_1,Lael,,father of Eliasaph (NUM 3:24),male,Levi,"In this dataset, Lael is described as father of Eliasaph (NUM 3:24). Recorded as male; listed with tribe: Levi.",1,415,"In this dataset, Lael is described as father of Eliasaph (NUM 3:24). Recorded as male; listed with tribe: Levi."
Zuriel_1,Zuriel,,leader of the families of Merari (NUM 3:35),male,Levi,"In this dataset, Zuriel is described as leader of the families of Merari (NUM 3:35). Recorded as male; listed with tribe: Levi.",1,416,"In this dataset, Zuriel is described as leader of the families of Merari (NUM 3:35). Recorded as male; listed with tribe: Levi."
Abihail_1,Abihail,,father of Zuriel (NUM 3:35),male,Levi,"In this dataset, Abihail is described as father of Zuriel (NUM 3:35). Recorded as male; listed with tribe: Levi.",1,417,"In this dataset, Abihail is described as father of Zuriel (NUM 3:35). Recorded as male; listed with tribe: Levi."
Hobab_1,Hobab,,"the son of Reuel, Moses' father-in-law (NUM 10:29)",male,,"In this dataset, Hobab is described as the son of Reuel, Moses' father-in-law (NUM 10:29). Recorded as male.",1,418,"In this dataset, Hobab is described as the son of Reuel, Moses' father-in-law (NUM 10:29). Recorded as male."
Eldad_1,Eldad,,remained in the camp and prophesied (NUM 11:26),male,,"In this dataset, Eldad is described as remained in the camp and prophesied (NUM 11:26). Recorded as male.",1,419,"In this dataset, Eldad is described as remained in the camp and prophesied (NUM 11:26). Recorded as male."
Medad_1,Medad,,remained in the camp and prophesied (NUM 11:26),male,,"In this dataset, Medad is described as remained in the camp and prophesied (NUM 11:26). Recorded as male.",1,420,"In this dataset, Medad is described as remained in the camp and prophesied (NUM 11:26). Recorded as male."
Shammua_1,Shammua,,1 of the 12 spies- from Reuben (NUM 13:4),male,Reuben,"In this dataset, Shammua is described as 1 of the 12 spies- from Reuben (NUM 13:4). Recorded as male; listed with tribe: Reuben.",1,421,"In this dataset, Shammua is described as 1 of the 12 spies- from Reuben (NUM 13:4). Recorded as male; listed with tribe: Reuben."
Zaccur_1,Zaccur,,father of Shammua (NUM 13:4),male,Reuben,"In this dataset, Zaccur is described as father of Shammua (NUM 13:4). Recorded as male; listed with tribe: Reuben.",1,422,"In this dataset, Zaccur is described as father of Shammua (NUM 13:4). Recorded as male; listed with tribe: Reuben."
Shaphat_1,Shaphat,,1 of the 12 spies- from Simeon (NUM 13:5),male,Simeon,"In this dataset, Shaphat is described as 1 of the 12 spies- from Simeon (NUM 13:5). Recorded as male; listed with tribe: Simeon.",1,423,"In this dataset, Shaphat is described as 1 of the 12 spies- from Simeon (NUM 13:5). Recorded as male; listed with tribe: Simeon."
Hori_2,Hori,,father of Shaphat (NUM 13:5),male,Simeon,"In this dataset, Hori is described as father of Shaphat (NUM 13:5). Recorded as male; listed with tribe: Simeon.",2,424,"In this dataset, Hori is described as father of Shaphat (NUM 13:5). Recorded as male; listed with tribe: Simeon."
Caleb_1,Caleb,,1 of the 12 spies- from Judah (NUM 13:6),male,Judah,"In this dataset, Caleb is described as 1 of the 12 spies- from Judah (NUM 13:6). Recorded as male; listed with tribe: Judah.",1,425,"In this dataset, Caleb is described as 1 of the 12 spies- from Judah (NUM 13:6). Recorded as male; listed with tribe: Judah."
Jephunneh_1,Jephunneh,,father of Caleb (NUM 13:6),male,Judah,"In this dataset, Jephunneh is described as father of Caleb (NUM 13:6). Recorded as male; listed with tribe: Judah.",1,426,"In this dataset, Jephunneh is described as father of Caleb (NUM 13:6). Recorded as male; listed with tribe: Judah."
Igal_1,Igal,,1 of the 12 spies- from Issachar (NUM 13:7),male,Issachar,"In this dataset, Igal is described as 1 of the 12 spies- from Issachar (NUM 13:7). Recorded as male; listed with tribe: Issachar.",1,427,"In this dataset, Igal is described as 1 of the 12 spies- from Issachar (NUM 13:7). Recorded as male; listed with tribe: Issachar."
Joseph_2,Joseph,,father of Igal (NUM 13:7),male,Issachar,"In this dataset, Joseph is described as father of Igal (NUM 13:7). Recorded as male; listed with tribe: Issachar.",2,428,"In this dataset, Joseph is described as father of Igal (NUM 13:7). Recorded as male; listed with tribe: Issachar."
Palti_1,Palti,,1 of the 12 spies- from Benjamin (NUM 13:9),male,Benjamin,"In this dataset, Palti is described as 1 of the 12 spies- from Benjamin (NUM 13:9). Recorded as male; listed with tribe: Benjamin.",1,429,"In this dataset, Palti is described as 1 of the 12 spies- from Benjamin (NUM 13:9). Recorded as male; listed with tribe: Benjamin."
Raphu_1,Raphu,,father of Palti (NUM 13:9),male,Benjamin,"In this dataset, Raphu is described as father of Palti (NUM 13:9). Recorded as male; listed with tribe: Benjamin.",1,430,"In this dataset, Raphu is described as father of Palti (NUM 13:9). Recorded as male; listed with tribe: Benjamin."
Gaddiel_1,Gaddiel,,1 of the 12 spies- from Zebulun (NUM 13:10),male,Zebulun,"In this dataset, Gaddiel is described as 1 of the 12 spies- from Zebulun (NUM 13:10). Recorded as male; listed with tribe: Zebulun.",1,431,"In this dataset, Gaddiel is described as 1 of the 12 spies- from Zebulun (NUM 13:10). Recorded as male; listed with tribe: Zebulun."
Sodi_1,Sodi,,father of Gaddiel (NUM 13:10),male,Zebulun,"In this dataset, Sodi is described as father of Gaddiel (NUM 13:10). Recorded as male; listed with tribe: Zebulun.",1,432,"In this dataset, Sodi is described as father of Gaddiel (NUM 13:10). Recorded as male; listed with tribe: Zebulun."
Gaddi_1,Gaddi,,1 of the 12 spies- from Manasseh (NUM 13:11),male,Manasseh,"In this dataset, Gaddi is described as 1 of the 12 spies- from Manasseh (NUM 13:11). Recorded as male; listed with tribe: Manasseh.",1,433,"In this dataset, Gaddi is described as 1 of the 12 spies- from Manasseh (NUM 13:11). Recorded as male; listed with tribe: Manasseh."
Susi_1,Susi,,father of Gaddi (NUM 13:11),male,Manasseh,"In this dataset, Susi is described as father of Gaddi (NUM 13:11). Recorded as male; listed with tribe: Manasseh.",1,434,"In this dataset, Susi is described as father of Gaddi (NUM 13:11). Recorded as male; listed with tribe: Manasseh."
Ammiel_1,Ammiel,,1 of 12 the spies- from Dan (NUM 13:12),male,Dan,"In this dataset, Ammiel is described as 1 of 12 the spies- from Dan (NUM 13:12). Recorded as male; listed with tribe: Dan.",1,435,"In this dataset, Ammiel is described as 1 of 12 the spies- from Dan (NUM 13:12). Recorded as male; listed with tribe: Dan."
Gemalli_1,Gemalli,,father of Ammiel (NUM 13:12),male,Dan,"In this dataset, Gemalli is described as father of Ammiel (NUM 13:12). Recorded as male; listed with tribe: Dan.",1,436,"In this dataset, Gemalli is described as father of Ammiel (NUM 13:12). Recorded as male; listed with tribe: Dan."
Sethur_1,Sethur,,1 of the 12 spies- from Asher (NUM 13:13),male,Asher,"In this dataset, Sethur is described as 1 of the 12 spies- from Asher (NUM 13:13). Recorded as male; listed with tribe: Asher.",1,437,"In this dataset, Sethur is described as 1 of the 12 spies- from Asher (NUM 13:13). Recorded as male; listed with tribe: Asher."
Michael_1,Michael,,father of Sethur (NUM 13:13),male,Asher,"In this dataset, Michael is described as father of Sethur (NUM 13:13). Recorded as male; listed with tribe: Asher.",1,438,"In this dataset, Michael is described as father of Sethur (NUM 13:13). Recorded as male; listed with tribe: Asher."
Nahbi_1,Nahbi,,1 of the 12 spies- from Naphtali (NUM 13:14),male,Naphtali,"In this dataset, Nahbi is described as 1 of the 12 spies- from Naphtali (NUM 13:14). Recorded as male; listed with tribe: Naphtali.",1,439,"In this dataset, Nahbi is described as 1 of the 12 spies- from Naphtali (NUM 13:14). Recorded as male; listed with tribe: Naphtali."
Vophsi_1,Vophsi,,father of Nahbi (NUM 13:14),male,Naphtali,"In this dataset, Vophsi is described as father of Nahbi (NUM 13:14). Recorded as male; listed with tribe: Naphtali.",1,440,"In this dataset, Vophsi is described as father of Nahbi (NUM 13:14). Recorded as male; listed with tribe: Naphtali."
Geuel_1,Geuel,,1 of the 12 spies- from Gad (NUM 13:15),male,Gad,"In this dataset, Geuel is described as 1 of the 12 spies- from Gad (NUM 13:15). Recorded as male; listed with tribe: Gad.",1,441,"In this dataset, Geuel is described as 1 of the 12 spies- from Gad (NUM 13:15). Recorded as male; listed with tribe: Gad."
Machi_1,Machi,,father of Geuel (NUM 13:15),male,Gad,"In this dataset, Machi is described as father of Geuel (NUM 13:15). Recorded as male; listed with tribe: Gad.",1,442,"In this dataset, Machi is described as father of Geuel (NUM 13:15). Recorded as male; listed with tribe: Gad."
Ahiman_1,Ahiman,,descendant of Anak (NUM 13:22),male,,"In this dataset, Ahiman is described as descendant of Anak (NUM 13:22). Recorded as male.",1,443,"In this dataset, Ahiman is described as descendant of Anak (NUM 13:22). Recorded as male."
Sheshai_1,Sheshai,,descendant of Anak (NUM 13:22),male,,"In this dataset, Sheshai is described as descendant of Anak (NUM 13:22). Recorded as male.",1,444,"In this dataset, Sheshai is described as descendant of Anak (NUM 13:22). Recorded as male."
Talmai_1,Talmai,,descendant of Anak (NUM 13:22),male,,"In this dataset, Talmai is described as descendant of Anak (NUM 13:22). Recorded as male.",1,445,"In this dataset, Talmai is described as descendant of Anak (NUM 13:22). Recorded as male."
Anak_1,Anak,,ancestor of the Anakim (NUM 13:22),male,,"In this dataset, Anak is described as ancestor of the Anakim (NUM 13:22). Recorded as male.",1,446,"In this dataset, Anak is described as ancestor of the Anakim (NUM 13:22). Recorded as male."
Dathan_1,Dathan,,rebelled against Moses with Korah (NUM 16:1),male,Reuben,"In this dataset, Dathan is described as rebelled against Moses with Korah (NUM 16:1). Recorded as male; listed with tribe: Reuben.",1,447,"In this dataset, Dathan is described as rebelled against Moses with Korah (NUM 16:1). Recorded as male; listed with tribe: Reuben."
Abiram_1,Abiram,,rebelled against Moses with Korah (NUM 16:1),male,Reuben,"In this dataset, Abiram is described as rebelled against Moses with Korah (NUM 16:1). Recorded as male; listed with tribe: Reuben.",1,448,"In this dataset, Abiram is described as rebelled against Moses with Korah (NUM 16:1). Recorded as male; listed with tribe: Reuben."
Eliab_2,Eliab,,father of Dathan and Abiram from the tribe of Reuben (NUM 16:1),male,Reuben,"In this dataset, Eliab is described as father of Dathan and Abiram from the tribe of Reuben (NUM 16:1). Recorded as male; listed with tribe: Reuben.",2,449,"In this dataset, Eliab is described as father of Dathan and Abiram from the tribe of Reuben (NUM 16:1). Recorded as male; listed with tribe: Reuben."
On_1,On,,rebelled against Moses with Korah (NUM 16:1),male,Reuben,"In this dataset, On is described as rebelled against Moses with Korah (NUM 16:1). Recorded as male; listed with tribe: Reuben.",1,450,"In this dataset, On is described as rebelled against Moses with Korah (NUM 16:1). Recorded as male; listed with tribe: Reuben."
Peleth_1,Peleth,,father of On (NUM 16:1),male,Reuben,"In this dataset, Peleth is described as father of On (NUM 16:1). Recorded as male; listed with tribe: Reuben.",1,451,"In this dataset, Peleth is described as father of On (NUM 16:1). Recorded as male; listed with tribe: Reuben."
King of Edom_1,King of Edom,,Moses sent messengers to him (NUM 20:14),male,Edomite,"In this dataset, King of Edom is described as Moses sent messengers to him (NUM 20:14). Recorded as male; listed with tribe: Edomite.",1,452,"In this dataset, King of Edom is described as Moses sent messengers to him (NUM 20:14). Recorded as male; listed with tribe: Edomite."
King of Arad_1,King of Arad,,fought against Israel and took some of them captive (NUM 21:1),male,,"In this dataset, King of Arad is described as fought against Israel and took some of them captive (NUM 21:1). Recorded as male.",1,453,"In this dataset, King of Arad is described as fought against Israel and took some of them captive (NUM 21:1). Recorded as male."
Sihon_1,Sihon,,King of the Amorites (NUM 21:21),male,Amorite,"In this dataset, Sihon is described as King of the Amorites (NUM 21:21). Recorded as male; listed with tribe: Amorite.",1,454,"In this dataset, Sihon is described as King of the Amorites (NUM 21:21). Recorded as male; listed with tribe: Amorite."
King of Moab_1,King of Moab,,former King of Moab from whom Sihon had taken land (NUM 21:26),male,Moabite,"In this dataset, King of Moab is described as former King of Moab from whom Sihon had taken land (NUM 21:26). Recorded as male; listed with tribe: Moabite.",1,455,"In this dataset, King of Moab is described as former King of Moab from whom Sihon had taken land (NUM 21:26). Recorded as male; listed with tribe: Moabite."
Og_1,Og,,King of Bashan (NUM 21:33),male,,"In this dataset, Og is described as King of Bashan (NUM 21:33). Recorded as male.",1,456,"In this dataset, Og is described as King of Bashan (NUM 21:33). Recorded as male."
Balak_1,Balak,,"Midianite prophet who worked against Israel, son of Zippor (NUM 22:2)",male,Midianite,"In this dataset, Balak is described as Midianite prophet who worked against Israel, son of Zippor (NUM 22:2). Recorded as male; listed with tribe: Midianite.",1,457,"In this dataset, Balak is described as Midianite prophet who worked against Israel, son of Zippor (NUM 22:2). Recorded as male; listed with tribe: Midianite."
Zippor_1,Zippor,,father of Balak (NUM 22:2),male,Midianite,"In this dataset, Zippor is described as father of Balak (NUM 22:2). Recorded as male; listed with tribe: Midianite.",1,458,"In this dataset, Zippor is described as father of Balak (NUM 22:2). Recorded as male; listed with tribe: Midianite."
Balaam_1,Balaam,,"from Pethor of Mesopotamia (NUM 22:5, DEUT 23:4)",male,,"In this dataset, Balaam is described as from Pethor of Mesopotamia (NUM 22:5, DEUT 23:4). Recorded as male.",1,459,"In this dataset, Balaam is described as from Pethor of Mesopotamia (NUM 22:5, DEUT 23:4). Recorded as male."
Beor_2,Beor,,father of Balaam (NUM 22:5),male,,"In this dataset, Beor is described as father of Balaam (NUM 22:5). Recorded as male.",2,460,"In this dataset, Beor is described as father of Balaam (NUM 22:5). Recorded as male."
Agag_1,Agag,,the King of Israel will be higher than him (NUM 24:7),male,,"In this dataset, Agag is described as the King of Israel will be higher than him (NUM 24:7). Recorded as male.",1,461,"In this dataset, Agag is described as the King of Israel will be higher than him (NUM 24:7). Recorded as male."
Zimri_1,Zimri,,man pierced by Phinehas (NUM 25:14),male,Simeon,"In this dataset, Zimri is described as man pierced by Phinehas (NUM 25:14). Recorded as male; listed with tribe: Simeon.",1,462,"In this dataset, Zimri is described as man pierced by Phinehas (NUM 25:14). Recorded as male; listed with tribe: Simeon."
Salu_1,Salu,,father of Zimri (NUM 25:14),male,Simeon,"In this dataset, Salu is described as father of Zimri (NUM 25:14). Recorded as male; listed with tribe: Simeon.",1,463,"In this dataset, Salu is described as father of Zimri (NUM 25:14). Recorded as male; listed with tribe: Simeon."
Cozbi_1,Cozbi,,the Midianite woman pierced by Phinehas (NUM 25:15),female,Midianite,"In this dataset, Cozbi is described as the Midianite woman pierced by Phinehas (NUM 25:15). Recorded as female; listed with tribe: Midianite.",1,464,"In this dataset, Cozbi is described as the Midianite woman pierced by Phinehas (NUM 25:15). Recorded as female; listed with tribe: Midianite."
Zur_1,Zur,,head of a household in Midian and father of Cozbi (NUM 25:15),male,Midianite,"In this dataset, Zur is described as head of a household in Midian and father of Cozbi (NUM 25:15). Recorded as male; listed with tribe: Midianite.",1,465,"In this dataset, Zur is described as head of a household in Midian and father of Cozbi (NUM 25:15). Recorded as male; listed with tribe: Midianite."
Nemuel_1,Nemuel,,"son of Eliab, son of Pallu (NUM 26:9)",male,Reuben,"In this dataset, Nemuel is described as son of Eliab, son of Pallu (NUM 26:9). Recorded as male; listed with tribe: Reuben.",1,466,"In this dataset, Nemuel is described as son of Eliab, son of Pallu (NUM 26:9). Recorded as male; listed with tribe: Reuben."
Gilead_1,Gilead,,"a son of Machir, grandson of Manasseh (NUM 26:29)",male,Reuben,"In this dataset, Gilead is described as a son of Machir, grandson of Manasseh (NUM 26:29). Recorded as male; listed with tribe: Reuben.",1,467,"In this dataset, Gilead is described as a son of Machir, grandson of Manasseh (NUM 26:29). Recorded as male; listed with tribe: Reuben."
Iezer_1,Iezer,,son of Gilead (NUM 26:30),male,Manasseh,"In this dataset, Iezer is described as son of Gilead (NUM 26:30). Recorded as male; listed with tribe: Manasseh.",1,468,"In this dataset, Iezer is described as son of Gilead (NUM 26:30). Recorded as male; listed with tribe: Manasseh."
Helek_1,Helek,,son of Gilead (NUM 26:30),male,Manasseh,"In this dataset, Helek is described as son of Gilead (NUM 26:30). Recorded as male; listed with tribe: Manasseh.",1,469,"In this dataset, Helek is described as son of Gilead (NUM 26:30). Recorded as male; listed with tribe: Manasseh."
Asriel_1,Asriel,,son of Gilead (NUM 26:30-31),male,Manasseh,"In this dataset, Asriel is described as son of Gilead (NUM 26:30-31). Recorded as male; listed with tribe: Manasseh.",1,470,"In this dataset, Asriel is described as son of Gilead (NUM 26:30-31). Recorded as male; listed with tribe: Manasseh."
Shechem_2,Shechem,,son of Gilead (NUM 26:30-31),male,Manasseh,"In this dataset, Shechem is described as son of Gilead (NUM 26:30-31). Recorded as male; listed with tribe: Manasseh.",2,471,"In this dataset, Shechem is described as son of Gilead (NUM 26:30-31). Recorded as male; listed with tribe: Manasseh."
Shemida_1,Shemida,,son of Gilead (NUM 26:30-32),male,Manasseh,"In this dataset, Shemida is described as son of Gilead (NUM 26:30-32). Recorded as male; listed with tribe: Manasseh.",1,472,"In this dataset, Shemida is described as son of Gilead (NUM 26:30-32). Recorded as male; listed with tribe: Manasseh."
Hepher_1,Hepher,,son of Gilead (NUM 26:30-32),male,Manasseh,"In this dataset, Hepher is described as son of Gilead (NUM 26:30-32). Recorded as male; listed with tribe: Manasseh.",1,473,"In this dataset, Hepher is described as son of Gilead (NUM 26:30-32). Recorded as male; listed with tribe: Manasseh."
Zelophehad_1,Zelophehad,,son of Hepher who had only daughters (NUM 26:33),male,Manasseh,"In this dataset, Zelophehad is described as son of Hepher who had only daughters (NUM 26:33). Recorded as male; listed with tribe: Manasseh.",1,474,"In this dataset, Zelophehad is described as son of Hepher who had only daughters (NUM 26:33). Recorded as male; listed with tribe: Manasseh."
Mahlah_1,Mahlah,,daughter of Zelophehad (NUM 26:33),female,Manasseh,"In this dataset, Mahlah is described as daughter of Zelophehad (NUM 26:33). Recorded as female; listed with tribe: Manasseh.",1,475,"In this dataset, Mahlah is described as daughter of Zelophehad (NUM 26:33). Recorded as female; listed with tribe: Manasseh."
Noah_2,Noah,,daughter of Zelophehad (NUM 26:33),female,Manasseh,"In this dataset, Noah is described as daughter of Zelophehad (NUM 26:33). Recorded as female; listed with tribe: Manasseh.",2,476,"In this dataset, Noah is described as daughter of Zelophehad (NUM 26:33). Recorded as female; listed with tribe: Manasseh."
Hoglah_1,Hoglah,,daughter of Zelophehad (NUM 26:33),female,Manasseh,"In this dataset, Hoglah is described as daughter of Zelophehad (NUM 26:33). Recorded as female; listed with tribe: Manasseh.",1,477,"In this dataset, Hoglah is described as daughter of Zelophehad (NUM 26:33). Recorded as female; listed with tribe: Manasseh."
Milcah_2,Milcah,,daughter of Zelophehad (NUM 26:33),female,Manasseh,"In this dataset, Milcah is described as daughter of Zelophehad (NUM 26:33). Recorded as female; listed with tribe: Manasseh.",2,478,"In this dataset, Milcah is described as daughter of Zelophehad (NUM 26:33). Recorded as female; listed with tribe: Manasseh."
Tirzah_1,Tirzah,,daughter of Zelophehad (NUM 26:33),female,Manasseh,"In this dataset, Tirzah is described as daughter of Zelophehad (NUM 26:33). Recorded as female; listed with tribe: Manasseh.",1,479,"In this dataset, Tirzah is described as daughter of Zelophehad (NUM 26:33). Recorded as female; listed with tribe: Manasseh."
Shuthelah_1,Shuthelah,,descendant of Ephraim (NUM 26:35),male,Ephraim,"In this dataset, Shuthelah is described as descendant of Ephraim (NUM 26:35). Recorded as male; listed with tribe: Ephraim.",1,480,"In this dataset, Shuthelah is described as descendant of Ephraim (NUM 26:35). Recorded as male; listed with tribe: Ephraim."
Becher_2,Becher,,descendant of Ephraim (NUM 26:35),male,Ephraim,"In this dataset, Becher is described as descendant of Ephraim (NUM 26:35). Recorded as male; listed with tribe: Ephraim.",2,481,"In this dataset, Becher is described as descendant of Ephraim (NUM 26:35). Recorded as male; listed with tribe: Ephraim."
Tahan_1,Tahan,,descendant of Ephraim (NUM 26:35),male,Ephraim,"In this dataset, Tahan is described as descendant of Ephraim (NUM 26:35). Recorded as male; listed with tribe: Ephraim.",1,482,"In this dataset, Tahan is described as descendant of Ephraim (NUM 26:35). Recorded as male; listed with tribe: Ephraim."
Eran_1,Eran,,son of Shuthelah (NUM 26:35),male,Ephraim,"In this dataset, Eran is described as son of Shuthelah (NUM 26:35). Recorded as male; listed with tribe: Ephraim.",1,483,"In this dataset, Eran is described as son of Shuthelah (NUM 26:35). Recorded as male; listed with tribe: Ephraim."
Evi_1,Evi,,King of Midian (NUM 31:8),male,,"In this dataset, Evi is described as King of Midian (NUM 31:8). Recorded as male.",1,484,"In this dataset, Evi is described as King of Midian (NUM 31:8). Recorded as male."
Rekem_1,Rekem,,King of Midian (NUM 31:8),male,,"In this dataset, Rekem is described as King of Midian (NUM 31:8). Recorded as male.",1,485,"In this dataset, Rekem is described as King of Midian (NUM 31:8). Recorded as male."
Zur_2,Zur,,"King of Midian (NUM 31:8)- possibly the same as Zur_1, father of Cozbi (NUM 25:15)?",male,,"In this dataset, Zur is described as King of Midian (NUM 31:8)- possibly the same as Zur_1, father of Cozbi (NUM 25:15)? Recorded as male.",2,486,"In this dataset, Zur is described as King of Midian (NUM 31:8)- possibly the same as Zur_1, father of Cozbi (NUM 25:15)? Recorded as male."
Hur_2,Hur,,King of Midian (NUM 31:8),male,,"In this dataset, Hur is described as King of Midian (NUM 31:8). Recorded as male.",2,487,"In this dataset, Hur is described as King of Midian (NUM 31:8). Recorded as male."
Reba_1,Reba,,King of Midian (NUM 31:8),male,,"In this dataset, Reba is described as King of Midian (NUM 31:8). Recorded as male.",1,488,"In this dataset, Reba is described as King of Midian (NUM 31:8). Recorded as male."
Jair_1,Jair,,captured the region of Argob and called it Havvoth-jair (NUM 32:41),male,Manasseh,"In this dataset, Jair is described as captured the region of Argob and called it Havvoth-jair (NUM 32:41). Recorded as male; listed with tribe: Manasseh.",1,489,"In this dataset, Jair is described as captured the region of Argob and called it Havvoth-jair (NUM 32:41). Recorded as male; listed with tribe: Manasseh."
Nobah_1,Nobah,,captured Kenath and renamed it Nobah (NUM 23:41),male,,"In this dataset, Nobah is described as captured Kenath and renamed it Nobah (NUM 23:41). Recorded as male.",1,490,"In this dataset, Nobah is described as captured Kenath and renamed it Nobah (NUM 23:41). Recorded as male."
Samuel_1,Samuel,,the leader of the tribe of Simeon (NUM 34:20) to apportion the Land (NUM 34:17),male,Simeon,"In this dataset, Samuel is described as the leader of the tribe of Simeon (NUM 34:20) to apportion the Land (NUM 34:17). Recorded as male; listed with tribe: Simeon.",1,491,"In this dataset, Samuel is described as the leader of the tribe of Simeon (NUM 34:20) to apportion the Land (NUM 34:17). Recorded as male; listed with tribe: Simeon."
Ammihud_2,Ammihud,,"father of Samuel, the leader of the tribe of Simeon (NUM 34:20)",male,Simeon,"In this dataset, Ammihud is described as father of Samuel, the leader of the tribe of Simeon (NUM 34:20). Recorded as male; listed with tribe: Simeon.",2,492,"In this dataset, Ammihud is described as father of Samuel, the leader of the tribe of Simeon (NUM 34:20). Recorded as male; listed with tribe: Simeon."
Elidad_1,Elidad,,the leader of the tribe of Benjamin (NUM 34:21) to apportion the Land (NUM 34:17),male,Benjamin,"In this dataset, Elidad is described as the leader of the tribe of Benjamin (NUM 34:21) to apportion the Land (NUM 34:17). Recorded as male; listed with tribe: Benjamin.",1,493,"In this dataset, Elidad is described as the leader of the tribe of Benjamin (NUM 34:21) to apportion the Land (NUM 34:17). Recorded as male; listed with tribe: Benjamin."
Chislon_1,Chislon,,father of Elidad (NUM 34:21),male,Benjamin,"In this dataset, Chislon is described as father of Elidad (NUM 34:21). Recorded as male; listed with tribe: Benjamin.",1,494,"In this dataset, Chislon is described as father of Elidad (NUM 34:21). Recorded as male; listed with tribe: Benjamin."
Bukki_1,Bukki,,the leader of the tribe of Dan (NUM 34:22) to apportion the Land (NUM 34:17),male,Dan,"In this dataset, Bukki is described as the leader of the tribe of Dan (NUM 34:22) to apportion the Land (NUM 34:17). Recorded as male; listed with tribe: Dan.",1,495,"In this dataset, Bukki is described as the leader of the tribe of Dan (NUM 34:22) to apportion the Land (NUM 34:17). Recorded as male; listed with tribe: Dan."
Jogli_1,Jogli,,father of Bukki (NUM 34:22),male,Dan,"In this dataset, Jogli is described as father of Bukki (NUM 34:22). Recorded as male; listed with tribe: Dan.",1,496,"In this dataset, Jogli is described as father of Bukki (NUM 34:22). Recorded as male; listed with tribe: Dan."
Hanniel_1,Hanniel,,the leader of the tribe of Manasseh (NUM 34:23) to apportion the Land (NUM 34:17),male,Manasseh,"In this dataset, Hanniel is described as the leader of the tribe of Manasseh (NUM 34:23) to apportion the Land (NUM 34:17). Recorded as male; listed with tribe: Manasseh.",1,497,"In this dataset, Hanniel is described as the leader of the tribe of Manasseh (NUM 34:23) to apportion the Land (NUM 34:17). Recorded as male; listed with tribe: Manasseh."
Ephod_1,Ephod,,father of Hanniel (NUM 34:23),male,Manasseh,"In this dataset, Ephod is described as father of Hanniel (NUM 34:23). Recorded as male; listed with tribe: Manasseh.",1,498,"In this dataset, Ephod is described as father of Hanniel (NUM 34:23). Recorded as male; listed with tribe: Manasseh."
Kemuel_2,Kemuel,,the leader of the tribe of Ephraim (NUM 34:24) to apportion the Land (NUM 34:17),male,Ephraim,"In this dataset, Kemuel is described as the leader of the tribe of Ephraim (NUM 34:24) to apportion the Land (NUM 34:17). Recorded as male; listed with tribe: Ephraim.",2,499,"In this dataset, Kemuel is described as the leader of the tribe of Ephraim (NUM 34:24) to apportion the Land (NUM 34:17). Recorded as male; listed with tribe: Ephraim."
Shiphtan_1,Shiphtan,,father of Kemuel (NUM 34:24),male,Ephraim,"In this dataset, Shiphtan is described as father of Kemuel (NUM 34:24). Recorded as male; listed with tribe: Ephraim.",1,500,"In this dataset, Shiphtan is described as father of Kemuel (NUM 34:24). Recorded as male; listed with tribe: Ephraim."
Elizaphan_1,Elizaphan,,the leader of the tribe of Zebulun (NUM 34:25) to apportion the Land (NUM 34:17),male,Zebulun,"In this dataset, Elizaphan is described as the leader of the tribe of Zebulun (NUM 34:25) to apportion the Land (NUM 34:17). Recorded as male; listed with tribe: Zebulun.",1,501,"In this dataset, Elizaphan is described as the leader of the tribe of Zebulun (NUM 34:25) to apportion the Land (NUM 34:17). Recorded as male; listed with tribe: Zebulun."
Parnach_1,Parnach,,father of Elizaphan (NUM 34:25),male,Zebulun,"In this dataset, Parnach is described as father of Elizaphan (NUM 34:25). Recorded as male; listed with tribe: Zebulun.",1,502,"In this dataset, Parnach is described as father of Elizaphan (NUM 34:25). Recorded as male; listed with tribe: Zebulun."
Paltiel_1,Paltiel,,the leader of the tribe of Issachar (NUM 34:26) to apportion the Land (NUM 34:17),male,Issachar,"In this dataset, Paltiel is described as the leader of the tribe of Issachar (NUM 34:26) to apportion the Land (NUM 34:17). Recorded as male; listed with tribe: Issachar.",1,503,"In this dataset, Paltiel is described as the leader of the tribe of Issachar (NUM 34:26) to apportion the Land (NUM 34:17). Recorded as male; listed with tribe: Issachar."
Azzan_1,Azzan,,father of Paltiel (NUM 34:26),male,Issachar,"In this dataset, Azzan is described as father of Paltiel (NUM 34:26). Recorded as male; listed with tribe: Issachar.",1,504,"In this dataset, Azzan is described as father of Paltiel (NUM 34:26). Recorded as male; listed with tribe: Issachar."
Ahihud_1,Ahihud,,the leader of the tribe of Asher (NUM 34:27) to apportion the Land (NUM 34:17),male,Asher,"In this dataset, Ahihud is described as the leader of the tribe of Asher (NUM 34:27) to apportion the Land (NUM 34:17). Recorded as male; listed with tribe: Asher.",1,505,"In this dataset, Ahihud is described as the leader of the tribe of Asher (NUM 34:27) to apportion the Land (NUM 34:17). Recorded as male; listed with tribe: Asher."
Shelomi_1,Shelomi,,father of Ahihud (NUM 34:27),male,Asher,"In this dataset, Shelomi is described as father of Ahihud (NUM 34:27). Recorded as male; listed with tribe: Asher.",1,506,"In this dataset, Shelomi is described as father of Ahihud (NUM 34:27). Recorded as male; listed with tribe: Asher."
Pedahel_1,Pedahel,,the leader of the tribe of Naphtali (NUM 34:28) to apportion the Land (NUM 34:17),male,Naphtali,"In this dataset, Pedahel is described as the leader of the tribe of Naphtali (NUM 34:28) to apportion the Land (NUM 34:17). Recorded as male; listed with tribe: Naphtali.",1,507,"In this dataset, Pedahel is described as the leader of the tribe of Naphtali (NUM 34:28) to apportion the Land (NUM 34:17). Recorded as male; listed with tribe: Naphtali."
Ammihud_3,Ammihud,,father of Pedahel (NUM 34:28),male,Naphtali,"In this dataset, Ammihud is described as father of Pedahel (NUM 34:28). Recorded as male; listed with tribe: Naphtali.",3,508,"In this dataset, Ammihud is described as father of Pedahel (NUM 34:28). Recorded as male; listed with tribe: Naphtali."
Rahab_1,Rahab,,the harlot of Jericho (JOS 2:1),female,,"In this dataset, Rahab is described as the harlot of Jericho (JOS 2:1). Recorded as female.",1,509,"In this dataset, Rahab is described as the harlot of Jericho (JOS 2:1). Recorded as female."
King of Jericho_1,King of Jericho,,during Israel's entry into the Land (JOS 2:3),male,,"In this dataset, King of Jericho is described as during Israel's entry into the Land (JOS 2:3). Recorded as male.",1,510,"In this dataset, King of Jericho is described as during Israel's entry into the Land (JOS 2:3). Recorded as male."
the captain of the host of the LORD_1,the captain of the host of the LORD,,as Joshua prepared for the battle at Jericho (JOS 5:14),male,,"In this dataset, the captain of the host of the LORD is described as as Joshua prepared for the battle at Jericho (JOS 5:14). Recorded as male.",1,511,"In this dataset, the captain of the host of the LORD is described as as Joshua prepared for the battle at Jericho (JOS 5:14). Recorded as male."
Achan_1,Achan,,took forbidden things from Jericho (JOS 7:1),male,Judah,"In this dataset, Achan is described as took forbidden things from Jericho (JOS 7:1). Recorded as male; listed with tribe: Judah.",1,512,"In this dataset, Achan is described as took forbidden things from Jericho (JOS 7:1). Recorded as male; listed with tribe: Judah."
Carmi_2,Carmi,,"father of Achan, son of Zabdi from the tribe of Judah (JOS 7:1)",male,Judah,"In this dataset, Carmi is described as father of Achan, son of Zabdi from the tribe of Judah (JOS 7:1). Recorded as male; listed with tribe: Judah.",2,513,"In this dataset, Carmi is described as father of Achan, son of Zabdi from the tribe of Judah (JOS 7:1). Recorded as male; listed with tribe: Judah."
Zabdi_1,Zabdi,,"father of Carmi, father of Achan who took forbidden things from Jericho (JOS 7:1)",male,Judah,"In this dataset, Zabdi is described as father of Carmi, father of Achan who took forbidden things from Jericho (JOS 7:1). Recorded as male; listed with tribe: Judah.",1,514,"In this dataset, Zabdi is described as father of Carmi, father of Achan who took forbidden things from Jericho (JOS 7:1). Recorded as male; listed with tribe: Judah."
King of Ai_1,King of Ai,,during the time of the conquest of the Land (JOS 8:1),male,,"In this dataset, King of Ai is described as during the time of the conquest of the Land (JOS 8:1). Recorded as male.",1,515,"In this dataset, King of Ai is described as during the time of the conquest of the Land (JOS 8:1). Recorded as male."
Adoni-zedek_1,Adoni-zedek,,King of Jerusalem during the time of the conquest of the Land (JOS 10:1),male,,"In this dataset, Adoni-zedek is described as King of Jerusalem during the time of the conquest of the Land (JOS 10:1). Recorded as male.",1,516,"In this dataset, Adoni-zedek is described as King of Jerusalem during the time of the conquest of the Land (JOS 10:1). Recorded as male."
Hoham_1,Hoham,,King of Hebron during the time of the conquest of the Land (JOS 10:3),male,,"In this dataset, Hoham is described as King of Hebron during the time of the conquest of the Land (JOS 10:3). Recorded as male.",1,517,"In this dataset, Hoham is described as King of Hebron during the time of the conquest of the Land (JOS 10:3). Recorded as male."
Piram_1,Piram,,King of Jarmuth during the conquest of the Land (JOS 10:3),male,,"In this dataset, Piram is described as King of Jarmuth during the conquest of the Land (JOS 10:3). Recorded as male.",1,518,"In this dataset, Piram is described as King of Jarmuth during the conquest of the Land (JOS 10:3). Recorded as male."
Japhia_1,Japhia,,King of Lachish during the conquest of the Land (JOS 10:3),male,,"In this dataset, Japhia is described as King of Lachish during the conquest of the Land (JOS 10:3). Recorded as male.",1,519,"In this dataset, Japhia is described as King of Lachish during the conquest of the Land (JOS 10:3). Recorded as male."
Debir_1,Debir,,King of Eglon during the conquest of the Land (JOS 10:3),male,,"In this dataset, Debir is described as King of Eglon during the conquest of the Land (JOS 10:3). Recorded as male.",1,520,"In this dataset, Debir is described as King of Eglon during the conquest of the Land (JOS 10:3). Recorded as male."
Jashar_1,Jashar,,the book of Jashar (JOS 10:13),male,,"In this dataset, Jashar is described as the book of Jashar (JOS 10:13). Recorded as male.",1,521,"In this dataset, Jashar is described as the book of Jashar (JOS 10:13). Recorded as male."
King of Makkedah_1,King of Makkedah,,(JOS 10:28) one of thirty-one kings (JOS 12:15) defeated by Joshua (JOS 12:7),male,,"In this dataset, King of Makkedah is described as (JOS 10:28) one of thirty-one kings (JOS 12:15) defeated by Joshua (JOS 12:7). Recorded as male.",1,522,"In this dataset, King of Makkedah is described as (JOS 10:28) one of thirty-one kings (JOS 12:15) defeated by Joshua (JOS 12:7). Recorded as male."
Horam_1,Horam,,"King of Gezer (JOS 10:33), one of thirty-one kings (JOS 12:12) defeated by Joshua (JOS 12:7)",male,,"In this dataset, Horam is described as King of Gezer (JOS 10:33), one of thirty-one kings (JOS 12:12) defeated by Joshua (JOS 12:7). Recorded as male.",1,523,"In this dataset, Horam is described as King of Gezer (JOS 10:33), one of thirty-one kings (JOS 12:12) defeated by Joshua (JOS 12:7). Recorded as male."
Jabin_1,Jabin,,"King of Hazor (JOS 11:1), one of thirty-one kings (JOS 12:19) defeated by Joshua (JOS 12:7)",male,,"In this dataset, Jabin is described as King of Hazor (JOS 11:1), one of thirty-one kings (JOS 12:19) defeated by Joshua (JOS 12:7). Recorded as male.",1,524,"In this dataset, Jabin is described as King of Hazor (JOS 11:1), one of thirty-one kings (JOS 12:19) defeated by Joshua (JOS 12:7). Recorded as male."
Jobab_3,Jobab,,"King of Madon (JOS 11:1), one of thirty-one kings (JOS 12:19) defeated by Joshua (JOS 12:7)",male,,"In this dataset, Jobab is described as King of Madon (JOS 11:1), one of thirty-one kings (JOS 12:19) defeated by Joshua (JOS 12:7). Recorded as male.",3,525,"In this dataset, Jobab is described as King of Madon (JOS 11:1), one of thirty-one kings (JOS 12:19) defeated by Joshua (JOS 12:7). Recorded as male."
King of Shimron_1,King of Shimron,,"(JOS 11:1), one of thirty-one kings (JOS 12:20) defeated by Joshua (JOS 12:7)",male,,"In this dataset, King of Shimron is described as (JOS 11:1), one of thirty-one kings (JOS 12:20) defeated by Joshua (JOS 12:7). Recorded as male.",1,526,"In this dataset, King of Shimron is described as (JOS 11:1), one of thirty-one kings (JOS 12:20) defeated by Joshua (JOS 12:7). Recorded as male."
King of Achshaph_1,King of Achshaph,,"(JOS 11:1), one of thirty-one kings (JOS 12:20) defeated by Joshua (JOS 12:7)",male,,"In this dataset, King of Achshaph is described as (JOS 11:1), one of thirty-one kings (JOS 12:20) defeated by Joshua (JOS 12:7). Recorded as male.",1,527,"In this dataset, King of Achshaph is described as (JOS 11:1), one of thirty-one kings (JOS 12:20) defeated by Joshua (JOS 12:7). Recorded as male."
King of Debir_1,King of Debir,,one of thirty-one kings (JOS 12:13) defeated by Joshua (JOS 12:7),male,,"In this dataset, King of Debir is described as one of thirty-one kings (JOS 12:13) defeated by Joshua (JOS 12:7). Recorded as male.",1,528,"In this dataset, King of Debir is described as one of thirty-one kings (JOS 12:13) defeated by Joshua (JOS 12:7). Recorded as male."
King of Geder_1,King of Geder,,one of thirty-one kings (JOS 12:13) defeated by Joshua (JOS 12:7),male,,"In this dataset, King of Geder is described as one of thirty-one kings (JOS 12:13) defeated by Joshua (JOS 12:7). Recorded as male.",1,529,"In this dataset, King of Geder is described as one of thirty-one kings (JOS 12:13) defeated by Joshua (JOS 12:7). Recorded as male."
King of Hormah_1,King of Hormah,,one of thirty-one kings (JOS 12:14) defeated by Joshua (JOS 12:7),male,,"In this dataset, King of Hormah is described as one of thirty-one kings (JOS 12:14) defeated by Joshua (JOS 12:7). Recorded as male.",1,530,"In this dataset, King of Hormah is described as one of thirty-one kings (JOS 12:14) defeated by Joshua (JOS 12:7). Recorded as male."
King of Arad_2,King of Arad,,one of thirty-one kings (JOS 12:14) defeated by Joshua (JOS 12:7)- possibly the same as 'king of Arad_1',male,,"In this dataset, King of Arad is described as one of thirty-one kings (JOS 12:14) defeated by Joshua (JOS 12:7)- possibly the same as 'king of Arad_1'. Recorded as male.",2,531,"In this dataset, King of Arad is described as one of thirty-one kings (JOS 12:14) defeated by Joshua (JOS 12:7)- possibly the same as 'king of Arad_1'. Recorded as male."
King of Libnah_1,King of Libnah,,one of thirty-one kings (JOS 12:15) defeated by Joshua (JOS 12:7),male,,"In this dataset, King of Libnah is described as one of thirty-one kings (JOS 12:15) defeated by Joshua (JOS 12:7). Recorded as male.",1,532,"In this dataset, King of Libnah is described as one of thirty-one kings (JOS 12:15) defeated by Joshua (JOS 12:7). Recorded as male."
King of Adullam_1,King of Adullam,,one of thirty-one kings (JOS 12:15) defeated by Joshua (JOS 12:7),male,,"In this dataset, King of Adullam is described as one of thirty-one kings (JOS 12:15) defeated by Joshua (JOS 12:7). Recorded as male.",1,533,"In this dataset, King of Adullam is described as one of thirty-one kings (JOS 12:15) defeated by Joshua (JOS 12:7). Recorded as male."
King of Bethel_1,King of Bethel,,one of thirty-one kings (JOS 12:16) defeated by Joshua (JOS 12:7),male,,"In this dataset, King of Bethel is described as one of thirty-one kings (JOS 12:16) defeated by Joshua (JOS 12:7). Recorded as male.",1,534,"In this dataset, King of Bethel is described as one of thirty-one kings (JOS 12:16) defeated by Joshua (JOS 12:7). Recorded as male."
King of Tappuah_1,King of Tappuah,,one of thirty-one kings (JOS 12:17) defeated by Joshua (JOS 12:7),male,,"In this dataset, King of Tappuah is described as one of thirty-one kings (JOS 12:17) defeated by Joshua (JOS 12:7). Recorded as male.",1,535,"In this dataset, King of Tappuah is described as one of thirty-one kings (JOS 12:17) defeated by Joshua (JOS 12:7). Recorded as male."
King of Hepher_1,King of Hepher,,one of thirty-one kings (JOS 12:17) defeated by Joshua (JOS 12:7),male,,"In this dataset, King of Hepher is described as one of thirty-one kings (JOS 12:17) defeated by Joshua (JOS 12:7). Recorded as male.",1,536,"In this dataset, King of Hepher is described as one of thirty-one kings (JOS 12:17) defeated by Joshua (JOS 12:7). Recorded as male."
King of Aphek_1,King of Aphek,,one of thirty-one kings (JOS 12:18) defeated by Joshua (JOS 12:7),male,,"In this dataset, King of Aphek is described as one of thirty-one kings (JOS 12:18) defeated by Joshua (JOS 12:7). Recorded as male.",1,537,"In this dataset, King of Aphek is described as one of thirty-one kings (JOS 12:18) defeated by Joshua (JOS 12:7). Recorded as male."
King of Lasharon_1,King of Lasharon,,one of thirty-one kings (JOS 12:18) defeated by Joshua (JOS 12:7),male,,"In this dataset, King of Lasharon is described as one of thirty-one kings (JOS 12:18) defeated by Joshua (JOS 12:7). Recorded as male.",1,538,"In this dataset, King of Lasharon is described as one of thirty-one kings (JOS 12:18) defeated by Joshua (JOS 12:7). Recorded as male."
King of Shimron-meron_1,King of Shimron-meron,,one of thirty-one kings (JOS 12:20) defeated by Joshua (JOS 12:7),male,,"In this dataset, King of Shimron-meron is described as one of thirty-one kings (JOS 12:20) defeated by Joshua (JOS 12:7). Recorded as male.",1,539,"In this dataset, King of Shimron-meron is described as one of thirty-one kings (JOS 12:20) defeated by Joshua (JOS 12:7). Recorded as male."
King of Taanach_1,King of Taanach,,one of thirty-one kings (JOS 12:21) defeated by Joshua (JOS 12:7),male,,"In this dataset, King of Taanach is described as one of thirty-one kings (JOS 12:21) defeated by Joshua (JOS 12:7). Recorded as male.",1,540,"In this dataset, King of Taanach is described as one of thirty-one kings (JOS 12:21) defeated by Joshua (JOS 12:7). Recorded as male."
King of Megiddo_1,King of Megiddo,,one of thirty-one kings (JOS 12:21) defeated by Joshua (JOS 12:7),male,,"In this dataset, King of Megiddo is described as one of thirty-one kings (JOS 12:21) defeated by Joshua (JOS 12:7). Recorded as male.",1,541,"In this dataset, King of Megiddo is described as one of thirty-one kings (JOS 12:21) defeated by Joshua (JOS 12:7). Recorded as male."
King of Kedesh_1,King of Kedesh,,one of thirty-one kings (JOS 12:22) defeated by Joshua (JOS 12:7),male,,"In this dataset, King of Kedesh is described as one of thirty-one kings (JOS 12:22) defeated by Joshua (JOS 12:7). Recorded as male.",1,542,"In this dataset, King of Kedesh is described as one of thirty-one kings (JOS 12:22) defeated by Joshua (JOS 12:7). Recorded as male."
King of Jokneam_1,King of Jokneam,,one of thirty-one kings (JOS 12:22) defeated by Joshua (JOS 12:7),male,,"In this dataset, King of Jokneam is described as one of thirty-one kings (JOS 12:22) defeated by Joshua (JOS 12:7). Recorded as male.",1,543,"In this dataset, King of Jokneam is described as one of thirty-one kings (JOS 12:22) defeated by Joshua (JOS 12:7). Recorded as male."
King of Dor_1,King of Dor,,one of thirty-one kings (JOS 12:23) defeated by Joshua (JOS 12:7),male,,"In this dataset, King of Dor is described as one of thirty-one kings (JOS 12:23) defeated by Joshua (JOS 12:7). Recorded as male.",1,544,"In this dataset, King of Dor is described as one of thirty-one kings (JOS 12:23) defeated by Joshua (JOS 12:7). Recorded as male."
King of Goiim in Gilgal_1,King of Goiim in Gilgal,,one of thirty-one kings (JOS 12:23) defeated by Joshua (JOS 12:7),male,,"In this dataset, King of Goiim in Gilgal is described as one of thirty-one kings (JOS 12:23) defeated by Joshua (JOS 12:7). Recorded as male.",1,545,"In this dataset, King of Goiim in Gilgal is described as one of thirty-one kings (JOS 12:23) defeated by Joshua (JOS 12:7). Recorded as male."
King of Tirzah_1,King of Tirzah,,one of thirty-one kings (JOS 12:24) defeated by Joshua (JOS 12:7),male,,"In this dataset, King of Tirzah is described as one of thirty-one kings (JOS 12:24) defeated by Joshua (JOS 12:7). Recorded as male.",1,546,"In this dataset, King of Tirzah is described as one of thirty-one kings (JOS 12:24) defeated by Joshua (JOS 12:7). Recorded as male."
Arba_1,Arba,,greatest man among the Anakim (JOS 14:15),male,,"In this dataset, Arba is described as greatest man among the Anakim (JOS 14:15). Recorded as male.",1,547,"In this dataset, Arba is described as greatest man among the Anakim (JOS 14:15). Recorded as male."
Bohan_1,Bohan,,son of Reuben whose border stone marked one corner of Judah's portion of the Land (JOS 15:6),male,Reuben,"In this dataset, Bohan is described as son of Reuben whose border stone marked one corner of Judah's portion of the Land (JOS 15:6). Recorded as male; listed with tribe: Reuben.",1,548,"In this dataset, Bohan is described as son of Reuben whose border stone marked one corner of Judah's portion of the Land (JOS 15:6). Recorded as male; listed with tribe: Reuben."
Achsah_1,Achsah,,daughter of Caleb (JOS 15:16),female,Judah,"In this dataset, Achsah is described as daughter of Caleb (JOS 15:16). Recorded as female; listed with tribe: Judah.",1,549,"In this dataset, Achsah is described as daughter of Caleb (JOS 15:16). Recorded as female; listed with tribe: Judah."
Othniel_1,Othniel,,son of Kenaz who captured Kiriath-sepher (JOS 15:17),male,Judah,"In this dataset, Othniel is described as son of Kenaz who captured Kiriath-sepher (JOS 15:17). Recorded as male; listed with tribe: Judah.",1,550,"In this dataset, Othniel is described as son of Kenaz who captured Kiriath-sepher (JOS 15:17). Recorded as male; listed with tribe: Judah."
Kenaz_2,Kenaz,,"father of Othniel, brother of Caleb (JOS 15:17)",male,Judah,"In this dataset, Kenaz is described as father of Othniel, brother of Caleb (JOS 15:17). Recorded as male; listed with tribe: Judah.",2,551,"In this dataset, Kenaz is described as father of Othniel, brother of Caleb (JOS 15:17). Recorded as male; listed with tribe: Judah."
Adoni-bezek_1,Adoni-bezek,,the lord of Bezek (JDG 1:5) whose thumbs and big toes were cut off (JDG 1:6),male,,"In this dataset, Adoni-bezek is described as the lord of Bezek (JDG 1:5) whose thumbs and big toes were cut off (JDG 1:6). Recorded as male.",1,552,"In this dataset, Adoni-bezek is described as the lord of Bezek (JDG 1:5) whose thumbs and big toes were cut off (JDG 1:6). Recorded as male."
Cushan-rishathaim_1,Cushan-rishathaim,,Israel sold into his hands for eight years (JDG 3:8) because of Israel's idolatry (JDG 3:7),male,,"In this dataset, Cushan-rishathaim is described as Israel sold into his hands for eight years (JDG 3:8) because of Israel's idolatry (JDG 3:7). Recorded as male.",1,553,"In this dataset, Cushan-rishathaim is described as Israel sold into his hands for eight years (JDG 3:8) because of Israel's idolatry (JDG 3:7). Recorded as male."
Eglon_1,Eglon,,Israel sold into his hands for eighteen years (JDG 3:14) because Israel again did evil in the sight of the LORD (JDG 3:12),male,,"In this dataset, Eglon is described as Israel sold into his hands for eighteen years (JDG 3:14) because Israel again did evil in the sight of the LORD (JDG 3:12). Recorded as male.",1,554,"In this dataset, Eglon is described as Israel sold into his hands for eighteen years (JDG 3:14) because Israel again did evil in the sight of the LORD (JDG 3:12). Recorded as male."
Ehud_1,Ehud,,raised up by the LORD as a deliverer for Israel (JDG 3:15) who killed Eglon (JDG 3:21),male,Benjamin,"In this dataset, Ehud is described as raised up by the LORD as a deliverer for Israel (JDG 3:15) who killed Eglon (JDG 3:21). Recorded as male; listed with tribe: Benjamin.",1,555,"In this dataset, Ehud is described as raised up by the LORD as a deliverer for Israel (JDG 3:15) who killed Eglon (JDG 3:21). Recorded as male; listed with tribe: Benjamin."
Gera_2,Gera,,"a Benjamite, father of Ehud (JDG 3:15)",male,Benjamin,"In this dataset, Gera is described as a Benjamite, father of Ehud (JDG 3:15). Recorded as male; listed with tribe: Benjamin.",2,556,"In this dataset, Gera is described as a Benjamite, father of Ehud (JDG 3:15). Recorded as male; listed with tribe: Benjamin."
Shamgar_1,Shamgar,,struck down six hundred Philistines with an oxgoad (JDG 3:31),male,,"In this dataset, Shamgar is described as struck down six hundred Philistines with an oxgoad (JDG 3:31). Recorded as male.",1,557,"In this dataset, Shamgar is described as struck down six hundred Philistines with an oxgoad (JDG 3:31). Recorded as male."
Anath_1,Anath,,father of Shamgar (JDG 3:31),male,,"In this dataset, Anath is described as father of Shamgar (JDG 3:31). Recorded as male.",1,558,"In this dataset, Anath is described as father of Shamgar (JDG 3:31). Recorded as male."
Sisera_1,Sisera,,commander of Jabin's army (JDG 4:2),male,,"In this dataset, Sisera is described as commander of Jabin's army (JDG 4:2). Recorded as male.",1,559,"In this dataset, Sisera is described as commander of Jabin's army (JDG 4:2). Recorded as male."
Deborah_2,Deborah,,a prophetess and judge in Israel (JDG 4:4),female,,"In this dataset, Deborah is described as a prophetess and judge in Israel (JDG 4:4). Recorded as female.",2,560,"In this dataset, Deborah is described as a prophetess and judge in Israel (JDG 4:4). Recorded as female."
Lappidoth_1,Lappidoth,,husband of Deborah (JDG 4:4),male,,"In this dataset, Lappidoth is described as husband of Deborah (JDG 4:4). Recorded as male.",1,561,"In this dataset, Lappidoth is described as husband of Deborah (JDG 4:4). Recorded as male."
Barak_1,Barak,,summoned by Deborah (JDG 4:6) to defeat Jabin's army (JDG 4:15),male,,"In this dataset, Barak is described as summoned by Deborah (JDG 4:6) to defeat Jabin's army (JDG 4:15). Recorded as male.",1,562,"In this dataset, Barak is described as summoned by Deborah (JDG 4:6) to defeat Jabin's army (JDG 4:15). Recorded as male."
Abinoam_1,Abinoam,,father of Barak (JDG 4:6),male,,"In this dataset, Abinoam is described as father of Barak (JDG 4:6). Recorded as male.",1,563,"In this dataset, Abinoam is described as father of Barak (JDG 4:6). Recorded as male."
Heber_2,Heber,,"the Kenite, husband of Jael (JDG 4:11) who killed Sisera (JDG 4:21)",male,,"In this dataset, Heber is described as the Kenite, husband of Jael (JDG 4:11) who killed Sisera (JDG 4:21). Recorded as male.",2,564,"In this dataset, Heber is described as the Kenite, husband of Jael (JDG 4:11) who killed Sisera (JDG 4:21). Recorded as male."
Jael_1,Jael,,wife of Heber the Kenite (JDG 4:17) who killed Sisera (JDG 4:21),female,,"In this dataset, Jael is described as wife of Heber the Kenite (JDG 4:17) who killed Sisera (JDG 4:21). Recorded as female.",1,565,"In this dataset, Jael is described as wife of Heber the Kenite (JDG 4:17) who killed Sisera (JDG 4:21). Recorded as female."
Joash_1,Joash,,the angel of the Lord sat under his oak in Ophrah (JDG 6:11),male,Manasseh,"In this dataset, Joash is described as the angel of the Lord sat under his oak in Ophrah (JDG 6:11). Recorded as male; listed with tribe: Manasseh.",1,566,"In this dataset, Joash is described as the angel of the Lord sat under his oak in Ophrah (JDG 6:11). Recorded as male; listed with tribe: Manasseh."
Gideon_1,Gideon,,son of Joash (JDG 6:11) who torn down the altar to Baal (JDG 6:25),male,Manasseh,"In this dataset, Gideon is described as son of Joash (JDG 6:11) who torn down the altar to Baal (JDG 6:25). Recorded as male; listed with tribe: Manasseh.",1,567,"In this dataset, Gideon is described as son of Joash (JDG 6:11) who torn down the altar to Baal (JDG 6:25). Recorded as male; listed with tribe: Manasseh."
Purah_1,Purah,,servant of Gideon (JDG 7:10),male,,"In this dataset, Purah is described as servant of Gideon (JDG 7:10). Recorded as male.",1,568,"In this dataset, Purah is described as servant of Gideon (JDG 7:10). Recorded as male."
Oreb_1,Oreb,,leader of Midian (JDG 7:25),male,,"In this dataset, Oreb is described as leader of Midian (JDG 7:25). Recorded as male.",1,569,"In this dataset, Oreb is described as leader of Midian (JDG 7:25). Recorded as male."
Zeeb_1,Zeeb,,leader of Midian (JDG 7:25),male,,"In this dataset, Zeeb is described as leader of Midian (JDG 7:25). Recorded as male.",1,570,"In this dataset, Zeeb is described as leader of Midian (JDG 7:25). Recorded as male."
Zebah_1,Zebah,,King of Midian (JDG 8:3),male,,"In this dataset, Zebah is described as King of Midian (JDG 8:3). Recorded as male.",1,571,"In this dataset, Zebah is described as King of Midian (JDG 8:3). Recorded as male."
Zalmunna_1,Zalmunna,,King of Midian (JDG 8:3),male,,"In this dataset, Zalmunna is described as King of Midian (JDG 8:3). Recorded as male.",1,572,"In this dataset, Zalmunna is described as King of Midian (JDG 8:3). Recorded as male."
Jether_1,Jether,,firstborn son of Gideon (JDG 8:20),male,Manasseh,"In this dataset, Jether is described as firstborn son of Gideon (JDG 8:20). Recorded as male; listed with tribe: Manasseh.",1,573,"In this dataset, Jether is described as firstborn son of Gideon (JDG 8:20). Recorded as male; listed with tribe: Manasseh."
Abimelech_2,Abimelech,,son of Gideon (Jerubbaal) by a concubine in Shechem (JDG 8:31) who killed his brothers,male,Manasseh,"In this dataset, Abimelech is described as son of Gideon (Jerubbaal) by a concubine in Shechem (JDG 8:31) who killed his brothers. Recorded as male; listed with tribe: Manasseh.",2,574,"In this dataset, Abimelech is described as son of Gideon (Jerubbaal) by a concubine in Shechem (JDG 8:31) who killed his brothers. Recorded as male; listed with tribe: Manasseh."
Jotham_1,Jotham,,youngest son of Gideon (Jerubbaal) (JDG 9:5),male,Manasseh,"In this dataset, Jotham is described as youngest son of Gideon (Jerubbaal) (JDG 9:5). Recorded as male; listed with tribe: Manasseh.",1,575,"In this dataset, Jotham is described as youngest son of Gideon (Jerubbaal) (JDG 9:5). Recorded as male; listed with tribe: Manasseh."
Gaal_1,Gaal,,son of Ebed whom the men of Shechem trusted (JDG 9:26),male,,"In this dataset, Gaal is described as son of Ebed whom the men of Shechem trusted (JDG 9:26). Recorded as male.",1,576,"In this dataset, Gaal is described as son of Ebed whom the men of Shechem trusted (JDG 9:26). Recorded as male."
Ebed_1,Ebed,,father of Gaal (JDG 9:26),male,,"In this dataset, Ebed is described as father of Gaal (JDG 9:26). Recorded as male.",1,577,"In this dataset, Ebed is described as father of Gaal (JDG 9:26). Recorded as male."
Zebul_1,Zebul,,the ruler of Shechem (JDG 9:30),male,,"In this dataset, Zebul is described as the ruler of Shechem (JDG 9:30). Recorded as male.",1,578,"In this dataset, Zebul is described as the ruler of Shechem (JDG 9:30). Recorded as male."
Tola_2,Tola,,a descendant of Issachar who arose to save Israel (JDG 10:1),male,Issachar,"In this dataset, Tola is described as a descendant of Issachar who arose to save Israel (JDG 10:1). Recorded as male; listed with tribe: Issachar.",2,579,"In this dataset, Tola is described as a descendant of Issachar who arose to save Israel (JDG 10:1). Recorded as male; listed with tribe: Issachar."
Puah_2,Puah,,a descendant of Issachar and father of Tola (JDG 10:1),male,Issachar,"In this dataset, Puah is described as a descendant of Issachar and father of Tola (JDG 10:1). Recorded as male; listed with tribe: Issachar.",2,580,"In this dataset, Puah is described as a descendant of Issachar and father of Tola (JDG 10:1). Recorded as male; listed with tribe: Issachar."
Dodo_1,Dodo,,father of Puah (JDG 10:1),male,Issachar,"In this dataset, Dodo is described as father of Puah (JDG 10:1). Recorded as male; listed with tribe: Issachar.",1,581,"In this dataset, Dodo is described as father of Puah (JDG 10:1). Recorded as male; listed with tribe: Issachar."
Jair_2,Jair,,a Gileadite who judged Israel for twenty-two years (JDG 10:3),male,,"In this dataset, Jair is described as a Gileadite who judged Israel for twenty-two years (JDG 10:3). Recorded as male.",2,582,"In this dataset, Jair is described as a Gileadite who judged Israel for twenty-two years (JDG 10:3). Recorded as male."
Jephthah_1,Jephthah,,a valiant warrior (JDG 11:1),male,,"In this dataset, Jephthah is described as a valiant warrior (JDG 11:1). Recorded as male.",1,583,"In this dataset, Jephthah is described as a valiant warrior (JDG 11:1). Recorded as male."
Gilead_2,Gilead,,the father of Jephthah with a harlot (JDG 11:1),male,,"In this dataset, Gilead is described as the father of Jephthah with a harlot (JDG 11:1). Recorded as male.",2,584,"In this dataset, Gilead is described as the father of Jephthah with a harlot (JDG 11:1). Recorded as male."
King of the sons of Ammon_1,King of the sons of Ammon,,the king of Ammon at the time of the judges (JDG 11:12),male,,"In this dataset, King of the sons of Ammon is described as the king of Ammon at the time of the judges (JDG 11:12). Recorded as male.",1,585,"In this dataset, King of the sons of Ammon is described as the king of Ammon at the time of the judges (JDG 11:12). Recorded as male."
Ibzan_1,Ibzan,,judge of Israel for seven years (JDG 12:8),male,,"In this dataset, Ibzan is described as judge of Israel for seven years (JDG 12:8). Recorded as male.",1,586,"In this dataset, Ibzan is described as judge of Israel for seven years (JDG 12:8). Recorded as male."
Elon_3,Elon,,descendant of Zebulun who judged Israel (JDG 12:11),male,Zebulun,"In this dataset, Elon is described as descendant of Zebulun who judged Israel (JDG 12:11). Recorded as male; listed with tribe: Zebulun.",3,587,"In this dataset, Elon is described as descendant of Zebulun who judged Israel (JDG 12:11). Recorded as male; listed with tribe: Zebulun."
Abdon_1,Abdon,,son of Hillel who judged Israel for eight years (JDG 12:13),male,,"In this dataset, Abdon is described as son of Hillel who judged Israel for eight years (JDG 12:13). Recorded as male.",1,588,"In this dataset, Abdon is described as son of Hillel who judged Israel for eight years (JDG 12:13). Recorded as male."
Hillel_1,Hillel,,father of Abdon (JDG 12:13),male,,"In this dataset, Hillel is described as father of Abdon (JDG 12:13). Recorded as male.",1,589,"In this dataset, Hillel is described as father of Abdon (JDG 12:13). Recorded as male."
Manoah_1,Manoah,,"a Danite man from Zorah (JDG 13:2), father of Samson (JDG 13:24)",male,Dan,"In this dataset, Manoah is described as a Danite man from Zorah (JDG 13:2), father of Samson (JDG 13:24). Recorded as male; listed with tribe: Dan.",1,590,"In this dataset, Manoah is described as a Danite man from Zorah (JDG 13:2), father of Samson (JDG 13:24). Recorded as male; listed with tribe: Dan."
Samson_1,Samson,,"son of Manoah (JDG 13:24), who killed a thousand men with the jawbone of a donkey (JDG 15:15)",male,Dan,"In this dataset, Samson is described as son of Manoah (JDG 13:24), who killed a thousand men with the jawbone of a donkey (JDG 15:15). Recorded as male; listed with tribe: Dan.",1,591,"In this dataset, Samson is described as son of Manoah (JDG 13:24), who killed a thousand men with the jawbone of a donkey (JDG 15:15). Recorded as male; listed with tribe: Dan."
Delilah_1,Delilah,,a woman who Samson loved (JDG 16:4) who betrayed him (JDG 16:18),female,,"In this dataset, Delilah is described as a woman who Samson loved (JDG 16:4) who betrayed him (JDG 16:18). Recorded as female.",1,592,"In this dataset, Delilah is described as a woman who Samson loved (JDG 16:4) who betrayed him (JDG 16:18). Recorded as female."
Micah_1,Micah,,(JDG 17:1) who stole 1100 pieces of silver from his mother (JDG 17:2),male,,"In this dataset, Micah is described as (JDG 17:1) who stole 1100 pieces of silver from his mother (JDG 17:2). Recorded as male.",1,593,"In this dataset, Micah is described as (JDG 17:1) who stole 1100 pieces of silver from his mother (JDG 17:2). Recorded as male."
Jonathan_1,Jonathan,,priest of the Danites (JDG 18:30),male,,"In this dataset, Jonathan is described as priest of the Danites (JDG 18:30). Recorded as male.",1,594,"In this dataset, Jonathan is described as priest of the Danites (JDG 18:30). Recorded as male."
Gershom_2,Gershom,,"father of Jonathan, son of Manasseh (JDG 18:30)",male,,"In this dataset, Gershom is described as father of Jonathan, son of Manasseh (JDG 18:30). Recorded as male.",2,595,"In this dataset, Gershom is described as father of Jonathan, son of Manasseh (JDG 18:30). Recorded as male."
Manasseh_2,Manasseh,,father of Gershom (JDG 18:30),male,,"In this dataset, Manasseh is described as father of Gershom (JDG 18:30). Recorded as male.",2,596,"In this dataset, Manasseh is described as father of Gershom (JDG 18:30). Recorded as male."
Elimelech_1,Elimelech,,husband of Naomi (RUT 1:2),male,Judah,"In this dataset, Elimelech is described as husband of Naomi (RUT 1:2). Recorded as male; listed with tribe: Judah.",1,597,"In this dataset, Elimelech is described as husband of Naomi (RUT 1:2). Recorded as male; listed with tribe: Judah."
Naomi_1,Naomi,,wife of Elimelech (RUT 1:2) and mother-in-law of Ruth (RUT 1:4),female,,"In this dataset, Naomi is described as wife of Elimelech (RUT 1:2) and mother-in-law of Ruth (RUT 1:4). Recorded as female.",1,598,"In this dataset, Naomi is described as wife of Elimelech (RUT 1:2) and mother-in-law of Ruth (RUT 1:4). Recorded as female."
Mahlon_1,Mahlon,,son of Elimelech (RUT 1:2) and husband of Ruth (RUT 4:10),male,Judah,"In this dataset, Mahlon is described as son of Elimelech (RUT 1:2) and husband of Ruth (RUT 4:10). Recorded as male; listed with tribe: Judah.",1,599,"In this dataset, Mahlon is described as son of Elimelech (RUT 1:2) and husband of Ruth (RUT 4:10). Recorded as male; listed with tribe: Judah."
Chilion_1,Chilion,,son of Elimelech (RUT 1:2),male,Judah,"In this dataset, Chilion is described as son of Elimelech (RUT 1:2). Recorded as male; listed with tribe: Judah.",1,600,"In this dataset, Chilion is described as son of Elimelech (RUT 1:2). Recorded as male; listed with tribe: Judah."
Orpah_1,Orpah,,wife of Chilion (RUT 1:4) [process of elimination based on RUT 4:10],female,,"In this dataset, Orpah is described as wife of Chilion (RUT 1:4) [process of elimination based on RUT 4:10]. Recorded as female.",1,601,"In this dataset, Orpah is described as wife of Chilion (RUT 1:4) [process of elimination based on RUT 4:10]. Recorded as female."
Ruth_1,Ruth,,the Moabitess (RUT 1:22),female,,"In this dataset, Ruth is described as the Moabitess (RUT 1:22). Recorded as female.",1,602,"In this dataset, Ruth is described as the Moabitess (RUT 1:22). Recorded as female."
Boaz_1,Boaz,,kinsman of Naomi's husband (RUT 2:1) who redeemed Ruth (RUT 4:10),male,Judah,"In this dataset, Boaz is described as kinsman of Naomi's husband (RUT 2:1) who redeemed Ruth (RUT 4:10). Recorded as male; listed with tribe: Judah.",1,603,"In this dataset, Boaz is described as kinsman of Naomi's husband (RUT 2:1) who redeemed Ruth (RUT 4:10). Recorded as male; listed with tribe: Judah."
Obed_1,Obed,,son of Ruth and father of Jesse (RUT 4:17),male,Judah,"In this dataset, Obed is described as son of Ruth and father of Jesse (RUT 4:17). Recorded as male; listed with tribe: Judah.",1,604,"In this dataset, Obed is described as son of Ruth and father of Jesse (RUT 4:17). Recorded as male; listed with tribe: Judah."
Jesse_1,Jesse,,father of David (RUT 4:17),male,Judah,"In this dataset, Jesse is described as father of David (RUT 4:17). Recorded as male; listed with tribe: Judah.",1,605,"In this dataset, Jesse is described as father of David (RUT 4:17). Recorded as male; listed with tribe: Judah."
David_1,David,,"son of Jesse (RUT 4:17), King of Israel (2SA 5:3)",male,Judah,"In this dataset, David is described as son of Jesse (RUT 4:17), King of Israel (2SA 5:3). Recorded as male; listed with tribe: Judah.",1,606,"In this dataset, David is described as son of Jesse (RUT 4:17), King of Israel (2SA 5:3). Recorded as male; listed with tribe: Judah."
Ram_1,Ram,,son of Hezron in the lineage of King David (RUT 4:19),male,Judah,"In this dataset, Ram is described as son of Hezron in the lineage of King David (RUT 4:19). Recorded as male; listed with tribe: Judah.",1,607,"In this dataset, Ram is described as son of Hezron in the lineage of King David (RUT 4:19). Recorded as male; listed with tribe: Judah."
Salmon_1,Salmon,,son of Nahshon and father of Boaz in the lineage of King David (RUT 4:19),male,Judah,"In this dataset, Salmon is described as son of Nahshon and father of Boaz in the lineage of King David (RUT 4:19). Recorded as male; listed with tribe: Judah.",1,608,"In this dataset, Salmon is described as son of Nahshon and father of Boaz in the lineage of King David (RUT 4:19). Recorded as male; listed with tribe: Judah."
Elkanah_2,Elkanah,,"father of Samuel (1SA 1:1, 1SA 1:20)",male,Levi,"In this dataset, Elkanah is described as father of Samuel (1SA 1:1, 1SA 1:20). Recorded as male; listed with tribe: Levi.",2,609,"In this dataset, Elkanah is described as father of Samuel (1SA 1:1, 1SA 1:20). Recorded as male; listed with tribe: Levi."
Jeroham_1,Jeroham,,father of Elkanah and grandfather of Samuel (1SA 1:1),male,Levi,"In this dataset, Jeroham is described as father of Elkanah and grandfather of Samuel (1SA 1:1). Recorded as male; listed with tribe: Levi.",1,610,"In this dataset, Jeroham is described as father of Elkanah and grandfather of Samuel (1SA 1:1). Recorded as male; listed with tribe: Levi."
Elihu_1,Elihu,,father of Jeroham and ancestor of Samuel (1SA 1:1),male,Levi,"In this dataset, Elihu is described as father of Jeroham and ancestor of Samuel (1SA 1:1). Recorded as male; listed with tribe: Levi.",1,611,"In this dataset, Elihu is described as father of Jeroham and ancestor of Samuel (1SA 1:1). Recorded as male; listed with tribe: Levi."
Tohu_1,Tohu,,father of Elihu and ancestor of Samuel (1SA 1:1),male,Levi,"In this dataset, Tohu is described as father of Elihu and ancestor of Samuel (1SA 1:1). Recorded as male; listed with tribe: Levi.",1,612,"In this dataset, Tohu is described as father of Elihu and ancestor of Samuel (1SA 1:1). Recorded as male; listed with tribe: Levi."
Zuph_1,Zuph,,father of Tohu and ancestor of Samuel (1SA 1:1),male,Levi,"In this dataset, Zuph is described as father of Tohu and ancestor of Samuel (1SA 1:1). Recorded as male; listed with tribe: Levi.",1,613,"In this dataset, Zuph is described as father of Tohu and ancestor of Samuel (1SA 1:1). Recorded as male; listed with tribe: Levi."
Hannah_1,Hannah,,"wife of Elkanah (1SA 1:2), mother of Samuel (1SA 1:20)",female,,"In this dataset, Hannah is described as wife of Elkanah (1SA 1:2), mother of Samuel (1SA 1:20). Recorded as female.",1,614,"In this dataset, Hannah is described as wife of Elkanah (1SA 1:2), mother of Samuel (1SA 1:20). Recorded as female."
Peninnah_1,Peninnah,,wife of Elkanah (1SA 1:2),female,,"In this dataset, Peninnah is described as wife of Elkanah (1SA 1:2). Recorded as female.",1,615,"In this dataset, Peninnah is described as wife of Elkanah (1SA 1:2). Recorded as female."
Eli_1,Eli,,priest of Israel in Shiloh (1SA 1:3),male,Levi,"In this dataset, Eli is described as priest of Israel in Shiloh (1SA 1:3). Recorded as male; listed with tribe: Levi.",1,616,"In this dataset, Eli is described as priest of Israel in Shiloh (1SA 1:3). Recorded as male; listed with tribe: Levi."
Hophni_1,Hophni,,"son of Eli (1SA 1:3), a corrupt priest (1SA 2:12)",male,Levi,"In this dataset, Hophni is described as son of Eli (1SA 1:3), a corrupt priest (1SA 2:12). Recorded as male; listed with tribe: Levi.",1,617,"In this dataset, Hophni is described as son of Eli (1SA 1:3), a corrupt priest (1SA 2:12). Recorded as male; listed with tribe: Levi."
Phinehas_2,Phinehas,,"son of Eli (1SA 1:3), a corrupt priest (1SA 2:12)",male,Levi,"In this dataset, Phinehas is described as son of Eli (1SA 1:3), a corrupt priest (1SA 2:12). Recorded as male; listed with tribe: Levi.",2,618,"In this dataset, Phinehas is described as son of Eli (1SA 1:3), a corrupt priest (1SA 2:12). Recorded as male; listed with tribe: Levi."
Samuel_2,Samuel,,son of Elkanah and Hannah (1SA 1:20),male,Levi,"In this dataset, Samuel is described as son of Elkanah and Hannah (1SA 1:20). Recorded as male; listed with tribe: Levi.",2,619,"In this dataset, Samuel is described as son of Elkanah and Hannah (1SA 1:20). Recorded as male; listed with tribe: Levi."
Ichabod_1,Ichabod,,"Phinehas's son (1SA 4:21), Eli's grandson",male,Levi,"In this dataset, Ichabod is described as Phinehas's son (1SA 4:21), Eli's grandson. Recorded as male; listed with tribe: Levi.",1,620,"In this dataset, Ichabod is described as Phinehas's son (1SA 4:21), Eli's grandson. Recorded as male; listed with tribe: Levi."
Joshua_2,Joshua,,the Beth-shemite (1SA 6:14),male,,"In this dataset, Joshua is described as the Beth-shemite (1SA 6:14). Recorded as male.",2,621,"In this dataset, Joshua is described as the Beth-shemite (1SA 6:14). Recorded as male."
Abinadab_1,Abinadab,,the ark of the stored was kept in his house in Kiriath-jearim (1SA 7:1),male,,"In this dataset, Abinadab is described as the ark of the stored was kept in his house in Kiriath-jearim (1SA 7:1). Recorded as male.",1,622,"In this dataset, Abinadab is described as the ark of the stored was kept in his house in Kiriath-jearim (1SA 7:1). Recorded as male."
Eleazar_2,Eleazar,,consecrated to keep the ark in Kiriath-jearim (1SA 7:1),male,,"In this dataset, Eleazar is described as consecrated to keep the ark in Kiriath-jearim (1SA 7:1). Recorded as male.",2,623,"In this dataset, Eleazar is described as consecrated to keep the ark in Kiriath-jearim (1SA 7:1). Recorded as male."
Joel_1,Joel,,"firstborn of Samuel (1SA 8:2, 1CH 6:28, 1CH 6:33)",male,Levi,"In this dataset, Joel is described as firstborn of Samuel (1SA 8:2, 1CH 6:28, 1CH 6:33). Recorded as male; listed with tribe: Levi.",1,624,"In this dataset, Joel is described as firstborn of Samuel (1SA 8:2, 1CH 6:28, 1CH 6:33). Recorded as male; listed with tribe: Levi."
Abijah_1,Abijah,,second son of Samuel (1SA 8:2),male,Levi,"In this dataset, Abijah is described as second son of Samuel (1SA 8:2). Recorded as male; listed with tribe: Levi.",1,625,"In this dataset, Abijah is described as second son of Samuel (1SA 8:2). Recorded as male; listed with tribe: Levi."
Kish_1,Kish,,a mighty man of valor [perhaps wealth or influence] (1SA 9:1),male,Benjamin,"In this dataset, Kish is described as a mighty man of valor [perhaps wealth or influence] (1SA 9:1). Recorded as male; listed with tribe: Benjamin.",1,626,"In this dataset, Kish is described as a mighty man of valor [perhaps wealth or influence] (1SA 9:1). Recorded as male; listed with tribe: Benjamin."
Abiel_1,Abiel,,"(grand?)father of Kish (1SA 9:1), (great?) grandfather of King Saul",male,Benjamin,"In this dataset, Abiel is described as (grand?)father of Kish (1SA 9:1), (great?) grandfather of King Saul. Recorded as male; listed with tribe: Benjamin.",1,627,"In this dataset, Abiel is described as (grand?)father of Kish (1SA 9:1), (great?) grandfather of King Saul. Recorded as male; listed with tribe: Benjamin."
Zeror_1,Zeror,,"father of Abiel (1SA 9:1), ancestor of King Saul",male,Benjamin,"In this dataset, Zeror is described as father of Abiel (1SA 9:1), ancestor of King Saul. Recorded as male; listed with tribe: Benjamin.",1,628,"In this dataset, Zeror is described as father of Abiel (1SA 9:1), ancestor of King Saul. Recorded as male; listed with tribe: Benjamin."
Becorath_1,Becorath,,"father of Zeror (1SA 9:1), ancestor of King Saul",male,Benjamin,"In this dataset, Becorath is described as father of Zeror (1SA 9:1), ancestor of King Saul. Recorded as male; listed with tribe: Benjamin.",1,629,"In this dataset, Becorath is described as father of Zeror (1SA 9:1), ancestor of King Saul. Recorded as male; listed with tribe: Benjamin."
Aphiah_1,Aphiah,,"father of Becorath (1SA 9:1), ancestor of King Saul",male,Benjamin,"In this dataset, Aphiah is described as father of Becorath (1SA 9:1), ancestor of King Saul. Recorded as male; listed with tribe: Benjamin.",1,630,"In this dataset, Aphiah is described as father of Becorath (1SA 9:1), ancestor of King Saul. Recorded as male; listed with tribe: Benjamin."
Saul_1,Saul,,"son of Kish (1SA 9:2), King of Israel (1SA 11:15)",male,Benjamin,"In this dataset, Saul is described as son of Kish (1SA 9:2), King of Israel (1SA 11:15). Recorded as male; listed with tribe: Benjamin.",1,631,"In this dataset, Saul is described as son of Kish (1SA 9:2), King of Israel (1SA 11:15). Recorded as male; listed with tribe: Benjamin."
Nahash_1,Nahash,,King of the Ammonites (1SA 11:2),male,Ammonite,"In this dataset, Nahash is described as King of the Ammonites (1SA 11:2). Recorded as male; listed with tribe: Ammonite.",1,632,"In this dataset, Nahash is described as King of the Ammonites (1SA 11:2). Recorded as male; listed with tribe: Ammonite."
Jonathan_2,Jonathan,,son of King Saul (1SA 13:16),male,Benjamin,"In this dataset, Jonathan is described as son of King Saul (1SA 13:16). Recorded as male; listed with tribe: Benjamin.",2,633,"In this dataset, Jonathan is described as son of King Saul (1SA 13:16). Recorded as male; listed with tribe: Benjamin."
Ahijah_1,Ahijah,,"priest at Shiloh, nephew of Ichabod (1 SA 14:3), and prophet (1KI 11:29)",male,Levi,"In this dataset, Ahijah is described as priest at Shiloh, nephew of Ichabod (1 SA 14:3), and prophet (1KI 11:29). Recorded as male; listed with tribe: Levi.",1,634,"In this dataset, Ahijah is described as priest at Shiloh, nephew of Ichabod (1 SA 14:3), and prophet (1KI 11:29). Recorded as male; listed with tribe: Levi."
Ahitub_1,Ahitub,,"son of Phinehas, grandson of Eli, and father of Ahijah (1SA 14:3)",male,Levi,"In this dataset, Ahitub is described as son of Phinehas, grandson of Eli, and father of Ahijah (1SA 14:3). Recorded as male; listed with tribe: Levi.",1,635,"In this dataset, Ahitub is described as son of Phinehas, grandson of Eli, and father of Ahijah (1SA 14:3). Recorded as male; listed with tribe: Levi."
Ishvi_2,Ishvi,,son of Saul (1SA 14:49),male,Benjamin,"In this dataset, Ishvi is described as son of Saul (1SA 14:49). Recorded as male; listed with tribe: Benjamin.",2,636,"In this dataset, Ishvi is described as son of Saul (1SA 14:49). Recorded as male; listed with tribe: Benjamin."
Malchi-shua_1,Malchi-shua,,son of Saul (1SA 14:49),male,Benjamin,"In this dataset, Malchi-shua is described as son of Saul (1SA 14:49). Recorded as male; listed with tribe: Benjamin.",1,637,"In this dataset, Malchi-shua is described as son of Saul (1SA 14:49). Recorded as male; listed with tribe: Benjamin."
Merab_1,Merab,,daughter of Saul (1SA 14:49),female,Benjamin,"In this dataset, Merab is described as daughter of Saul (1SA 14:49). Recorded as female; listed with tribe: Benjamin.",1,638,"In this dataset, Merab is described as daughter of Saul (1SA 14:49). Recorded as female; listed with tribe: Benjamin."
Michal_1,Michal,,daughter of Saul (1SA 14:49) and barren (2SA 6:23) wife of King David (1SA 18:27),female,Benjamin,"In this dataset, Michal is described as daughter of Saul (1SA 14:49) and barren (2SA 6:23) wife of King David (1SA 18:27). Recorded as female; listed with tribe: Benjamin.",1,639,"In this dataset, Michal is described as daughter of Saul (1SA 14:49) and barren (2SA 6:23) wife of King David (1SA 18:27). Recorded as female; listed with tribe: Benjamin."
Ahinoam_1,Ahinoam,,wife of Saul (1SA 14:50),female,,"In this dataset, Ahinoam is described as wife of Saul (1SA 14:50). Recorded as female.",1,640,"In this dataset, Ahinoam is described as wife of Saul (1SA 14:50). Recorded as female."
Ahimaaz_1,Ahimaaz,,father of Ahinoam (1SA 14:50),male,,"In this dataset, Ahimaaz is described as father of Ahinoam (1SA 14:50). Recorded as male.",1,641,"In this dataset, Ahimaaz is described as father of Ahinoam (1SA 14:50). Recorded as male."
Abner_1,Abner,,captain of Saul's army and Saul's uncle (1SA 14:50),male,Benjamin,"In this dataset, Abner is described as captain of Saul's army and Saul's uncle (1SA 14:50). Recorded as male; listed with tribe: Benjamin.",1,642,"In this dataset, Abner is described as captain of Saul's army and Saul's uncle (1SA 14:50). Recorded as male; listed with tribe: Benjamin."
Ner_1,Ner,,father of Abner (1SA 14:50),male,Benjamin,"In this dataset, Ner is described as father of Abner (1SA 14:50). Recorded as male; listed with tribe: Benjamin.",1,643,"In this dataset, Ner is described as father of Abner (1SA 14:50). Recorded as male; listed with tribe: Benjamin."
Agag_2,Agag,,king of the Amalekites (1SA 15:8),male,,"In this dataset, Agag is described as king of the Amalekites (1SA 15:8). Recorded as male.",2,644,"In this dataset, Agag is described as king of the Amalekites (1SA 15:8). Recorded as male."
Eliab_3,Eliab,,firstborn (1CH 2:13) son of Jesse (1SA 16:6) brother of David,male,Judah,"In this dataset, Eliab is described as firstborn (1CH 2:13) son of Jesse (1SA 16:6) brother of David. Recorded as male; listed with tribe: Judah.",3,645,"In this dataset, Eliab is described as firstborn (1CH 2:13) son of Jesse (1SA 16:6) brother of David. Recorded as male; listed with tribe: Judah."
Abinadab_2,Abinadab,,second-born (1CH 2:13) son of Jesse (1SA 16:8) brother of David,male,Judah,"In this dataset, Abinadab is described as second-born (1CH 2:13) son of Jesse (1SA 16:8) brother of David. Recorded as male; listed with tribe: Judah.",2,646,"In this dataset, Abinadab is described as second-born (1CH 2:13) son of Jesse (1SA 16:8) brother of David. Recorded as male; listed with tribe: Judah."
Shammah_2,Shammah,,third-born (1CH 2:13) son of Jesse (1SA 16:9) brother of David,male,Judah,"In this dataset, Shammah is described as third-born (1CH 2:13) son of Jesse (1SA 16:9) brother of David. Recorded as male; listed with tribe: Judah.",2,647,"In this dataset, Shammah is described as third-born (1CH 2:13) son of Jesse (1SA 16:9) brother of David. Recorded as male; listed with tribe: Judah."
Goliath_1,Goliath,,"Philistine champion, from Gath (1SA 17:4)",male,,"In this dataset, Goliath is described as Philistine champion, from Gath (1SA 17:4). Recorded as male.",1,648,"In this dataset, Goliath is described as Philistine champion, from Gath (1SA 17:4). Recorded as male."
Adriel_1,Adriel,,the Meholathite (1SA 18:19),male,,"In this dataset, Adriel is described as the Meholathite (1SA 18:19). Recorded as male.",1,649,"In this dataset, Adriel is described as the Meholathite (1SA 18:19). Recorded as male."
Ahimelech_1,Ahimelech,,the priest of Nob (1SA 21:1),male,Levi,"In this dataset, Ahimelech is described as the priest of Nob (1SA 21:1). Recorded as male; listed with tribe: Levi.",1,650,"In this dataset, Ahimelech is described as the priest of Nob (1SA 21:1). Recorded as male; listed with tribe: Levi."
Doeg_1,Doeg,,the Edomite (1SA 21:7),male,,"In this dataset, Doeg is described as the Edomite (1SA 21:7). Recorded as male.",1,651,"In this dataset, Doeg is described as the Edomite (1SA 21:7). Recorded as male."
Achish_1,Achish,,King of Gath (1SA 21:10) before whom David feigned madness,male,,"In this dataset, Achish is described as King of Gath (1SA 21:10) before whom David feigned madness. Recorded as male.",1,652,"In this dataset, Achish is described as King of Gath (1SA 21:10) before whom David feigned madness. Recorded as male."
King of Moab_2,King of Moab,,King of Moab to whom David took his parents (1SA 22:3),male,,"In this dataset, King of Moab is described as King of Moab to whom David took his parents (1SA 22:3). Recorded as male.",2,653,"In this dataset, King of Moab is described as King of Moab to whom David took his parents (1SA 22:3). Recorded as male."
Gad_2,Gad,,"the prophet (1SA 22:5), the seer (1CH 21:9, 1CH 29:29)",male,,"In this dataset, Gad is described as the prophet (1SA 22:5), the seer (1CH 21:9, 1CH 29:29). Recorded as male.",2,654,"In this dataset, Gad is described as the prophet (1SA 22:5), the seer (1CH 21:9, 1CH 29:29). Recorded as male."
Abiathar_1,Abiathar,,"son of Ahimelech, the priest (1SA 22:20), counselor to David (1CH 27:34)",male,Levi,"In this dataset, Abiathar is described as son of Ahimelech, the priest (1SA 22:20), counselor to David (1CH 27:34). Recorded as male; listed with tribe: Levi.",1,655,"In this dataset, Abiathar is described as son of Ahimelech, the priest (1SA 22:20), counselor to David (1CH 27:34). Recorded as male; listed with tribe: Levi."
Nabal_1,Nabal,,"the rich man of Maon, husband of Abigail (1SA 25:3)",male,Judah,"In this dataset, Nabal is described as the rich man of Maon, husband of Abigail (1SA 25:3). Recorded as male; listed with tribe: Judah.",1,656,"In this dataset, Nabal is described as the rich man of Maon, husband of Abigail (1SA 25:3). Recorded as male; listed with tribe: Judah."
Abigail_1,Abigail,,the Carmelitess (1SA 25:3),female,,"In this dataset, Abigail is described as the Carmelitess (1SA 25:3). Recorded as female.",1,657,"In this dataset, Abigail is described as the Carmelitess (1SA 25:3). Recorded as female."
Ahinoam_2,Ahinoam,,of Jezreel.  Same as Ahinoam_1? (see 2SA 12:8),female,,"In this dataset, Ahinoam is described as of Jezreel.  Same as Ahinoam_1? (see 2SA 12:8). Recorded as female.",2,658,"In this dataset, Ahinoam is described as of Jezreel.  Same as Ahinoam_1? (see 2SA 12:8). Recorded as female."
Palti_2,Palti,,Michal's new husband (1SA 25:44),male,,"In this dataset, Palti is described as Michal's new husband (1SA 25:44). Recorded as male.",2,659,"In this dataset, Palti is described as Michal's new husband (1SA 25:44). Recorded as male."
Laish_1,Laish,,from Gallim (1SA 25:44),male,,"In this dataset, Laish is described as from Gallim (1SA 25:44). Recorded as male.",1,660,"In this dataset, Laish is described as from Gallim (1SA 25:44). Recorded as male."
Ahimelech_2,Ahimelech,,the Hittite (1SA 26:6),male,,"In this dataset, Ahimelech is described as the Hittite (1SA 26:6). Recorded as male.",2,661,"In this dataset, Ahimelech is described as the Hittite (1SA 26:6). Recorded as male."
Abishai_1,Abishai,,"son of Zeruiah and Joab's brother (1SA 26:6), chief of ""the thirty"" of David's men (2SA 23:18)",male,Judah,"In this dataset, Abishai is described as son of Zeruiah and Joab's brother (1SA 26:6), chief of ""the thirty"" of David's men (2SA 23:18). Recorded as male; listed with tribe: Judah.",1,662,"In this dataset, Abishai is described as son of Zeruiah and Joab's brother (1SA 26:6), chief of ""the thirty"" of David's men (2SA 23:18). Recorded as male; listed with tribe: Judah."
Zeruiah_1,Zeruiah,,"mother of Abishai, Joab (1SA 26:6), and Asahel (2SA 2:18), sister of King David (1CH 2:16)",female,Judah,"In this dataset, Zeruiah is described as mother of Abishai, Joab (1SA 26:6), and Asahel (2SA 2:18), sister of King David (1CH 2:16). Recorded as female; listed with tribe: Judah.",1,663,"In this dataset, Zeruiah is described as mother of Abishai, Joab (1SA 26:6), and Asahel (2SA 2:18), sister of King David (1CH 2:16). Recorded as female; listed with tribe: Judah."
Joab_1,Joab,,"son of Zeruiah (2SA 2:13), commander of David's army (1CH 27:34)",male,Judah,"In this dataset, Joab is described as son of Zeruiah (2SA 2:13), commander of David's army (1CH 27:34). Recorded as male; listed with tribe: Judah.",1,664,"In this dataset, Joab is described as son of Zeruiah (2SA 2:13), commander of David's army (1CH 27:34). Recorded as male; listed with tribe: Judah."
Maoch_1,Maoch,,father of the king of Gath (1SA 27:2),male,,"In this dataset, Maoch is described as father of the king of Gath (1SA 27:2). Recorded as male.",1,665,"In this dataset, Maoch is described as father of the king of Gath (1SA 27:2). Recorded as male."
Ish-bosheth_1,Ish-bosheth,,(illegitimate?) son of Saul (2SA 2:8),male,Benjamin,"In this dataset, Ish-bosheth is described as (illegitimate?) son of Saul (2SA 2:8). Recorded as male; listed with tribe: Benjamin.",1,666,"In this dataset, Ish-bosheth is described as (illegitimate?) son of Saul (2SA 2:8). Recorded as male; listed with tribe: Benjamin."
Asahel_1,Asahel,,"brother of Joab and Abishai (2SA 2:18), sixth of ""the thirty"" of David's men (2SA 23:24)",male,Judah,"In this dataset, Asahel is described as brother of Joab and Abishai (2SA 2:18), sixth of ""the thirty"" of David's men (2SA 23:24). Recorded as male; listed with tribe: Judah.",1,667,"In this dataset, Asahel is described as brother of Joab and Abishai (2SA 2:18), sixth of ""the thirty"" of David's men (2SA 23:24). Recorded as male; listed with tribe: Judah."
Amnon_1,Amnon,,firstborn son of King David (2SA 3:2),male,Judah,"In this dataset, Amnon is described as firstborn son of King David (2SA 3:2). Recorded as male; listed with tribe: Judah.",1,668,"In this dataset, Amnon is described as firstborn son of King David (2SA 3:2). Recorded as male; listed with tribe: Judah."
Chileab_1,Chileab,,second-born son of King David (2SA 3:3),male,Judah,"In this dataset, Chileab is described as second-born son of King David (2SA 3:3). Recorded as male; listed with tribe: Judah.",1,669,"In this dataset, Chileab is described as second-born son of King David (2SA 3:3). Recorded as male; listed with tribe: Judah."
Absalom_1,Absalom,,third-born son of King David (2SA 3:3),male,Judah,"In this dataset, Absalom is described as third-born son of King David (2SA 3:3). Recorded as male; listed with tribe: Judah.",1,670,"In this dataset, Absalom is described as third-born son of King David (2SA 3:3). Recorded as male; listed with tribe: Judah."
Maacah_2,Maacah,,"daughter of Talmai, King of Geshur (2SA 3:3)",female,,"In this dataset, Maacah is described as daughter of Talmai, King of Geshur (2SA 3:3). Recorded as female.",2,671,"In this dataset, Maacah is described as daughter of Talmai, King of Geshur (2SA 3:3). Recorded as female."
Talmai_2,Talmai,,King of Geshur (2SA 3:3),male,,"In this dataset, Talmai is described as King of Geshur (2SA 3:3). Recorded as male.",2,672,"In this dataset, Talmai is described as King of Geshur (2SA 3:3). Recorded as male."
Adonijah_1,Adonijah,,fourth-born son of King David (2SA 3:4),male,Judah,"In this dataset, Adonijah is described as fourth-born son of King David (2SA 3:4). Recorded as male; listed with tribe: Judah.",1,673,"In this dataset, Adonijah is described as fourth-born son of King David (2SA 3:4). Recorded as male; listed with tribe: Judah."
Haggith_1,Haggith,,wife (concubine?) of King David (2SA 3:4),female,,"In this dataset, Haggith is described as wife (concubine?) of King David (2SA 3:4). Recorded as female.",1,674,"In this dataset, Haggith is described as wife (concubine?) of King David (2SA 3:4). Recorded as female."
Shephatiah_1,Shephatiah,,fifth-born son of King David (2SA 3:4),male,Judah,"In this dataset, Shephatiah is described as fifth-born son of King David (2SA 3:4). Recorded as male; listed with tribe: Judah.",1,675,"In this dataset, Shephatiah is described as fifth-born son of King David (2SA 3:4). Recorded as male; listed with tribe: Judah."
Abital_1,Abital,,wife (concubine?) of King David (2SA 3:4),female,,"In this dataset, Abital is described as wife (concubine?) of King David (2SA 3:4). Recorded as female.",1,676,"In this dataset, Abital is described as wife (concubine?) of King David (2SA 3:4). Recorded as female."
Ithream_1,Ithream,,sixth-born son of King David (2SA 3:5),male,Judah,"In this dataset, Ithream is described as sixth-born son of King David (2SA 3:5). Recorded as male; listed with tribe: Judah.",1,677,"In this dataset, Ithream is described as sixth-born son of King David (2SA 3:5). Recorded as male; listed with tribe: Judah."
Eglah_1,Eglah,,wife of King David (2SA 3:5),female,,"In this dataset, Eglah is described as wife of King David (2SA 3:5). Recorded as female.",1,678,"In this dataset, Eglah is described as wife of King David (2SA 3:5). Recorded as female."
Rizpah_1,Rizpah,,concubine of Saul (2SA 3:7),female,,"In this dataset, Rizpah is described as concubine of Saul (2SA 3:7). Recorded as female.",1,679,"In this dataset, Rizpah is described as concubine of Saul (2SA 3:7). Recorded as female."
Aiah_2,Aiah,,father of Rizpah (2SA 3:7),male,,"In this dataset, Aiah is described as father of Rizpah (2SA 3:7). Recorded as male.",2,680,"In this dataset, Aiah is described as father of Rizpah (2SA 3:7). Recorded as male."
Baanah_1,Baanah,,commander of Ish-bosheth's military (2SA 4:2),male,,"In this dataset, Baanah is described as commander of Ish-bosheth's military (2SA 4:2). Recorded as male.",1,681,"In this dataset, Baanah is described as commander of Ish-bosheth's military (2SA 4:2). Recorded as male."
Rechab_1,Rechab,,commander of Ish-bosheth's military (2SA 4:2),male,,"In this dataset, Rechab is described as commander of Ish-bosheth's military (2SA 4:2). Recorded as male.",1,682,"In this dataset, Rechab is described as commander of Ish-bosheth's military (2SA 4:2). Recorded as male."
Rimmon_1,Rimmon,,the Beerothite (2SA 4:2),male,,"In this dataset, Rimmon is described as the Beerothite (2SA 4:2). Recorded as male.",1,683,"In this dataset, Rimmon is described as the Beerothite (2SA 4:2). Recorded as male."
Mephibosheth_1,Mephibosheth,,son of Jonathan (2SA 4:4),male,Benjamin,"In this dataset, Mephibosheth is described as son of Jonathan (2SA 4:4). Recorded as male; listed with tribe: Benjamin.",1,684,"In this dataset, Mephibosheth is described as son of Jonathan (2SA 4:4). Recorded as male; listed with tribe: Benjamin."
Hiram_1,Hiram,,King of Tyre (2SA 5:11),male,,"In this dataset, Hiram is described as King of Tyre (2SA 5:11). Recorded as male.",1,685,"In this dataset, Hiram is described as King of Tyre (2SA 5:11). Recorded as male."
Shammua_2,Shammua,,son of David (2SA 5:14),male,Judah,"In this dataset, Shammua is described as son of David (2SA 5:14). Recorded as male; listed with tribe: Judah.",2,686,"In this dataset, Shammua is described as son of David (2SA 5:14). Recorded as male; listed with tribe: Judah."
Shobab_1,Shobab,,son of David (2SA 5:14),male,Judah,"In this dataset, Shobab is described as son of David (2SA 5:14). Recorded as male; listed with tribe: Judah.",1,687,"In this dataset, Shobab is described as son of David (2SA 5:14). Recorded as male; listed with tribe: Judah."
Nathan_1,Nathan,,son of David (2SA 5:14),male,Judah,"In this dataset, Nathan is described as son of David (2SA 5:14). Recorded as male; listed with tribe: Judah.",1,688,"In this dataset, Nathan is described as son of David (2SA 5:14). Recorded as male; listed with tribe: Judah."
Solomon_1,Solomon,,son of David (2SA 5:14),male,Judah,"In this dataset, Solomon is described as son of David (2SA 5:14). Recorded as male; listed with tribe: Judah.",1,689,"In this dataset, Solomon is described as son of David (2SA 5:14). Recorded as male; listed with tribe: Judah."
Ibhar_1,Ibhar,,son of David (2SA 5:15),male,Judah,"In this dataset, Ibhar is described as son of David (2SA 5:15). Recorded as male; listed with tribe: Judah.",1,690,"In this dataset, Ibhar is described as son of David (2SA 5:15). Recorded as male; listed with tribe: Judah."
Elishua_1,Elishua,,son of David (2SA 5:15),male,Judah,"In this dataset, Elishua is described as son of David (2SA 5:15). Recorded as male; listed with tribe: Judah.",1,691,"In this dataset, Elishua is described as son of David (2SA 5:15). Recorded as male; listed with tribe: Judah."
Nepheg_2,Nepheg,,son of David (2SA 5:15),male,Judah,"In this dataset, Nepheg is described as son of David (2SA 5:15). Recorded as male; listed with tribe: Judah.",2,692,"In this dataset, Nepheg is described as son of David (2SA 5:15). Recorded as male; listed with tribe: Judah."
Japhia_2,Japhia,,son of David (2SA 5:15),male,Judah,"In this dataset, Japhia is described as son of David (2SA 5:15). Recorded as male; listed with tribe: Judah.",2,693,"In this dataset, Japhia is described as son of David (2SA 5:15). Recorded as male; listed with tribe: Judah."
Elishama_2,Elishama,,son of David (2SA 5:16),male,Judah,"In this dataset, Elishama is described as son of David (2SA 5:16). Recorded as male; listed with tribe: Judah.",2,694,"In this dataset, Elishama is described as son of David (2SA 5:16). Recorded as male; listed with tribe: Judah."
Eliada_1,Eliada,,son of David (2SA 5:16),male,Judah,"In this dataset, Eliada is described as son of David (2SA 5:16). Recorded as male; listed with tribe: Judah.",1,695,"In this dataset, Eliada is described as son of David (2SA 5:16). Recorded as male; listed with tribe: Judah."
Eliphelet_1,Eliphelet,,son of David (2SA 5:16),male,Judah,"In this dataset, Eliphelet is described as son of David (2SA 5:16). Recorded as male; listed with tribe: Judah.",1,696,"In this dataset, Eliphelet is described as son of David (2SA 5:16). Recorded as male; listed with tribe: Judah."
Uzzah_1,Uzzah,,son of Abinadab (2SA 6:3) who died for touching the ark (2SA 6:7),male,,"In this dataset, Uzzah is described as son of Abinadab (2SA 6:3) who died for touching the ark (2SA 6:7). Recorded as male.",1,697,"In this dataset, Uzzah is described as son of Abinadab (2SA 6:3) who died for touching the ark (2SA 6:7). Recorded as male."
Ahio_1,Ahio,,son of Abinadab who led the ark on a cart (2SA 6:3),male,,"In this dataset, Ahio is described as son of Abinadab who led the ark on a cart (2SA 6:3). Recorded as male.",1,698,"In this dataset, Ahio is described as son of Abinadab who led the ark on a cart (2SA 6:3). Recorded as male."
Obed-edom_1,Obed-edom,,the Gittite in whose house the ark of the covenant rested (2SA 6:10),male,,"In this dataset, Obed-edom is described as the Gittite in whose house the ark of the covenant rested (2SA 6:10). Recorded as male.",1,699,"In this dataset, Obed-edom is described as the Gittite in whose house the ark of the covenant rested (2SA 6:10). Recorded as male."
Nathan_2,Nathan,,the prophet (2SA 7:2),male,,"In this dataset, Nathan is described as the prophet (2SA 7:2). Recorded as male.",2,700,"In this dataset, Nathan is described as the prophet (2SA 7:2). Recorded as male."
Hadadezer_1,Hadadezer,,"King of Zobah (2SA 8:3, 1CH 18:3)",male,,"In this dataset, Hadadezer is described as King of Zobah (2SA 8:3, 1CH 18:3). Recorded as male.",1,701,"In this dataset, Hadadezer is described as King of Zobah (2SA 8:3, 1CH 18:3). Recorded as male."
Rehob_1,Rehob,,father of Hadadezer (2SA 8:3),male,,"In this dataset, Rehob is described as father of Hadadezer (2SA 8:3). Recorded as male.",1,702,"In this dataset, Rehob is described as father of Hadadezer (2SA 8:3). Recorded as male."
Toi_1,Toi,,King of Hamath (2SA 8:9),male,,"In this dataset, Toi is described as King of Hamath (2SA 8:9). Recorded as male.",1,703,"In this dataset, Toi is described as King of Hamath (2SA 8:9). Recorded as male."
Joram_1,Joram,,son of Toi (2SA 8:10),male,,"In this dataset, Joram is described as son of Toi (2SA 8:10). Recorded as male.",1,704,"In this dataset, Joram is described as son of Toi (2SA 8:10). Recorded as male."
Jehoshaphat_1,Jehoshaphat,,son of Ahilud and recorder in David's kingdom (2SA 8:16),male,,"In this dataset, Jehoshaphat is described as son of Ahilud and recorder in David's kingdom (2SA 8:16). Recorded as male.",1,705,"In this dataset, Jehoshaphat is described as son of Ahilud and recorder in David's kingdom (2SA 8:16). Recorded as male."
Ahilud_1,Ahilud,,father of Jehoshaphat (2SA 6:16),male,,"In this dataset, Ahilud is described as father of Jehoshaphat (2SA 6:16). Recorded as male.",1,706,"In this dataset, Ahilud is described as father of Jehoshaphat (2SA 6:16). Recorded as male."
Zadok_1,Zadok,,"son of Ahitub and priest during King David's reign (2SA 8:17), a mighty of valor (1CH 12:28)",male,Levi,"In this dataset, Zadok is described as son of Ahitub and priest during King David's reign (2SA 8:17), a mighty of valor (1CH 12:28). Recorded as male; listed with tribe: Levi.",1,707,"In this dataset, Zadok is described as son of Ahitub and priest during King David's reign (2SA 8:17), a mighty of valor (1CH 12:28). Recorded as male; listed with tribe: Levi."
Ahitub_2,Ahitub,,"(grand) father of Zadok the priest (2SA 8:17, 1CH 9:11), son of Amariah (1CH 6:11)",male,Levi,"In this dataset, Ahitub is described as (grand) father of Zadok the priest (2SA 8:17, 1CH 9:11), son of Amariah (1CH 6:11). Recorded as male; listed with tribe: Levi.",2,708,"In this dataset, Ahitub is described as (grand) father of Zadok the priest (2SA 8:17, 1CH 9:11), son of Amariah (1CH 6:11). Recorded as male; listed with tribe: Levi."
Ahimelech_3,Ahimelech,,"son of Abiathar (2SA 8:17, 1CH 24:6)",male,Levi,"In this dataset, Ahimelech is described as son of Abiathar (2SA 8:17, 1CH 24:6). Recorded as male; listed with tribe: Levi.",3,709,"In this dataset, Ahimelech is described as son of Abiathar (2SA 8:17, 1CH 24:6). Recorded as male; listed with tribe: Levi."
Seraiah_1,Seraiah,,secretary to David (2SA 8:17),male,,"In this dataset, Seraiah is described as secretary to David (2SA 8:17). Recorded as male.",1,710,"In this dataset, Seraiah is described as secretary to David (2SA 8:17). Recorded as male."
Benaiah_1,Benaiah,,"over the Cherethites and the Pelethites (2SA 8:18), the fifth of ""the thirty"" of David's men (2SA 23:20)",male,Levi,"In this dataset, Benaiah is described as over the Cherethites and the Pelethites (2SA 8:18), the fifth of ""the thirty"" of David's men (2SA 23:20). Recorded as male; listed with tribe: Levi.",1,711,"In this dataset, Benaiah is described as over the Cherethites and the Pelethites (2SA 8:18), the fifth of ""the thirty"" of David's men (2SA 23:20). Recorded as male; listed with tribe: Levi."
Jehoiada_1,Jehoiada,,"father of Benaiah (2SA 8:18), a priest (1CH 27:5)",male,Levi,"In this dataset, Jehoiada is described as father of Benaiah (2SA 8:18), a priest (1CH 27:5). Recorded as male; listed with tribe: Levi.",1,712,"In this dataset, Jehoiada is described as father of Benaiah (2SA 8:18), a priest (1CH 27:5). Recorded as male; listed with tribe: Levi."
Ziba_1,Ziba,,servant from the house of Saul (2SA 9:2),male,,"In this dataset, Ziba is described as servant from the house of Saul (2SA 9:2). Recorded as male.",1,713,"In this dataset, Ziba is described as servant from the house of Saul (2SA 9:2). Recorded as male."
Machir_2,Machir,,the person who sheltered Jonathan's son Mephibosheth (2SA 9:4),male,,"In this dataset, Machir is described as the person who sheltered Jonathan's son Mephibosheth (2SA 9:4). Recorded as male.",2,714,"In this dataset, Machir is described as the person who sheltered Jonathan's son Mephibosheth (2SA 9:4). Recorded as male."
Ammiel_2,Ammiel,,father of Machir (2SA 9:5),male,,"In this dataset, Ammiel is described as father of Machir (2SA 9:5). Recorded as male.",2,715,"In this dataset, Ammiel is described as father of Machir (2SA 9:5). Recorded as male."
Mica_1,Mica,,son of Mephibosheth (2SA 9:12),male,Benjamin,"In this dataset, Mica is described as son of Mephibosheth (2SA 9:12). Recorded as male; listed with tribe: Benjamin.",1,716,"In this dataset, Mica is described as son of Mephibosheth (2SA 9:12). Recorded as male; listed with tribe: Benjamin."
Hanun_1,Hanun,,King of the Ammonites (2SA 10:1),male,Ammonite,"In this dataset, Hanun is described as King of the Ammonites (2SA 10:1). Recorded as male; listed with tribe: Ammonite.",1,717,"In this dataset, Hanun is described as King of the Ammonites (2SA 10:1). Recorded as male; listed with tribe: Ammonite."
King of Maacah_1,King of Maacah,,"brought 1,000 men to side with the Ammonites (2SA 10:6)",male,,"In this dataset, King of Maacah is described as brought 1,000 men to side with the Ammonites (2SA 10:6). Recorded as male.",1,718,"In this dataset, King of Maacah is described as brought 1,000 men to side with the Ammonites (2SA 10:6). Recorded as male."
Shobach_1,Shobach,,commander of the army of Hadadezer (2SA 10:16),male,,"In this dataset, Shobach is described as commander of the army of Hadadezer (2SA 10:16). Recorded as male.",1,719,"In this dataset, Shobach is described as commander of the army of Hadadezer (2SA 10:16). Recorded as male."
Bathsheba_1,Bathsheba,,daughter of Eliam and wife of Uriah (2SA 11:3),female,,"In this dataset, Bathsheba is described as daughter of Eliam and wife of Uriah (2SA 11:3). Recorded as female.",1,720,"In this dataset, Bathsheba is described as daughter of Eliam and wife of Uriah (2SA 11:3). Recorded as female."
Eliam_1,Eliam,,Bathsheba's father (2SA 11:3),male,,"In this dataset, Eliam is described as Bathsheba's father (2SA 11:3). Recorded as male.",1,721,"In this dataset, Eliam is described as Bathsheba's father (2SA 11:3). Recorded as male."
Uriah_1,Uriah,,"the Hittite (2SA 11:3), thirty-seventh of ""the thirty"" of David's men (2SA 23:39)",male,,"In this dataset, Uriah is described as the Hittite (2SA 11:3), thirty-seventh of ""the thirty"" of David's men (2SA 23:39). Recorded as male.",1,722,"In this dataset, Uriah is described as the Hittite (2SA 11:3), thirty-seventh of ""the thirty"" of David's men (2SA 23:39). Recorded as male."
Abimelech_3,Abimelech,,son of Jerubbesheth (2SA 11:21),male,,"In this dataset, Abimelech is described as son of Jerubbesheth (2SA 11:21). Recorded as male.",3,723,"In this dataset, Abimelech is described as son of Jerubbesheth (2SA 11:21). Recorded as male."
Jerubbesheth_1,Jerubbesheth,,father of Abimelech (2SA 11:21),male,,"In this dataset, Jerubbesheth is described as father of Abimelech (2SA 11:21). Recorded as male.",1,724,"In this dataset, Jerubbesheth is described as father of Abimelech (2SA 11:21). Recorded as male."
Tamar_2,Tamar,,"Absalom's sister, daughter of David (2SA 13:1)",female,Judah,"In this dataset, Tamar is described as Absalom's sister, daughter of David (2SA 13:1). Recorded as female; listed with tribe: Judah.",2,725,"In this dataset, Tamar is described as Absalom's sister, daughter of David (2SA 13:1). Recorded as female; listed with tribe: Judah."
Jonadab_1,Jonadab,,"son of Shimeah (2SA 13:3 or ""Shammah"" in 1SA 16:9)",male,,"In this dataset, Jonadab is described as son of Shimeah (2SA 13:3 or ""Shammah"" in 1SA 16:9). Recorded as male.",1,726,"In this dataset, Jonadab is described as son of Shimeah (2SA 13:3 or ""Shammah"" in 1SA 16:9). Recorded as male."
Ammihud_4,Ammihud,,"father of the King of Geshur, Talmai (2SA 13:37)",male,,"In this dataset, Ammihud is described as father of the King of Geshur, Talmai (2SA 13:37). Recorded as male.",4,727,"In this dataset, Ammihud is described as father of the King of Geshur, Talmai (2SA 13:37). Recorded as male."
Tamar_3,Tamar,,daughter of Absalom (2SA 14:27),female,Judah,"In this dataset, Tamar is described as daughter of Absalom (2SA 14:27). Recorded as female; listed with tribe: Judah.",3,728,"In this dataset, Tamar is described as daughter of Absalom (2SA 14:27). Recorded as female; listed with tribe: Judah."
Ahithophel_1,Ahithophel,,"David's counselor, the Gilonite (2SA 15:12, 1CH 27:32)",male,,"In this dataset, Ahithophel is described as David's counselor, the Gilonite (2SA 15:12, 1CH 27:32). Recorded as male.",1,729,"In this dataset, Ahithophel is described as David's counselor, the Gilonite (2SA 15:12, 1CH 27:32). Recorded as male."
Ittai_1,Ittai,,"the Gittite (2SA 15:19), seventeenth of ""the thirty"" of David's men (2SA 23:29)",male,,"In this dataset, Ittai is described as the Gittite (2SA 15:19), seventeenth of ""the thirty"" of David's men (2SA 23:29). Recorded as male.",1,730,"In this dataset, Ittai is described as the Gittite (2SA 15:19), seventeenth of ""the thirty"" of David's men (2SA 23:29). Recorded as male."
Ahimaaz_2,Ahimaaz,,son of Zadok the priest (2SA 15:27),male,Levi,"In this dataset, Ahimaaz is described as son of Zadok the priest (2SA 15:27). Recorded as male; listed with tribe: Levi.",2,731,"In this dataset, Ahimaaz is described as son of Zadok the priest (2SA 15:27). Recorded as male; listed with tribe: Levi."
Jonathan_3,Jonathan,,son of Abiathar the priest (2SA 15:27),male,Levi,"In this dataset, Jonathan is described as son of Abiathar the priest (2SA 15:27). Recorded as male; listed with tribe: Levi.",3,732,"In this dataset, Jonathan is described as son of Abiathar the priest (2SA 15:27). Recorded as male; listed with tribe: Levi."
Hushai_1,Hushai,,"the Archite (2SA 15:32), David's friend (1CH 27:33)",male,,"In this dataset, Hushai is described as the Archite (2SA 15:32), David's friend (1CH 27:33). Recorded as male.",1,733,"In this dataset, Hushai is described as the Archite (2SA 15:32), David's friend (1CH 27:33). Recorded as male."
Shimei_2,Shimei,,of the house of Saul (2SA 16:5) who threw stones at King David,male,Benjamin,"In this dataset, Shimei is described as of the house of Saul (2SA 16:5) who threw stones at King David. Recorded as male; listed with tribe: Benjamin.",2,734,"In this dataset, Shimei is described as of the house of Saul (2SA 16:5) who threw stones at King David. Recorded as male; listed with tribe: Benjamin."
Gera_3,Gera,,"father of Shimei (2SA 16:5), son of Bela (1CH 8:5)",male,Benjamin,"In this dataset, Gera is described as father of Shimei (2SA 16:5), son of Bela (1CH 8:5). Recorded as male; listed with tribe: Benjamin.",3,735,"In this dataset, Gera is described as father of Shimei (2SA 16:5), son of Bela (1CH 8:5). Recorded as male; listed with tribe: Benjamin."
Amasa_1,Amasa,,set over David's army in place of Joab (2SA 17:25),male,,"In this dataset, Amasa is described as set over David's army in place of Joab (2SA 17:25). Recorded as male.",1,736,"In this dataset, Amasa is described as set over David's army in place of Joab (2SA 17:25). Recorded as male."
Ithra_1,Ithra,,father of Amasa (2SA 17:25),male,,"In this dataset, Ithra is described as father of Amasa (2SA 17:25). Recorded as male.",1,737,"In this dataset, Ithra is described as father of Amasa (2SA 17:25). Recorded as male."
Abigail_2,Abigail,,"daughter of Nahash, sister of Zeruiah (2SA 17:25), (half-?) sister of King David (1CH 2:16)",female,,"In this dataset, Abigail is described as daughter of Nahash, sister of Zeruiah (2SA 17:25), (half-?) sister of King David (1CH 2:16). Recorded as female.",2,738,"In this dataset, Abigail is described as daughter of Nahash, sister of Zeruiah (2SA 17:25), (half-?) sister of King David (1CH 2:16). Recorded as female."
Nahash_2,Nahash,,"mother of Abigail (2SA 17:25) [and wife of Jesse, David's father (1 Chr 2:13-16) ?]",female,,"In this dataset, Nahash is described as mother of Abigail (2SA 17:25) [and wife of Jesse, David's father (1 Chr 2:13-16) ?]. Recorded as female.",2,739,"In this dataset, Nahash is described as mother of Abigail (2SA 17:25) [and wife of Jesse, David's father (1 Chr 2:13-16) ?]. Recorded as female."
Shobi_1,Shobi,,the son of Nahash from Rabbah (2SA 17:27),male,,"In this dataset, Shobi is described as the son of Nahash from Rabbah (2SA 17:27). Recorded as male.",1,740,"In this dataset, Shobi is described as the son of Nahash from Rabbah (2SA 17:27). Recorded as male."
Barzillai_1,Barzillai,,the Gileadite from Rogelim (2SA 17:27),male,,"In this dataset, Barzillai is described as the Gileadite from Rogelim (2SA 17:27). Recorded as male.",1,741,"In this dataset, Barzillai is described as the Gileadite from Rogelim (2SA 17:27). Recorded as male."
Chimham_1,Chimham,,the servant of Barzillai (2SA 19:37),male,,"In this dataset, Chimham is described as the servant of Barzillai (2SA 19:37). Recorded as male.",1,742,"In this dataset, Chimham is described as the servant of Barzillai (2SA 19:37). Recorded as male."
Sheba_4,Sheba,,"a worthless fellow, son of Bichri (2SA 20:1)",male,,"In this dataset, Sheba is described as a worthless fellow, son of Bichri (2SA 20:1). Recorded as male.",4,743,"In this dataset, Sheba is described as a worthless fellow, son of Bichri (2SA 20:1). Recorded as male."
Bichri_1,Bichri,,father of Sheba (2SA 20:6),male,,"In this dataset, Bichri is described as father of Sheba (2SA 20:6). Recorded as male.",1,744,"In this dataset, Bichri is described as father of Sheba (2SA 20:6). Recorded as male."
Adoram_1,Adoram,,over the forced labor (2SA 20:24),male,,"In this dataset, Adoram is described as over the forced labor (2SA 20:24). Recorded as male.",1,745,"In this dataset, Adoram is described as over the forced labor (2SA 20:24). Recorded as male."
Sheva_1,Sheva,,scribe for King David (2SA 20:25,male,,"In this dataset, Sheva is described as scribe for King David (2SA 20:25. Recorded as male.",1,746,"In this dataset, Sheva is described as scribe for King David (2SA 20:25. Recorded as male."
Ira_1,Ira,,"the Jairite, priest to David (2SA 20:26)",male,Levi,"In this dataset, Ira is described as the Jairite, priest to David (2SA 20:26). Recorded as male; listed with tribe: Levi.",1,747,"In this dataset, Ira is described as the Jairite, priest to David (2SA 20:26). Recorded as male; listed with tribe: Levi."
Armoni_1,Armoni,,son of Saul (2SA 21:8),male,Benjamin,"In this dataset, Armoni is described as son of Saul (2SA 21:8). Recorded as male; listed with tribe: Benjamin.",1,748,"In this dataset, Armoni is described as son of Saul (2SA 21:8). Recorded as male; listed with tribe: Benjamin."
Mephibosheth_2,Mephibosheth,,son of Saul (2SA 21:8),male,Benjamin,"In this dataset, Mephibosheth is described as son of Saul (2SA 21:8). Recorded as male; listed with tribe: Benjamin.",2,749,"In this dataset, Mephibosheth is described as son of Saul (2SA 21:8). Recorded as male; listed with tribe: Benjamin."
Barzillai_2,Barzillai,,"the Meholathite, father of Adriel (2SA 21:8)",male,,"In this dataset, Barzillai is described as the Meholathite, father of Adriel (2SA 21:8). Recorded as male.",2,750,"In this dataset, Barzillai is described as the Meholathite, father of Adriel (2SA 21:8). Recorded as male."
Ishbi-benob_1,Ishbi-benob,,"descendants of Raphah [""the giant""?] (2SA 21:16)",male,,"In this dataset, Ishbi-benob is described as descendants of Raphah [""the giant""?] (2SA 21:16). Recorded as male.",1,751,"In this dataset, Ishbi-benob is described as descendants of Raphah [""the giant""?] (2SA 21:16). Recorded as male."
Raphah_1,Raphah,,father of Ishbi-benob (2SA 21:16),male,,"In this dataset, Raphah is described as father of Ishbi-benob (2SA 21:16). Recorded as male.",1,752,"In this dataset, Raphah is described as father of Ishbi-benob (2SA 21:16). Recorded as male."
Sibbecai_1,Sibbecai,,the Hushathite (2SA 21:18) of the Zerahites,male,Judah,"In this dataset, Sibbecai is described as the Hushathite (2SA 21:18) of the Zerahites. Recorded as male; listed with tribe: Judah.",1,753,"In this dataset, Sibbecai is described as the Hushathite (2SA 21:18) of the Zerahites. Recorded as male; listed with tribe: Judah."
Saph_1,Saph,,"among the descendants of Raphah [""the giant""?] (2SA 21:18)",male,,"In this dataset, Saph is described as among the descendants of Raphah [""the giant""?] (2SA 21:18). Recorded as male.",1,754,"In this dataset, Saph is described as among the descendants of Raphah [""the giant""?] (2SA 21:18). Recorded as male."
Elhanan_1,Elhanan,,"son of Jaare-oregim (2SA 21:19), seventh of ""the thirty"" of David's men (2SA 23:24)",male,,"In this dataset, Elhanan is described as son of Jaare-oregim (2SA 21:19), seventh of ""the thirty"" of David's men (2SA 23:24). Recorded as male.",1,755,"In this dataset, Elhanan is described as son of Jaare-oregim (2SA 21:19), seventh of ""the thirty"" of David's men (2SA 23:24). Recorded as male."
Jaare-oregim_1,Jaare-oregim,,the Bethlehemite (2SA 21:19),male,,"In this dataset, Jaare-oregim is described as the Bethlehemite (2SA 21:19). Recorded as male.",1,756,"In this dataset, Jaare-oregim is described as the Bethlehemite (2SA 21:19). Recorded as male."
Jonathan_4,Jonathan,,"son of Shimei, David's brother (2SA 21:21)",male,Judah,"In this dataset, Jonathan is described as son of Shimei, David's brother (2SA 21:21). Recorded as male; listed with tribe: Judah.",4,757,"In this dataset, Jonathan is described as son of Shimei, David's brother (2SA 21:21). Recorded as male; listed with tribe: Judah."
Josheb-basshebeth_1,Josheb-basshebeth,,"first of ""the thirty"" of David's men, a Tahchemonite (2SA 23:8)/Hachmonite (1CH 11:11)",male,Judah,"In this dataset, Josheb-basshebeth is described as first of ""the thirty"" of David's men, a Tahchemonite (2SA 23:8)/Hachmonite (1CH 11:11). Recorded as male; listed with tribe: Judah.",1,758,"In this dataset, Josheb-basshebeth is described as first of ""the thirty"" of David's men, a Tahchemonite (2SA 23:8)/Hachmonite (1CH 11:11). Recorded as male; listed with tribe: Judah."
Eleazar_3,Eleazar,,"second of ""the thirty"" of David's men, son of Dodo (2SA 23:9)",male,,"In this dataset, Eleazar is described as second of ""the thirty"" of David's men, son of Dodo (2SA 23:9). Recorded as male.",3,759,"In this dataset, Eleazar is described as second of ""the thirty"" of David's men, son of Dodo (2SA 23:9). Recorded as male."
Dodo_2,Dodo,,"an Ahohite (1CH 11:12) father of Eleazar, one of David's mighty men (2SA 23:9)",male,,"In this dataset, Dodo is described as an Ahohite (1CH 11:12) father of Eleazar, one of David's mighty men (2SA 23:9). Recorded as male.",2,760,"In this dataset, Dodo is described as an Ahohite (1CH 11:12) father of Eleazar, one of David's mighty men (2SA 23:9). Recorded as male."
Shammah_3,Shammah,,"third of ""the thirty"" of David's men, son of Agee (2SA 23:11)",male,,"In this dataset, Shammah is described as third of ""the thirty"" of David's men, son of Agee (2SA 23:11). Recorded as male.",3,761,"In this dataset, Shammah is described as third of ""the thirty"" of David's men, son of Agee (2SA 23:11). Recorded as male."
Agee_1,Agee,,"a Hararite (Harorite in 1CH 11:27), father of Shammah (2SA 23:11)",male,,"In this dataset, Agee is described as a Hararite (Harorite in 1CH 11:27), father of Shammah (2SA 23:11). Recorded as male.",1,762,"In this dataset, Agee is described as a Hararite (Harorite in 1CH 11:27), father of Shammah (2SA 23:11). Recorded as male."
Ariel_1,Ariel,,of Moab (2SA 23:20),male,,"In this dataset, Ariel is described as of Moab (2SA 23:20). Recorded as male.",1,763,"In this dataset, Ariel is described as of Moab (2SA 23:20). Recorded as male."
Shammah_4,Shammah,,"the Harodite, eighth of ""the thirty"" of David's men (2SA 23:25)",male,,"In this dataset, Shammah is described as the Harodite, eighth of ""the thirty"" of David's men (2SA 23:25). Recorded as male.",4,764,"In this dataset, Shammah is described as the Harodite, eighth of ""the thirty"" of David's men (2SA 23:25). Recorded as male."
Elika_1,Elika,,"the Harodite, ninth of ""the thirty"" of David's men (2SA 23:25)",male,,"In this dataset, Elika is described as the Harodite, ninth of ""the thirty"" of David's men (2SA 23:25). Recorded as male.",1,765,"In this dataset, Elika is described as the Harodite, ninth of ""the thirty"" of David's men (2SA 23:25). Recorded as male."
Helez_1,Helez,,"the Paltite (Pelonite in 1CH 11:27), tenth of ""the thirty"" of David's men (2SA 23:26)",male,,"In this dataset, Helez is described as the Paltite (Pelonite in 1CH 11:27), tenth of ""the thirty"" of David's men (2SA 23:26). Recorded as male.",1,766,"In this dataset, Helez is described as the Paltite (Pelonite in 1CH 11:27), tenth of ""the thirty"" of David's men (2SA 23:26). Recorded as male."
Ira_2,Ira,,"son of Ikkesh the Tekoite, eleventh of ""the thirty"" of David's men (2SA 23:26)",male,,"In this dataset, Ira is described as son of Ikkesh the Tekoite, eleventh of ""the thirty"" of David's men (2SA 23:26). Recorded as male.",2,767,"In this dataset, Ira is described as son of Ikkesh the Tekoite, eleventh of ""the thirty"" of David's men (2SA 23:26). Recorded as male."
Ikkesh_1,Ikkesh,,"father of Ira, one of David's mighty men (2SA 23:26)",male,,"In this dataset, Ikkesh is described as father of Ira, one of David's mighty men (2SA 23:26). Recorded as male.",1,768,"In this dataset, Ikkesh is described as father of Ira, one of David's mighty men (2SA 23:26). Recorded as male."
Abiezer_1,Abiezer,,"the Anathothite (2SA 23:27), twelfth of ""the thirty"" of David's men",male,,"In this dataset, Abiezer is described as the Anathothite (2SA 23:27), twelfth of ""the thirty"" of David's men. Recorded as male.",1,769,"In this dataset, Abiezer is described as the Anathothite (2SA 23:27), twelfth of ""the thirty"" of David's men. Recorded as male."
Zalmon_1,Zalmon,,"the Ahohite (2SA 23:28), fourteenth of ""the thirty"" of David's men",male,,"In this dataset, Zalmon is described as the Ahohite (2SA 23:28), fourteenth of ""the thirty"" of David's men. Recorded as male.",1,770,"In this dataset, Zalmon is described as the Ahohite (2SA 23:28), fourteenth of ""the thirty"" of David's men. Recorded as male."
Maharai_1,Maharai,,"the Netophathite (2SA 23:28), fifteenth of ""the thirty"" of David's men",male,,"In this dataset, Maharai is described as the Netophathite (2SA 23:28), fifteenth of ""the thirty"" of David's men. Recorded as male.",1,771,"In this dataset, Maharai is described as the Netophathite (2SA 23:28), fifteenth of ""the thirty"" of David's men. Recorded as male."
Heleb_1,Heleb,,"son of Baanah (2SA 23:29), sixteenth of ""the thirty"" of David's men",male,,"In this dataset, Heleb is described as son of Baanah (2SA 23:29), sixteenth of ""the thirty"" of David's men. Recorded as male.",1,772,"In this dataset, Heleb is described as son of Baanah (2SA 23:29), sixteenth of ""the thirty"" of David's men. Recorded as male."
Baanah_2,Baanah,,"father of Heleb, one of David's mighty men (2SA 23:29)",male,,"In this dataset, Baanah is described as father of Heleb, one of David's mighty men (2SA 23:29). Recorded as male.",2,773,"In this dataset, Baanah is described as father of Heleb, one of David's mighty men (2SA 23:29). Recorded as male."
Ribai_1,Ribai,,of Gibeah of the sons of Benjamin (2SA 23:29),male,Benjamin,"In this dataset, Ribai is described as of Gibeah of the sons of Benjamin (2SA 23:29). Recorded as male; listed with tribe: Benjamin.",1,774,"In this dataset, Ribai is described as of Gibeah of the sons of Benjamin (2SA 23:29). Recorded as male; listed with tribe: Benjamin."
Benaiah_2,Benaiah,,"the Pirathonite, eighteenth of ""the thirty"" of David's men (2SA 23:30)",male,Ephraim,"In this dataset, Benaiah is described as the Pirathonite, eighteenth of ""the thirty"" of David's men (2SA 23:30). Recorded as male; listed with tribe: Ephraim.",2,775,"In this dataset, Benaiah is described as the Pirathonite, eighteenth of ""the thirty"" of David's men (2SA 23:30). Recorded as male; listed with tribe: Ephraim."
Hiddai_1,Hiddai,,"of the brooks of Gaash, nineteenth of ""the thirty"" of David's men (2SA 23:30)",male,,"In this dataset, Hiddai is described as of the brooks of Gaash, nineteenth of ""the thirty"" of David's men (2SA 23:30). Recorded as male.",1,776,"In this dataset, Hiddai is described as of the brooks of Gaash, nineteenth of ""the thirty"" of David's men (2SA 23:30). Recorded as male."
Abi-albon_1,Abi-albon,,"the Arbathite, twentieth of ""the thirty"" of David's men (2SA 23:31)",male,,"In this dataset, Abi-albon is described as the Arbathite, twentieth of ""the thirty"" of David's men (2SA 23:31). Recorded as male.",1,777,"In this dataset, Abi-albon is described as the Arbathite, twentieth of ""the thirty"" of David's men (2SA 23:31). Recorded as male."
Azmaveth_1,Azmaveth,,"the Barhumite (Baharumite 1CH 11:33), twenty-first of ""the thirty"" of David's men (2SA 23:31)",male,,"In this dataset, Azmaveth is described as the Barhumite (Baharumite 1CH 11:33), twenty-first of ""the thirty"" of David's men (2SA 23:31). Recorded as male.",1,778,"In this dataset, Azmaveth is described as the Barhumite (Baharumite 1CH 11:33), twenty-first of ""the thirty"" of David's men (2SA 23:31). Recorded as male."
Eliahba_1,Eliahba,,"the Shaalbonite, twenty-second of ""the thirty"" of David's men (2SA 23:32)",male,,"In this dataset, Eliahba is described as the Shaalbonite, twenty-second of ""the thirty"" of David's men (2SA 23:32). Recorded as male.",1,779,"In this dataset, Eliahba is described as the Shaalbonite, twenty-second of ""the thirty"" of David's men (2SA 23:32). Recorded as male."
Jashen_1,Jashen,,"son of Eliahba, twenty-third of ""the thirty"" of David's men (2SA 23:32)",male,,"In this dataset, Jashen is described as son of Eliahba, twenty-third of ""the thirty"" of David's men (2SA 23:32). Recorded as male.",1,780,"In this dataset, Jashen is described as son of Eliahba, twenty-third of ""the thirty"" of David's men (2SA 23:32). Recorded as male."
Jonathan_5,Jonathan,,"son of Eliahba, twenty-fourth of ""the thirty"" of David's men (2SA 23:32)",male,,"In this dataset, Jonathan is described as son of Eliahba, twenty-fourth of ""the thirty"" of David's men (2SA 23:32). Recorded as male.",5,781,"In this dataset, Jonathan is described as son of Eliahba, twenty-fourth of ""the thirty"" of David's men (2SA 23:32). Recorded as male."
Shammah_5,Shammah,,"the Hararite (2SA 23:33), twenty-fifth of ""the thirty"" of David's men",male,,"In this dataset, Shammah is described as the Hararite (2SA 23:33), twenty-fifth of ""the thirty"" of David's men. Recorded as male.",5,782,"In this dataset, Shammah is described as the Hararite (2SA 23:33), twenty-fifth of ""the thirty"" of David's men. Recorded as male."
Ahiam_1,Ahiam,,"son of Sharar (2SA 23:33), twenty-sixth of ""the thirty"" of David's men",male,,"In this dataset, Ahiam is described as son of Sharar (2SA 23:33), twenty-sixth of ""the thirty"" of David's men. Recorded as male.",1,783,"In this dataset, Ahiam is described as son of Sharar (2SA 23:33), twenty-sixth of ""the thirty"" of David's men. Recorded as male."
Sharar_1,Sharar,,father of Ahiam (2SA 23:33),male,,"In this dataset, Sharar is described as father of Ahiam (2SA 23:33). Recorded as male.",1,784,"In this dataset, Sharar is described as father of Ahiam (2SA 23:33). Recorded as male."
Eliphelet_2,Eliphelet,,"son of Ahasbai, twenty-seventh of ""the thirty"" of David's men (2SA 23:34)",male,,"In this dataset, Eliphelet is described as son of Ahasbai, twenty-seventh of ""the thirty"" of David's men (2SA 23:34). Recorded as male.",2,785,"In this dataset, Eliphelet is described as son of Ahasbai, twenty-seventh of ""the thirty"" of David's men (2SA 23:34). Recorded as male."
Ahasbai_1,Ahasbai,,"father of Eliphelet, son of the Maacathite (2SA 23:34)",male,,"In this dataset, Ahasbai is described as father of Eliphelet, son of the Maacathite (2SA 23:34). Recorded as male.",1,786,"In this dataset, Ahasbai is described as father of Eliphelet, son of the Maacathite (2SA 23:34). Recorded as male."
Eliam_2,Eliam,,"son of Ahithophel, twenty-eighth of ""the thirty"" of David's men (2SA 23:34)",male,,"In this dataset, Eliam is described as son of Ahithophel, twenty-eighth of ""the thirty"" of David's men (2SA 23:34). Recorded as male.",2,787,"In this dataset, Eliam is described as son of Ahithophel, twenty-eighth of ""the thirty"" of David's men (2SA 23:34). Recorded as male."
Hezro_1,Hezro,,"the Carmelite, twenty-ninth of ""the thirty"" of David's men (2SA 23:35)",male,,"In this dataset, Hezro is described as the Carmelite, twenty-ninth of ""the thirty"" of David's men (2SA 23:35). Recorded as male.",1,788,"In this dataset, Hezro is described as the Carmelite, twenty-ninth of ""the thirty"" of David's men (2SA 23:35). Recorded as male."
Paarai_1,Paarai,,"the Arbite, thirtieth of ""the thirty"" of David's men (2SA 23:35)",male,,"In this dataset, Paarai is described as the Arbite, thirtieth of ""the thirty"" of David's men (2SA 23:35). Recorded as male.",1,789,"In this dataset, Paarai is described as the Arbite, thirtieth of ""the thirty"" of David's men (2SA 23:35). Recorded as male."
Igal_2,Igal,,"son of Nathan, thirty-first of ""the thirty"" of David's men (2SA 23:36)",male,,"In this dataset, Igal is described as son of Nathan, thirty-first of ""the thirty"" of David's men (2SA 23:36). Recorded as male.",2,790,"In this dataset, Igal is described as son of Nathan, thirty-first of ""the thirty"" of David's men (2SA 23:36). Recorded as male."
Nathan_3,Nathan,,of Zobah (2SA 23:36),male,,"In this dataset, Nathan is described as of Zobah (2SA 23:36). Recorded as male.",3,791,"In this dataset, Nathan is described as of Zobah (2SA 23:36). Recorded as male."
Bani_1,Bani,,"the Gadite, thirty-second of ""the thirty"" of David's men (2SA 23:36)",male,,"In this dataset, Bani is described as the Gadite, thirty-second of ""the thirty"" of David's men (2SA 23:36). Recorded as male.",1,792,"In this dataset, Bani is described as the Gadite, thirty-second of ""the thirty"" of David's men (2SA 23:36). Recorded as male."
Zelek_1,Zelek,,"the Ammonite, thirty-third of ""the thirty"" of David's men (2SA 23:37)",male,Ammonite,"In this dataset, Zelek is described as the Ammonite, thirty-third of ""the thirty"" of David's men (2SA 23:37). Recorded as male; listed with tribe: Ammonite.",1,793,"In this dataset, Zelek is described as the Ammonite, thirty-third of ""the thirty"" of David's men (2SA 23:37). Recorded as male; listed with tribe: Ammonite."
Naharai_1,Naharai,,"the Beerothite, thirty-fourth of ""the thirty"" of David's men (2SA 23:37)",male,,"In this dataset, Naharai is described as the Beerothite, thirty-fourth of ""the thirty"" of David's men (2SA 23:37). Recorded as male.",1,794,"In this dataset, Naharai is described as the Beerothite, thirty-fourth of ""the thirty"" of David's men (2SA 23:37). Recorded as male."
Ira_3,Ira,,"the Ithrite, thirty-fifth of ""the thirty"" of David's men (2SA 23:38)",male,,"In this dataset, Ira is described as the Ithrite, thirty-fifth of ""the thirty"" of David's men (2SA 23:38). Recorded as male.",3,795,"In this dataset, Ira is described as the Ithrite, thirty-fifth of ""the thirty"" of David's men (2SA 23:38). Recorded as male."
Gareb_1,Gareb,,"the Ithrite, thirty-sixth of ""the thirty"" of David's men (2SA 23:38)",male,,"In this dataset, Gareb is described as the Ithrite, thirty-sixth of ""the thirty"" of David's men (2SA 23:38). Recorded as male.",1,796,"In this dataset, Gareb is described as the Ithrite, thirty-sixth of ""the thirty"" of David's men (2SA 23:38). Recorded as male."
Araunah_1,Araunah,,the Jebusite (2SA 24:16),male,,"In this dataset, Araunah is described as the Jebusite (2SA 24:16). Recorded as male.",1,797,"In this dataset, Araunah is described as the Jebusite (2SA 24:16). Recorded as male."
Abishag_1,Abishag,,"the Shunammite, David's nurse (1KI 1:3-4)",female,,"In this dataset, Abishag is described as the Shunammite, David's nurse (1KI 1:3-4). Recorded as female.",1,798,"In this dataset, Abishag is described as the Shunammite, David's nurse (1KI 1:3-4). Recorded as female."
Rei_1,Rei,,supported David when Adonijah attempted a coup (1KI 1:8),male,,"In this dataset, Rei is described as supported David when Adonijah attempted a coup (1KI 1:8). Recorded as male.",1,799,"In this dataset, Rei is described as supported David when Adonijah attempted a coup (1KI 1:8). Recorded as male."
Pharaoh_5,Pharaoh,,"Pharaoh, father of Solomon's wife (1KI 3:1, 9:16)",male,,"In this dataset, Pharaoh is described as Pharaoh, father of Solomon's wife (1KI 3:1, 9:16). Recorded as male.",5,800,"In this dataset, Pharaoh is described as Pharaoh, father of Solomon's wife (1KI 3:1, 9:16). Recorded as male."
Azariah_1,Azariah,,"son [descendant] of Zadok, served as priest (1KI 4:2) in the temple which Solomon built (1CH 6:10)",male,Levi,"In this dataset, Azariah is described as son [descendant] of Zadok, served as priest (1KI 4:2) in the temple which Solomon built (1CH 6:10). Recorded as male; listed with tribe: Levi.",1,801,"In this dataset, Azariah is described as son [descendant] of Zadok, served as priest (1KI 4:2) in the temple which Solomon built (1CH 6:10). Recorded as male; listed with tribe: Levi."
Elihoreph_1,Elihoreph,,secretary for King Solomon (1KI 4:3),male,,"In this dataset, Elihoreph is described as secretary for King Solomon (1KI 4:3). Recorded as male.",1,802,"In this dataset, Elihoreph is described as secretary for King Solomon (1KI 4:3). Recorded as male."
Ahijah_2,Ahijah,,secretary for King Solomon (1KI 4:3),male,,"In this dataset, Ahijah is described as secretary for King Solomon (1KI 4:3). Recorded as male.",2,803,"In this dataset, Ahijah is described as secretary for King Solomon (1KI 4:3). Recorded as male."
Shisha_1,Shisha,,father of Elihoreph and Ahijah (1KI 4:3),male,,"In this dataset, Shisha is described as father of Elihoreph and Ahijah (1KI 4:3). Recorded as male.",1,804,"In this dataset, Shisha is described as father of Elihoreph and Ahijah (1KI 4:3). Recorded as male."
Azariah_2,Azariah,,"son of Nathan, was over the deputies (1KI 4:5)",male,,"In this dataset, Azariah is described as son of Nathan, was over the deputies (1KI 4:5). Recorded as male.",2,805,"In this dataset, Azariah is described as son of Nathan, was over the deputies (1KI 4:5). Recorded as male."
Nathan_4,Nathan,,father of Azariah (1KI 4:5),male,,"In this dataset, Nathan is described as father of Azariah (1KI 4:5). Recorded as male.",4,806,"In this dataset, Nathan is described as father of Azariah (1KI 4:5). Recorded as male."
Zabud_1,Zabud,,"son of Nathan, a friend of King Solomon (1KI 4:5)",male,,"In this dataset, Zabud is described as son of Nathan, a friend of King Solomon (1KI 4:5). Recorded as male.",1,807,"In this dataset, Zabud is described as son of Nathan, a friend of King Solomon (1KI 4:5). Recorded as male."
Nathan_5,Nathan,,"a priest, father of Zabud (1KI 4:5)",male,Levi,"In this dataset, Nathan is described as a priest, father of Zabud (1KI 4:5). Recorded as male; listed with tribe: Levi.",5,808,"In this dataset, Nathan is described as a priest, father of Zabud (1KI 4:5). Recorded as male; listed with tribe: Levi."
Ahishar_1,Ahishar,,over Solomon's household (1KI 4:6),male,,"In this dataset, Ahishar is described as over Solomon's household (1KI 4:6). Recorded as male.",1,809,"In this dataset, Ahishar is described as over Solomon's household (1KI 4:6). Recorded as male."
Adoniram_1,Adoniram,,over the men subject to forced labor (1KI 4:6),male,,"In this dataset, Adoniram is described as over the men subject to forced labor (1KI 4:6). Recorded as male.",1,810,"In this dataset, Adoniram is described as over the men subject to forced labor (1KI 4:6). Recorded as male."
Abda_1,Abda,,father of Adoniram (1KI 4:6),male,,"In this dataset, Abda is described as father of Adoniram (1KI 4:6). Recorded as male.",1,811,"In this dataset, Abda is described as father of Adoniram (1KI 4:6). Recorded as male."
Ben-hur_1,Ben-hur,,"one of Solomon's twelve deputies (1KI 4:7), in Ephraim (1KI 4:8)",male,,"In this dataset, Ben-hur is described as one of Solomon's twelve deputies (1KI 4:7), in Ephraim (1KI 4:8). Recorded as male.",1,812,"In this dataset, Ben-hur is described as one of Solomon's twelve deputies (1KI 4:7), in Ephraim (1KI 4:8). Recorded as male."
Ben-deker_1,Ben-deker,,"one of Solomon's twelve deputies (1KI 4:7), in Makaz (1KI 4:9)",male,,"In this dataset, Ben-deker is described as one of Solomon's twelve deputies (1KI 4:7), in Makaz (1KI 4:9). Recorded as male.",1,813,"In this dataset, Ben-deker is described as one of Solomon's twelve deputies (1KI 4:7), in Makaz (1KI 4:9). Recorded as male."
Ben-hesed_1,Ben-hesed,,"one of Solomon's twelve deputies (1KI 4:7), in Arubboth (1KI 4:10)",male,,"In this dataset, Ben-hesed is described as one of Solomon's twelve deputies (1KI 4:7), in Arubboth (1KI 4:10). Recorded as male.",1,814,"In this dataset, Ben-hesed is described as one of Solomon's twelve deputies (1KI 4:7), in Arubboth (1KI 4:10). Recorded as male."
Ben-abinadab_1,Ben-abinadab,,"one of Solomon's twelve deputies (1KI 4:7), in Dor (1KI 4:11)",male,,"In this dataset, Ben-abinadab is described as one of Solomon's twelve deputies (1KI 4:7), in Dor (1KI 4:11). Recorded as male.",1,815,"In this dataset, Ben-abinadab is described as one of Solomon's twelve deputies (1KI 4:7), in Dor (1KI 4:11). Recorded as male."
Taphath_1,Taphath,,"daughter of Solomon, wife of Ben-abinadab (1KI 4:11)",female,Judah,"In this dataset, Taphath is described as daughter of Solomon, wife of Ben-abinadab (1KI 4:11). Recorded as female; listed with tribe: Judah.",1,816,"In this dataset, Taphath is described as daughter of Solomon, wife of Ben-abinadab (1KI 4:11). Recorded as female; listed with tribe: Judah."
Baana_1,Baana,,"one of Solomon's twelve deputies (1KI 4:7), in Taanach and Megiddo (1KI 4:12)",male,,"In this dataset, Baana is described as one of Solomon's twelve deputies (1KI 4:7), in Taanach and Megiddo (1KI 4:12). Recorded as male.",1,817,"In this dataset, Baana is described as one of Solomon's twelve deputies (1KI 4:7), in Taanach and Megiddo (1KI 4:12). Recorded as male."
Ahilud_2,Ahilud,,father of Baana (1KI 4:12),male,,"In this dataset, Ahilud is described as father of Baana (1KI 4:12). Recorded as male.",2,818,"In this dataset, Ahilud is described as father of Baana (1KI 4:12). Recorded as male."
Ben-geber_1,Ben-geber,,"one of Solomon's twelve deputies (1KI 4:7), in Ramoth-gilead (1KI 4:13)",male,,"In this dataset, Ben-geber is described as one of Solomon's twelve deputies (1KI 4:7), in Ramoth-gilead (1KI 4:13). Recorded as male.",1,819,"In this dataset, Ben-geber is described as one of Solomon's twelve deputies (1KI 4:7), in Ramoth-gilead (1KI 4:13). Recorded as male."
Ahinadab_1,Ahinadab,,"one of Solomon's twelve deputies (1KI 4:7), in Mahanaim (1KI 4:14)",male,,"In this dataset, Ahinadab is described as one of Solomon's twelve deputies (1KI 4:7), in Mahanaim (1KI 4:14). Recorded as male.",1,820,"In this dataset, Ahinadab is described as one of Solomon's twelve deputies (1KI 4:7), in Mahanaim (1KI 4:14). Recorded as male."
Iddo_1,Iddo,,father of Ahinadab (1KI 4:14),male,,"In this dataset, Iddo is described as father of Ahinadab (1KI 4:14). Recorded as male.",1,821,"In this dataset, Iddo is described as father of Ahinadab (1KI 4:14). Recorded as male."
Ahimaaz_3,Ahimaaz,,"one of Solomon's twelve deputies (1KI 4:7), in Naphtali (1KI 4:15)",male,,"In this dataset, Ahimaaz is described as one of Solomon's twelve deputies (1KI 4:7), in Naphtali (1KI 4:15). Recorded as male.",3,822,"In this dataset, Ahimaaz is described as one of Solomon's twelve deputies (1KI 4:7), in Naphtali (1KI 4:15). Recorded as male."
Basemath_2,Basemath,,"daughter of Solomon, wife of Ahimaaz (1KI 4:15)",female,,"In this dataset, Basemath is described as daughter of Solomon, wife of Ahimaaz (1KI 4:15). Recorded as female.",2,823,"In this dataset, Basemath is described as daughter of Solomon, wife of Ahimaaz (1KI 4:15). Recorded as female."
Baana_2,Baana,,"one of Solomon's twelve deputies (1KI 4:7), in Asher (1KI 4:16)",male,,"In this dataset, Baana is described as one of Solomon's twelve deputies (1KI 4:7), in Asher (1KI 4:16). Recorded as male.",2,824,"In this dataset, Baana is described as one of Solomon's twelve deputies (1KI 4:7), in Asher (1KI 4:16). Recorded as male."
Hushai_2,Hushai,,father of Baana (1KI 4:16),male,,"In this dataset, Hushai is described as father of Baana (1KI 4:16). Recorded as male.",2,825,"In this dataset, Hushai is described as father of Baana (1KI 4:16). Recorded as male."
Jehoshaphat_2,Jehoshaphat,,"one of Solomon's twelve deputies (1KI 4:7), in Issachar (1KI 4:17)",male,,"In this dataset, Jehoshaphat is described as one of Solomon's twelve deputies (1KI 4:7), in Issachar (1KI 4:17). Recorded as male.",2,826,"In this dataset, Jehoshaphat is described as one of Solomon's twelve deputies (1KI 4:7), in Issachar (1KI 4:17). Recorded as male."
Paruah_1,Paruah,,father of Jehoshaphat (1KI 4:17),male,,"In this dataset, Paruah is described as father of Jehoshaphat (1KI 4:17). Recorded as male.",1,827,"In this dataset, Paruah is described as father of Jehoshaphat (1KI 4:17). Recorded as male."
Shimei_3,Shimei,,"one of Solomon's twelve deputies (1KI 4:7), in Benjamin (1KI 4:18)",male,,"In this dataset, Shimei is described as one of Solomon's twelve deputies (1KI 4:7), in Benjamin (1KI 4:18). Recorded as male.",3,828,"In this dataset, Shimei is described as one of Solomon's twelve deputies (1KI 4:7), in Benjamin (1KI 4:18). Recorded as male."
Ela_1,Ela,,father of Shimei (1KI 4:18),male,,"In this dataset, Ela is described as father of Shimei (1KI 4:18). Recorded as male.",1,829,"In this dataset, Ela is described as father of Shimei (1KI 4:18). Recorded as male."
Geber_1,Geber,,"one of Solomon's twelve deputies (1KI 4:7), in Gilead (1KI 4:18)",male,,"In this dataset, Geber is described as one of Solomon's twelve deputies (1KI 4:7), in Gilead (1KI 4:18). Recorded as male.",1,830,"In this dataset, Geber is described as one of Solomon's twelve deputies (1KI 4:7), in Gilead (1KI 4:18). Recorded as male."
Uri_2,Uri,,father of Geber (1KI 4:19),male,,"In this dataset, Uri is described as father of Geber (1KI 4:19). Recorded as male.",2,831,"In this dataset, Uri is described as father of Geber (1KI 4:19). Recorded as male."
Ethan_1,Ethan,,the Ezrahite (1KI 4:31) [Zerahite?- 1CH 2:6],male,,"In this dataset, Ethan is described as the Ezrahite (1KI 4:31) [Zerahite?- 1CH 2:6]. Recorded as male.",1,832,"In this dataset, Ethan is described as the Ezrahite (1KI 4:31) [Zerahite?- 1CH 2:6]. Recorded as male."
Heman_1,Heman,,son of Zerah (1CH 2:6).  Solomon was wiser than him (1KI 4:31),male,,"In this dataset, Heman is described as son of Zerah (1CH 2:6).  Solomon was wiser than him (1KI 4:31). Recorded as male.",1,833,"In this dataset, Heman is described as son of Zerah (1CH 2:6).  Solomon was wiser than him (1KI 4:31). Recorded as male."
Calcol_1,Calcol,,son of Zerah (1CH 2:6).  Solomon was wiser than him (1KI 4:31),male,,"In this dataset, Calcol is described as son of Zerah (1CH 2:6).  Solomon was wiser than him (1KI 4:31). Recorded as male.",1,834,"In this dataset, Calcol is described as son of Zerah (1CH 2:6).  Solomon was wiser than him (1KI 4:31). Recorded as male."
Darda_1,Darda,,son of Zerah (1CH 2:6).  Solomon was wiser than him (1KI 4:31),male,,"In this dataset, Darda is described as son of Zerah (1CH 2:6).  Solomon was wiser than him (1KI 4:31). Recorded as male.",1,835,"In this dataset, Darda is described as son of Zerah (1CH 2:6).  Solomon was wiser than him (1KI 4:31). Recorded as male."
Hiram_2,Hiram,,worked to build Solomon's temple (1KI 7:14),male,,"In this dataset, Hiram is described as worked to build Solomon's temple (1KI 7:14). Recorded as male.",2,836,"In this dataset, Hiram is described as worked to build Solomon's temple (1KI 7:14). Recorded as male."
Queen of Sheba_1,Queen of Sheba,,tested Solomon (1KI 10:1),female,,"In this dataset, Queen of Sheba is described as tested Solomon (1KI 10:1). Recorded as female.",1,837,"In this dataset, Queen of Sheba is described as tested Solomon (1KI 10:1). Recorded as female."
Hadad_3,Hadad,,the Edomite (1KI 11:14),male,,"In this dataset, Hadad is described as the Edomite (1KI 11:14). Recorded as male.",3,838,"In this dataset, Hadad is described as the Edomite (1KI 11:14). Recorded as male."
Tahpenes_1,Tahpenes,,Queen of Egypt (1KI 11:19),female,,"In this dataset, Tahpenes is described as Queen of Egypt (1KI 11:19). Recorded as female.",1,839,"In this dataset, Tahpenes is described as Queen of Egypt (1KI 11:19). Recorded as female."
Genubath_1,Genubath,,son of Hadad (1KI 11:20),male,,"In this dataset, Genubath is described as son of Hadad (1KI 11:20). Recorded as male.",1,840,"In this dataset, Genubath is described as son of Hadad (1KI 11:20). Recorded as male."
Rezon_1,Rezon,,adversary to Solomon (1KI 11:23),male,,"In this dataset, Rezon is described as adversary to Solomon (1KI 11:23). Recorded as male.",1,841,"In this dataset, Rezon is described as adversary to Solomon (1KI 11:23). Recorded as male."
Eliada_2,Eliada,,father of Rezon (1KI 11:23),male,,"In this dataset, Eliada is described as father of Rezon (1KI 11:23). Recorded as male.",2,842,"In this dataset, Eliada is described as father of Rezon (1KI 11:23). Recorded as male."
Jeroboam_1,Jeroboam,,"Solomon's servant, son of Nebat, who rebelled against him (1KI 11:26), and was later made king of Israel (1KI 12:20)",male,Ephraim,"In this dataset, Jeroboam is described as Solomon's servant, son of Nebat, who rebelled against him (1KI 11:26), and was later made king of Israel (1KI 12:20). Recorded as male; listed with tribe: Ephraim.",1,843,"In this dataset, Jeroboam is described as Solomon's servant, son of Nebat, who rebelled against him (1KI 11:26), and was later made king of Israel (1KI 12:20). Recorded as male; listed with tribe: Ephraim."
Nebat_1,Nebat,,"father of Jeroboam, an Ephraimite of Zeredah (1KI 11:26)",male,Ephraim,"In this dataset, Nebat is described as father of Jeroboam, an Ephraimite of Zeredah (1KI 11:26). Recorded as male; listed with tribe: Ephraim.",1,844,"In this dataset, Nebat is described as father of Jeroboam, an Ephraimite of Zeredah (1KI 11:26). Recorded as male; listed with tribe: Ephraim."
Zeruah_1,Zeruah,,"mother of Jeroboam, a widow (1KI 11:26)",female,,"In this dataset, Zeruah is described as mother of Jeroboam, a widow (1KI 11:26). Recorded as female.",1,845,"In this dataset, Zeruah is described as mother of Jeroboam, a widow (1KI 11:26). Recorded as female."
Rehoboam_1,Rehoboam,,son of Solomon who became king after him (1KI 11:43),male,Judah,"In this dataset, Rehoboam is described as son of Solomon who became king after him (1KI 11:43). Recorded as male; listed with tribe: Judah.",1,846,"In this dataset, Rehoboam is described as son of Solomon who became king after him (1KI 11:43). Recorded as male; listed with tribe: Judah."
Shemaiah_1,Shemaiah,,"the man of G-d (1KI 12:22, 2CH 11:2)",male,,"In this dataset, Shemaiah is described as the man of G-d (1KI 12:22, 2CH 11:2). Recorded as male.",1,847,"In this dataset, Shemaiah is described as the man of G-d (1KI 12:22, 2CH 11:2). Recorded as male."
Josiah_1,Josiah,,"prophesied son of the house of David (1KI 13:2), King of Judah and son of Amon (2KI 21:24)",male,,"In this dataset, Josiah is described as prophesied son of the house of David (1KI 13:2), King of Judah and son of Amon (2KI 21:24). Recorded as male.",1,848,"In this dataset, Josiah is described as prophesied son of the house of David (1KI 13:2), King of Judah and son of Amon (2KI 21:24). Recorded as male."
Abijah_2,Abijah,,son of Jeroboam (1KI 14:1),male,Ephraim,"In this dataset, Abijah is described as son of Jeroboam (1KI 14:1). Recorded as male; listed with tribe: Ephraim.",2,849,"In this dataset, Abijah is described as son of Jeroboam (1KI 14:1). Recorded as male; listed with tribe: Ephraim."
Nadab_2,Nadab,,son of Jeroboam (1Ki 14:20),male,Ephraim,"In this dataset, Nadab is described as son of Jeroboam (1Ki 14:20). Recorded as male; listed with tribe: Ephraim.",2,850,"In this dataset, Nadab is described as son of Jeroboam (1Ki 14:20). Recorded as male; listed with tribe: Ephraim."
Naamah_2,Naamah,,"the Ammonitess, mother of Rehoboam (1KI 14:21, 1KI 14:31, 2CH 12:13))",female,Ammonite,"In this dataset, Naamah is described as the Ammonitess, mother of Rehoboam (1KI 14:21, 1KI 14:31, 2CH 12:13)). Recorded as female; listed with tribe: Ammonite.",2,851,"In this dataset, Naamah is described as the Ammonitess, mother of Rehoboam (1KI 14:21, 1KI 14:31, 2CH 12:13)). Recorded as female; listed with tribe: Ammonite."
Shishak_1,Shishak,,King of Egypt (1KI 14:25),male,,"In this dataset, Shishak is described as King of Egypt (1KI 14:25). Recorded as male.",1,852,"In this dataset, Shishak is described as King of Egypt (1KI 14:25). Recorded as male."
Abijam_1,Abijam,,"King of Judah, son of Rehoboam (1KI 14:31) [Abijah in 2CH 12:16]",male,Judah,"In this dataset, Abijam is described as King of Judah, son of Rehoboam (1KI 14:31) [Abijah in 2CH 12:16]. Recorded as male; listed with tribe: Judah.",1,853,"In this dataset, Abijam is described as King of Judah, son of Rehoboam (1KI 14:31) [Abijah in 2CH 12:16]. Recorded as male; listed with tribe: Judah."
Maacah_3,Maacah,,"mother of Abijam (1KI 15:2) and Asa (1KI 15:10), daughter of Uriel_2 of Gibeah (2CH 13:2)",female,,"In this dataset, Maacah is described as mother of Abijam (1KI 15:2) and Asa (1KI 15:10), daughter of Uriel_2 of Gibeah (2CH 13:2). Recorded as female.",3,854,"In this dataset, Maacah is described as mother of Abijam (1KI 15:2) and Asa (1KI 15:10), daughter of Uriel_2 of Gibeah (2CH 13:2). Recorded as female."
Abishalom_1,Abishalom,,father of Maacah the mother of Abijam (1KI 15:2),male,,"In this dataset, Abishalom is described as father of Maacah the mother of Abijam (1KI 15:2). Recorded as male.",1,855,"In this dataset, Abishalom is described as father of Maacah the mother of Abijam (1KI 15:2). Recorded as male."
Asa_1,Asa,,"King of Judah (1KI 15:9), son of incestuous relationship between Abijah and his mother, Maacah (1KI 15:10)",male,Judah,"In this dataset, Asa is described as King of Judah (1KI 15:9), son of incestuous relationship between Abijah and his mother, Maacah (1KI 15:10). Recorded as male; listed with tribe: Judah.",1,856,"In this dataset, Asa is described as King of Judah (1KI 15:9), son of incestuous relationship between Abijah and his mother, Maacah (1KI 15:10). Recorded as male; listed with tribe: Judah."
Baasha_1,Baasha,,King of Israel (1KI 15:16),male,,"In this dataset, Baasha is described as King of Israel (1KI 15:16). Recorded as male.",1,857,"In this dataset, Baasha is described as King of Israel (1KI 15:16). Recorded as male."
Ben-hadad_1,Ben-hadad,,King of Aram (1KI 15:18),male,,"In this dataset, Ben-hadad is described as King of Aram (1KI 15:18). Recorded as male.",1,858,"In this dataset, Ben-hadad is described as King of Aram (1KI 15:18). Recorded as male."
Tabrimmon_1,Tabrimmon,,father of Ben-hadad (1KI 15:18),male,,"In this dataset, Tabrimmon is described as father of Ben-hadad (1KI 15:18). Recorded as male.",1,859,"In this dataset, Tabrimmon is described as father of Ben-hadad (1KI 15:18). Recorded as male."
Hezion_1,Hezion,,father of Tabrimmon (1KI 15:18),male,,"In this dataset, Hezion is described as father of Tabrimmon (1KI 15:18). Recorded as male.",1,860,"In this dataset, Hezion is described as father of Tabrimmon (1KI 15:18). Recorded as male."
Jehoshaphat_3,Jehoshaphat,,son of Asa and King of Judah (1KI 15:24),male,Judah,"In this dataset, Jehoshaphat is described as son of Asa and King of Judah (1KI 15:24). Recorded as male; listed with tribe: Judah.",3,861,"In this dataset, Jehoshaphat is described as son of Asa and King of Judah (1KI 15:24). Recorded as male; listed with tribe: Judah."
Ahijah_3,Ahijah,,"of the house of Issachar, father of Baasha (1KI 15:27)",male,Issachar,"In this dataset, Ahijah is described as of the house of Issachar, father of Baasha (1KI 15:27). Recorded as male; listed with tribe: Issachar.",3,862,"In this dataset, Ahijah is described as of the house of Issachar, father of Baasha (1KI 15:27). Recorded as male; listed with tribe: Issachar."
Jehu_1,Jehu,,son of Hanani (1KI 16:1) and a prophet (1KI 16:12) [seer in 2CH 16:7],male,,"In this dataset, Jehu is described as son of Hanani (1KI 16:1) and a prophet (1KI 16:12) [seer in 2CH 16:7]. Recorded as male.",1,863,"In this dataset, Jehu is described as son of Hanani (1KI 16:1) and a prophet (1KI 16:12) [seer in 2CH 16:7]. Recorded as male."
Hanani_1,Hanani,,"father of Jehu (1KI 16:1, 2CH 19:2)",male,,"In this dataset, Hanani is described as father of Jehu (1KI 16:1, 2CH 19:2). Recorded as male.",1,864,"In this dataset, Hanani is described as father of Jehu (1KI 16:1, 2CH 19:2). Recorded as male."
Elah_2,Elah,,son of Baasha and King of Israel (1KI 16:6),male,,"In this dataset, Elah is described as son of Baasha and King of Israel (1KI 16:6). Recorded as male.",2,865,"In this dataset, Elah is described as son of Baasha and King of Israel (1KI 16:6). Recorded as male."
Zimri_2,Zimri,,commander of Elah's chariots (1KI 16:9),male,,"In this dataset, Zimri is described as commander of Elah's chariots (1KI 16:9). Recorded as male.",2,866,"In this dataset, Zimri is described as commander of Elah's chariots (1KI 16:9). Recorded as male."
Arza_1,Arza,,over the household at Tirzah (1Ki 16:9),male,,"In this dataset, Arza is described as over the household at Tirzah (1Ki 16:9). Recorded as male.",1,867,"In this dataset, Arza is described as over the household at Tirzah (1Ki 16:9). Recorded as male."
Omri_1,Omri,,commander of the army and king over Israel (1KI 16:16),male,,"In this dataset, Omri is described as commander of the army and king over Israel (1KI 16:16). Recorded as male.",1,868,"In this dataset, Omri is described as commander of the army and king over Israel (1KI 16:16). Recorded as male."
Tibni_1,Tibni,,half of Israel wanted him to be king (1KI 16:21),male,,"In this dataset, Tibni is described as half of Israel wanted him to be king (1KI 16:21). Recorded as male.",1,869,"In this dataset, Tibni is described as half of Israel wanted him to be king (1KI 16:21). Recorded as male."
Ginath_1,Ginath,,father of Tibni (1KI 16:21),male,,"In this dataset, Ginath is described as father of Tibni (1KI 16:21). Recorded as male.",1,870,"In this dataset, Ginath is described as father of Tibni (1KI 16:21). Recorded as male."
Shemer_1,Shemer,,sold the hill of Samaria (Shomron) to King Omri (1KI 16:24),male,,"In this dataset, Shemer is described as sold the hill of Samaria (Shomron) to King Omri (1KI 16:24). Recorded as male.",1,871,"In this dataset, Shemer is described as sold the hill of Samaria (Shomron) to King Omri (1KI 16:24). Recorded as male."
Ahab_1,Ahab,,son of Omri and King of Israel (1KI 16:28),male,,"In this dataset, Ahab is described as son of Omri and King of Israel (1KI 16:28). Recorded as male.",1,872,"In this dataset, Ahab is described as son of Omri and King of Israel (1KI 16:28). Recorded as male."
Jezebel_1,Jezebel,,wife of Ahab (1KI 16:31),female,,"In this dataset, Jezebel is described as wife of Ahab (1KI 16:31). Recorded as female.",1,873,"In this dataset, Jezebel is described as wife of Ahab (1KI 16:31). Recorded as female."
Ethbaal_1,Ethbaal,,father of Jezebel and king of the Sidonians (1KI 16:31),male,,"In this dataset, Ethbaal is described as father of Jezebel and king of the Sidonians (1KI 16:31). Recorded as male.",1,874,"In this dataset, Ethbaal is described as father of Jezebel and king of the Sidonians (1KI 16:31). Recorded as male."
Hiel_1,Hiel,,the Bethelite who rebuilt Jericho (1KI 16:34),male,,"In this dataset, Hiel is described as the Bethelite who rebuilt Jericho (1KI 16:34). Recorded as male.",1,875,"In this dataset, Hiel is described as the Bethelite who rebuilt Jericho (1KI 16:34). Recorded as male."
Abiram_2,Abiram,,firstborn son of Hiel who died when his father rebuilt Jericho (1KI 16:34),male,,"In this dataset, Abiram is described as firstborn son of Hiel who died when his father rebuilt Jericho (1KI 16:34). Recorded as male.",2,876,"In this dataset, Abiram is described as firstborn son of Hiel who died when his father rebuilt Jericho (1KI 16:34). Recorded as male."
Segub_1,Segub,,youngest son of Hiel who died when his father rebuilt Jericho (1KI 16:34),male,,"In this dataset, Segub is described as youngest son of Hiel who died when his father rebuilt Jericho (1KI 16:34). Recorded as male.",1,877,"In this dataset, Segub is described as youngest son of Hiel who died when his father rebuilt Jericho (1KI 16:34). Recorded as male."
Elijah_1,Elijah,,"the prophet, Tishbite, who was of the settlers of Gilead (1KI 17:1)",male,,"In this dataset, Elijah is described as the prophet, Tishbite, who was of the settlers of Gilead (1KI 17:1). Recorded as male.",1,878,"In this dataset, Elijah is described as the prophet, Tishbite, who was of the settlers of Gilead (1KI 17:1). Recorded as male."
Obadiah_1,Obadiah,,"feared the Lord (1KI 18:3), sent by Jehoshaphat to teach (2CH 17:7)",male,,"In this dataset, Obadiah is described as feared the Lord (1KI 18:3), sent by Jehoshaphat to teach (2CH 17:7). Recorded as male.",1,879,"In this dataset, Obadiah is described as feared the Lord (1KI 18:3), sent by Jehoshaphat to teach (2CH 17:7). Recorded as male."
Hazael_1,Hazael,,king over Aram (1KI 19:15),male,,"In this dataset, Hazael is described as king over Aram (1KI 19:15). Recorded as male.",1,880,"In this dataset, Hazael is described as king over Aram (1KI 19:15). Recorded as male."
Jehu_2,Jehu,,anointed king over Israel (1KI 19:16) at the direction of Elisha (2KI 9:1-3),male,,"In this dataset, Jehu is described as anointed king over Israel (1KI 19:16) at the direction of Elisha (2KI 9:1-3). Recorded as male.",2,881,"In this dataset, Jehu is described as anointed king over Israel (1KI 19:16) at the direction of Elisha (2KI 9:1-3). Recorded as male."
Nimshi_1,Nimshi,,"[grand]father of Jehu, King of Israel (1KI 19:16, 2KI 9:2)",male,,"In this dataset, Nimshi is described as [grand]father of Jehu, King of Israel (1KI 19:16, 2KI 9:2). Recorded as male.",1,882,"In this dataset, Nimshi is described as [grand]father of Jehu, King of Israel (1KI 19:16, 2KI 9:2). Recorded as male."
Elisha_1,Elisha,,anointed prophet in Elijah's place (1KI 19:16),male,,"In this dataset, Elisha is described as anointed prophet in Elijah's place (1KI 19:16). Recorded as male.",1,883,"In this dataset, Elisha is described as anointed prophet in Elijah's place (1KI 19:16). Recorded as male."
Shaphat_2,Shaphat,,father of Elisha the prophet (1KI 19:16),male,,"In this dataset, Shaphat is described as father of Elisha the prophet (1KI 19:16). Recorded as male.",2,884,"In this dataset, Shaphat is described as father of Elisha the prophet (1KI 19:16). Recorded as male."
Naboth_1,Naboth,,the Jezreelite whose vineyard Ahab took (1KI 21:1),male,,"In this dataset, Naboth is described as the Jezreelite whose vineyard Ahab took (1KI 21:1). Recorded as male.",1,885,"In this dataset, Naboth is described as the Jezreelite whose vineyard Ahab took (1KI 21:1). Recorded as male."
Micaiah_1,Micaiah,,"prophet (1KI 22:8, 2CH 18:7)",male,,"In this dataset, Micaiah is described as prophet (1KI 22:8, 2CH 18:7). Recorded as male.",1,886,"In this dataset, Micaiah is described as prophet (1KI 22:8, 2CH 18:7). Recorded as male."
Imlah_1,Imlah,,father of Micaiah (1KI 22:8),male,,"In this dataset, Imlah is described as father of Micaiah (1KI 22:8). Recorded as male.",1,887,"In this dataset, Imlah is described as father of Micaiah (1KI 22:8). Recorded as male."
Zedekiah_1,Zedekiah,,"made horns of iron (1KI 22:11, 2CH 18:10)",male,,"In this dataset, Zedekiah is described as made horns of iron (1KI 22:11, 2CH 18:10). Recorded as male.",1,888,"In this dataset, Zedekiah is described as made horns of iron (1KI 22:11, 2CH 18:10). Recorded as male."
Chenaanah_1,Chenaanah,,"father of Zedekiah (1KI 22:11, 2CH 18:10)",male,,"In this dataset, Chenaanah is described as father of Zedekiah (1KI 22:11, 2CH 18:10). Recorded as male.",1,889,"In this dataset, Chenaanah is described as father of Zedekiah (1KI 22:11, 2CH 18:10). Recorded as male."
Amon_1,Amon,,"the governor of Samaria (1KI 22:26, 2CH 18:25)",male,,"In this dataset, Amon is described as the governor of Samaria (1KI 22:26, 2CH 18:25). Recorded as male.",1,890,"In this dataset, Amon is described as the governor of Samaria (1KI 22:26, 2CH 18:25). Recorded as male."
Joash_2,Joash,,"King Ahab's son (1KI 22:26, 2CH 18:25)",male,,"In this dataset, Joash is described as King Ahab's son (1KI 22:26, 2CH 18:25). Recorded as male.",2,891,"In this dataset, Joash is described as King Ahab's son (1KI 22:26, 2CH 18:25). Recorded as male."
Ahaziah_1,Ahaziah,,King of Israel and son of Ahab (1KI 22:40),male,,"In this dataset, Ahaziah is described as King of Israel and son of Ahab (1KI 22:40). Recorded as male.",1,892,"In this dataset, Ahaziah is described as King of Israel and son of Ahab (1KI 22:40). Recorded as male."
Azubah_1,Azubah,,mother of King Jehoshaphat (1KI 22:42),female,,"In this dataset, Azubah is described as mother of King Jehoshaphat (1KI 22:42). Recorded as female.",1,893,"In this dataset, Azubah is described as mother of King Jehoshaphat (1KI 22:42). Recorded as female."
Shilhi_1,Shilhi,,father of Azubah (1KI 22:42),male,,"In this dataset, Shilhi is described as father of Azubah (1KI 22:42). Recorded as male.",1,894,"In this dataset, Shilhi is described as father of Azubah (1KI 22:42). Recorded as male."
Jehoram_1,Jehoram,,King of Judah and son of Jehoshaphat (1KI 22:50),male,Judah,"In this dataset, Jehoram is described as King of Judah and son of Jehoshaphat (1KI 22:50). Recorded as male; listed with tribe: Judah.",1,895,"In this dataset, Jehoram is described as King of Judah and son of Jehoshaphat (1KI 22:50). Recorded as male; listed with tribe: Judah."
Jehoram_2,Jehoram,,King of Israel (2KI 1:17) and son of Ahab (2KI 3:1),male,,"In this dataset, Jehoram is described as King of Israel (2KI 1:17) and son of Ahab (2KI 3:1). Recorded as male.",2,896,"In this dataset, Jehoram is described as King of Israel (2KI 1:17) and son of Ahab (2KI 3:1). Recorded as male."
Mesha_1,Mesha,,King of Moab (2KI 3:4),male,,"In this dataset, Mesha is described as King of Moab (2KI 3:4). Recorded as male.",1,897,"In this dataset, Mesha is described as King of Moab (2KI 3:4). Recorded as male."
King of Edom_2,King of Edom,,fought with Israel and Judah against Moab (2KI 3:9),male,,"In this dataset, King of Edom is described as fought with Israel and Judah against Moab (2KI 3:9). Recorded as male.",2,898,"In this dataset, King of Edom is described as fought with Israel and Judah against Moab (2KI 3:9). Recorded as male."
Gehazi_1,Gehazi,,servant of Elisha (2KI 4:12) who became leprous (2KI 5:27),male,,"In this dataset, Gehazi is described as servant of Elisha (2KI 4:12) who became leprous (2KI 5:27). Recorded as male.",1,899,"In this dataset, Gehazi is described as servant of Elisha (2KI 4:12) who became leprous (2KI 5:27). Recorded as male."
Naaman_2,Naaman,,captain of the army of the king of Aram (2KI 5:1),male,,"In this dataset, Naaman is described as captain of the army of the king of Aram (2KI 5:1). Recorded as male.",2,900,"In this dataset, Naaman is described as captain of the army of the king of Aram (2KI 5:1). Recorded as male."
Ahaziah_2,Ahaziah,,"King of Judah, youngest (2CH 21:17) son of Jehoram (2KI 8:24) son of Jehoshapat",male,Judah,"In this dataset, Ahaziah is described as King of Judah, youngest (2CH 21:17) son of Jehoram (2KI 8:24) son of Jehoshapat. Recorded as male; listed with tribe: Judah.",2,901,"In this dataset, Ahaziah is described as King of Judah, youngest (2CH 21:17) son of Jehoram (2KI 8:24) son of Jehoshapat. Recorded as male; listed with tribe: Judah."
Athaliah_1,Athaliah,,"daughter of Ahab and grandaughter of Omri (2KI 8:26, 2CH 22:2))",female,,"In this dataset, Athaliah is described as daughter of Ahab and grandaughter of Omri (2KI 8:26, 2CH 22:2)). Recorded as female.",1,902,"In this dataset, Athaliah is described as daughter of Ahab and grandaughter of Omri (2KI 8:26, 2CH 22:2)). Recorded as female."
Jehoshaphat_4,Jehoshaphat,,"son of Nimshi, father of Jehu (2KI 9:2)",male,,"In this dataset, Jehoshaphat is described as son of Nimshi, father of Jehu (2KI 9:2). Recorded as male.",4,903,"In this dataset, Jehoshaphat is described as son of Nimshi, father of Jehu (2KI 9:2). Recorded as male."
Bidkar_1,Bidkar,,officer of Jehu's army (2KI 9:25),male,,"In this dataset, Bidkar is described as officer of Jehu's army (2KI 9:25). Recorded as male.",1,904,"In this dataset, Bidkar is described as officer of Jehu's army (2KI 9:25). Recorded as male."
Jehonadab_1,Jehonadab,,son of Rechab (2KI 10:15),male,,"In this dataset, Jehonadab is described as son of Rechab (2KI 10:15). Recorded as male.",1,905,"In this dataset, Jehonadab is described as son of Rechab (2KI 10:15). Recorded as male."
Rechab_2,Rechab,,"father of Jehonadab (2KI 10:15), a Kenite (1CH 2:55)",male,,"In this dataset, Rechab is described as father of Jehonadab (2KI 10:15), a Kenite (1CH 2:55). Recorded as male.",2,906,"In this dataset, Rechab is described as father of Jehonadab (2KI 10:15), a Kenite (1CH 2:55). Recorded as male."
Jehoahaz_1,Jehoahaz,,"King of Israel, son of Jehu (2KI 10:35)",male,,"In this dataset, Jehoahaz is described as King of Israel, son of Jehu (2KI 10:35). Recorded as male.",1,907,"In this dataset, Jehoahaz is described as King of Israel, son of Jehu (2KI 10:35). Recorded as male."
Jehosheba_1,Jehosheba,,"daughter of King Joram [of Judah], sister of Ahaziah (2KI 11:2)",female,,"In this dataset, Jehosheba is described as daughter of King Joram [of Judah], sister of Ahaziah (2KI 11:2). Recorded as female.",1,908,"In this dataset, Jehosheba is described as daughter of King Joram [of Judah], sister of Ahaziah (2KI 11:2). Recorded as female."
Joash_3,Joash,,"King of Judah (2KI 11:21), son of Ahaziah (2KI 11:2)",male,Judah,"In this dataset, Joash is described as King of Judah (2KI 11:21), son of Ahaziah (2KI 11:2). Recorded as male; listed with tribe: Judah.",3,909,"In this dataset, Joash is described as King of Judah (2KI 11:21), son of Ahaziah (2KI 11:2). Recorded as male; listed with tribe: Judah."
Jehoiada_2,Jehoiada,,the priest (2KI 11:9) who protected Joash in his youth (2KI 11:4),male,Levi,"In this dataset, Jehoiada is described as the priest (2KI 11:9) who protected Joash in his youth (2KI 11:4). Recorded as male; listed with tribe: Levi.",2,910,"In this dataset, Jehoiada is described as the priest (2KI 11:9) who protected Joash in his youth (2KI 11:4). Recorded as male; listed with tribe: Levi."
Mattan_1,Mattan,,"priest of Baal (2KI 11:18, 2CH 23:17)",male,,"In this dataset, Mattan is described as priest of Baal (2KI 11:18, 2CH 23:17). Recorded as male.",1,911,"In this dataset, Mattan is described as priest of Baal (2KI 11:18, 2CH 23:17). Recorded as male."
Zibiah_1,Zibiah,,"of Beersheba, mother of King Jehoash (2KI 12:1, 2CH 24:1) ['Joash' in 2KI 11:2]",male,,"In this dataset, Zibiah is described as of Beersheba, mother of King Jehoash (2KI 12:1, 2CH 24:1) ['Joash' in 2KI 11:2]. Recorded as male.",1,912,"In this dataset, Zibiah is described as of Beersheba, mother of King Jehoash (2KI 12:1, 2CH 24:1) ['Joash' in 2KI 11:2]. Recorded as male."
Jozacar_1,Jozacar,,killed King Joash (2KI 12:21),male,,"In this dataset, Jozacar is described as killed King Joash (2KI 12:21). Recorded as male.",1,913,"In this dataset, Jozacar is described as killed King Joash (2KI 12:21). Recorded as male."
Shimeath_1,Shimeath,,mother of Jozacar (2KI 12:21) an Ammonitess (2CH 24:26),female,Ammonite,"In this dataset, Shimeath is described as mother of Jozacar (2KI 12:21) an Ammonitess (2CH 24:26). Recorded as female; listed with tribe: Ammonite.",1,914,"In this dataset, Shimeath is described as mother of Jozacar (2KI 12:21) an Ammonitess (2CH 24:26). Recorded as female; listed with tribe: Ammonite."
Jehozabad_1,Jehozabad,,killed King Joash (2KI 12:21),male,,"In this dataset, Jehozabad is described as killed King Joash (2KI 12:21). Recorded as male.",1,915,"In this dataset, Jehozabad is described as killed King Joash (2KI 12:21). Recorded as male."
Shomer_1,Shomer,,"mother of Jehozabad (2KI 12:21), a Moabitess (2CH 24:26)",female,,"In this dataset, Shomer is described as mother of Jehozabad (2KI 12:21), a Moabitess (2CH 24:26). Recorded as female.",1,916,"In this dataset, Shomer is described as mother of Jehozabad (2KI 12:21), a Moabitess (2CH 24:26). Recorded as female."
Amaziah_1,Amaziah,,"King of Judah, son of Joash (2KI 12:21)",male,Judah,"In this dataset, Amaziah is described as King of Judah, son of Joash (2KI 12:21). Recorded as male; listed with tribe: Judah.",1,917,"In this dataset, Amaziah is described as King of Judah, son of Joash (2KI 12:21). Recorded as male; listed with tribe: Judah."
Ben-hadad_2,Ben-hadad,,"King of Aram, son of Hazael (2KI 13:3)",male,,"In this dataset, Ben-hadad is described as King of Aram, son of Hazael (2KI 13:3). Recorded as male.",2,918,"In this dataset, Ben-hadad is described as King of Aram, son of Hazael (2KI 13:3). Recorded as male."
Joash_4,Joash,,"King of Israel, son of Jehoahaz (2KI 13:9)",male,,"In this dataset, Joash is described as King of Israel, son of Jehoahaz (2KI 13:9). Recorded as male.",4,919,"In this dataset, Joash is described as King of Israel, son of Jehoahaz (2KI 13:9). Recorded as male."
Jeroboam_2,Jeroboam,,"King of Israel (2KI 13:13), son of Joash [Jehoash] (2KI 14:16)",male,,"In this dataset, Jeroboam is described as King of Israel (2KI 13:13), son of Joash [Jehoash] (2KI 14:16). Recorded as male.",2,920,"In this dataset, Jeroboam is described as King of Israel (2KI 13:13), son of Joash [Jehoash] (2KI 14:16). Recorded as male."
Jehoaddin_1,Jehoaddin,,"of Jerusalem, mother of Amaziah (2KI 14:2)",female,,"In this dataset, Jehoaddin is described as of Jerusalem, mother of Amaziah (2KI 14:2). Recorded as female.",1,921,"In this dataset, Jehoaddin is described as of Jerusalem, mother of Amaziah (2KI 14:2). Recorded as female."
Azariah_3,Azariah,,"[Uzziah] King of Judah, son of Amaziah (2KI 14:21)",male,Judah,"In this dataset, Azariah is described as [Uzziah] King of Judah, son of Amaziah (2KI 14:21). Recorded as male; listed with tribe: Judah.",3,922,"In this dataset, Azariah is described as [Uzziah] King of Judah, son of Amaziah (2KI 14:21). Recorded as male; listed with tribe: Judah."
Jonah_1,Jonah,,"the prophet, son of Amittai, from Gath-hepher (2KI 14:25)",male,,"In this dataset, Jonah is described as the prophet, son of Amittai, from Gath-hepher (2KI 14:25). Recorded as male.",1,923,"In this dataset, Jonah is described as the prophet, son of Amittai, from Gath-hepher (2KI 14:25). Recorded as male."
Amittai_1,Amittai,,"father of Jonah, the prophet (2KI 14:25)",male,,"In this dataset, Amittai is described as father of Jonah, the prophet (2KI 14:25). Recorded as male.",1,924,"In this dataset, Amittai is described as father of Jonah, the prophet (2KI 14:25). Recorded as male."
Zechariah_1,Zechariah,,"King of Israel, son of Jeroboam (2KI 14:29)",male,,"In this dataset, Zechariah is described as King of Israel, son of Jeroboam (2KI 14:29). Recorded as male.",1,925,"In this dataset, Zechariah is described as King of Israel, son of Jeroboam (2KI 14:29). Recorded as male."
Jecoliah_1,Jecoliah,,mother of Azariah (2KI 15:2),female,,"In this dataset, Jecoliah is described as mother of Azariah (2KI 15:2). Recorded as female.",1,926,"In this dataset, Jecoliah is described as mother of Azariah (2KI 15:2). Recorded as female."
Jotham_2,Jotham,,"King of Judah, son of King Uzziah [Azariah_3] (2KI 15:30)",male,Judah,"In this dataset, Jotham is described as King of Judah, son of King Uzziah [Azariah_3] (2KI 15:30). Recorded as male; listed with tribe: Judah.",2,927,"In this dataset, Jotham is described as King of Judah, son of King Uzziah [Azariah_3] (2KI 15:30). Recorded as male; listed with tribe: Judah."
Shallum_1,Shallum,,conspired against King Zechariah and became king of Israel in his place (2KI 15:10),male,,"In this dataset, Shallum is described as conspired against King Zechariah and became king of Israel in his place (2KI 15:10). Recorded as male.",1,928,"In this dataset, Shallum is described as conspired against King Zechariah and became king of Israel in his place (2KI 15:10). Recorded as male."
Jabesh_1,Jabesh,,father of Shallum (2KI 15:10),male,,"In this dataset, Jabesh is described as father of Shallum (2KI 15:10). Recorded as male.",1,929,"In this dataset, Jabesh is described as father of Shallum (2KI 15:10). Recorded as male."
Menachem_1,Menachem,,King of Israel (2KI 15:14),male,,"In this dataset, Menachem is described as King of Israel (2KI 15:14). Recorded as male.",1,930,"In this dataset, Menachem is described as King of Israel (2KI 15:14). Recorded as male."
Gadi_1,Gadi,,father of Menachem (2KI 15:14),male,,"In this dataset, Gadi is described as father of Menachem (2KI 15:14). Recorded as male.",1,931,"In this dataset, Gadi is described as father of Menachem (2KI 15:14). Recorded as male."
Pul_1,Pul,,King of Assyria (2KI 15:19),male,,"In this dataset, Pul is described as King of Assyria (2KI 15:19). Recorded as male.",1,932,"In this dataset, Pul is described as King of Assyria (2KI 15:19). Recorded as male."
Pekahiah_1,Pekahiah,,son of Menachem and King of Israel (2KI 15:22),male,,"In this dataset, Pekahiah is described as son of Menachem and King of Israel (2KI 15:22). Recorded as male.",1,933,"In this dataset, Pekahiah is described as son of Menachem and King of Israel (2KI 15:22). Recorded as male."
Pekah_1,Pekah,,son of Remaliah who killed King Pekahiah and became King of Israel in his place (2KI 15:25),male,,"In this dataset, Pekah is described as son of Remaliah who killed King Pekahiah and became King of Israel in his place (2KI 15:25). Recorded as male.",1,934,"In this dataset, Pekah is described as son of Remaliah who killed King Pekahiah and became King of Israel in his place (2KI 15:25). Recorded as male."
Remaliah_1,Remaliah,,father of Pekah (2KI 15:25),male,,"In this dataset, Remaliah is described as father of Pekah (2KI 15:25). Recorded as male.",1,935,"In this dataset, Remaliah is described as father of Pekah (2KI 15:25). Recorded as male."
Argob_1,Argob,,conspired with Pekah against Pekahiah (2KI 15:25),male,,"In this dataset, Argob is described as conspired with Pekah against Pekahiah (2KI 15:25). Recorded as male.",1,936,"In this dataset, Argob is described as conspired with Pekah against Pekahiah (2KI 15:25). Recorded as male."
Arieh_1,Arieh,,conspired with Pekah against Pekahiah (2KI 15:25),male,,"In this dataset, Arieh is described as conspired with Pekah against Pekahiah (2KI 15:25). Recorded as male.",1,937,"In this dataset, Arieh is described as conspired with Pekah against Pekahiah (2KI 15:25). Recorded as male."
Tiglath-pileser_1,Tiglath-pileser,,King of Assyria (2KI 15:29),male,,"In this dataset, Tiglath-pileser is described as King of Assyria (2KI 15:29). Recorded as male.",1,938,"In this dataset, Tiglath-pileser is described as King of Assyria (2KI 15:29). Recorded as male."
Hoshea_1,Hoshea,,son of Elah who killed King Pekah and became King of Israel in his place (2KI 15:30),male,,"In this dataset, Hoshea is described as son of Elah who killed King Pekah and became King of Israel in his place (2KI 15:30). Recorded as male.",1,939,"In this dataset, Hoshea is described as son of Elah who killed King Pekah and became King of Israel in his place (2KI 15:30). Recorded as male."
Elah_3,Elah,,"father of Hoshea, King of Israel (2KI 15:30)",male,,"In this dataset, Elah is described as father of Hoshea, King of Israel (2KI 15:30). Recorded as male.",3,940,"In this dataset, Elah is described as father of Hoshea, King of Israel (2KI 15:30). Recorded as male."
Jerusha_1,Jerusha,,"mother of Jotham, King of Israel (2KI 15:33)",female,,"In this dataset, Jerusha is described as mother of Jotham, King of Israel (2KI 15:33). Recorded as female.",1,941,"In this dataset, Jerusha is described as mother of Jotham, King of Israel (2KI 15:33). Recorded as female."
Zadok_2,Zadok,,father of Jerusha (2KI 15:33),male,,"In this dataset, Zadok is described as father of Jerusha (2KI 15:33). Recorded as male.",2,942,"In this dataset, Zadok is described as father of Jerusha (2KI 15:33). Recorded as male."
Rezin_1,Rezin,,King of Aram (2KI 15:37),male,,"In this dataset, Rezin is described as King of Aram (2KI 15:37). Recorded as male.",1,943,"In this dataset, Rezin is described as King of Aram (2KI 15:37). Recorded as male."
Ahaz_1,Ahaz,,"King of Judah, son of Jotham (2KI 15:38)",male,Judah,"In this dataset, Ahaz is described as King of Judah, son of Jotham (2KI 15:38). Recorded as male; listed with tribe: Judah.",1,944,"In this dataset, Ahaz is described as King of Judah, son of Jotham (2KI 15:38). Recorded as male; listed with tribe: Judah."
Urijah_1,Urijah,,priest who built an altar in the pattern seen in Damascus (2KI 16:10),male,Levi,"In this dataset, Urijah is described as priest who built an altar in the pattern seen in Damascus (2KI 16:10). Recorded as male; listed with tribe: Levi.",1,945,"In this dataset, Urijah is described as priest who built an altar in the pattern seen in Damascus (2KI 16:10). Recorded as male; listed with tribe: Levi."
Hezekiah_1,Hezekiah,,"King of Judah, son of Ahaz (2KI 16:20)",male,,"In this dataset, Hezekiah is described as King of Judah, son of Ahaz (2KI 16:20). Recorded as male.",1,946,"In this dataset, Hezekiah is described as King of Judah, son of Ahaz (2KI 16:20). Recorded as male."
Shalmaneser_1,Shalmaneser,,King of Assyria (2KI 17:3),male,,"In this dataset, Shalmaneser is described as King of Assyria (2KI 17:3). Recorded as male.",1,947,"In this dataset, Shalmaneser is described as King of Assyria (2KI 17:3). Recorded as male."
So_1,So,,King of Egypt (2KI 17:4),male,,"In this dataset, So is described as King of Egypt (2KI 17:4). Recorded as male.",1,948,"In this dataset, So is described as King of Egypt (2KI 17:4). Recorded as male."
Abi_1,Abi,,mother of Hezekiah (2KI 18:2),female,,"In this dataset, Abi is described as mother of Hezekiah (2KI 18:2). Recorded as female.",1,949,"In this dataset, Abi is described as mother of Hezekiah (2KI 18:2). Recorded as female."
Zechariah_2,Zechariah,,"father of Abi, the mother of Hezekiah (2KI 18:2)",male,,"In this dataset, Zechariah is described as father of Abi, the mother of Hezekiah (2KI 18:2). Recorded as male.",2,950,"In this dataset, Zechariah is described as father of Abi, the mother of Hezekiah (2KI 18:2). Recorded as male."
Sennacherib_1,Sennacherib,,King of Assyria (2KI 18:13),male,,"In this dataset, Sennacherib is described as King of Assyria (2KI 18:13). Recorded as male.",1,951,"In this dataset, Sennacherib is described as King of Assyria (2KI 18:13). Recorded as male."
Tartan_1,Tartan,,messenger from Sennacherib to Hezekiah (2KI 18:17),male,,"In this dataset, Tartan is described as messenger from Sennacherib to Hezekiah (2KI 18:17). Recorded as male.",1,952,"In this dataset, Tartan is described as messenger from Sennacherib to Hezekiah (2KI 18:17). Recorded as male."
Rab-saris_1,Rab-saris,,messenger from Sennacherib to Hezekiah (2KI 18:17),male,,"In this dataset, Rab-saris is described as messenger from Sennacherib to Hezekiah (2KI 18:17). Recorded as male.",1,953,"In this dataset, Rab-saris is described as messenger from Sennacherib to Hezekiah (2KI 18:17). Recorded as male."
Rabshakeh_1,Rabshakeh,,messenger from Sennacherib to Hezekiah (2KI 18:17),male,,"In this dataset, Rabshakeh is described as messenger from Sennacherib to Hezekiah (2KI 18:17). Recorded as male.",1,954,"In this dataset, Rabshakeh is described as messenger from Sennacherib to Hezekiah (2KI 18:17). Recorded as male."
Eliakim_1,Eliakim,,over the household of Hezekiah (2KI 18:18),male,,"In this dataset, Eliakim is described as over the household of Hezekiah (2KI 18:18). Recorded as male.",1,955,"In this dataset, Eliakim is described as over the household of Hezekiah (2KI 18:18). Recorded as male."
Hilkiah_1,Hilkiah,,father of Eliakim (2KI 18:18),male,,"In this dataset, Hilkiah is described as father of Eliakim (2KI 18:18). Recorded as male.",1,956,"In this dataset, Hilkiah is described as father of Eliakim (2KI 18:18). Recorded as male."
Shebnah_1,Shebnah,,Hezekiah's scribe (2KI 18:18),male,,"In this dataset, Shebnah is described as Hezekiah's scribe (2KI 18:18). Recorded as male.",1,957,"In this dataset, Shebnah is described as Hezekiah's scribe (2KI 18:18). Recorded as male."
Joah_1,Joah,,Hezekiah's recorder (2KI 18:18),male,,"In this dataset, Joah is described as Hezekiah's recorder (2KI 18:18). Recorded as male.",1,958,"In this dataset, Joah is described as Hezekiah's recorder (2KI 18:18). Recorded as male."
Asaph_1,Asaph,,father of Joah (2KI 18:18),male,,"In this dataset, Asaph is described as father of Joah (2KI 18:18). Recorded as male.",1,959,"In this dataset, Asaph is described as father of Joah (2KI 18:18). Recorded as male."
Isaiah_1,Isaiah,,the prophet and son of Amoz (2KI 19:2),male,,"In this dataset, Isaiah is described as the prophet and son of Amoz (2KI 19:2). Recorded as male.",1,960,"In this dataset, Isaiah is described as the prophet and son of Amoz (2KI 19:2). Recorded as male."
Amoz_1,Amoz,,father of Isaiah (2KI 19:2),male,,"In this dataset, Amoz is described as father of Isaiah (2KI 19:2). Recorded as male.",1,961,"In this dataset, Amoz is described as father of Isaiah (2KI 19:2). Recorded as male."
Tirhakah_1,Tirhakah,,King of Cush (2KI 19:9),male,,"In this dataset, Tirhakah is described as King of Cush (2KI 19:9). Recorded as male.",1,962,"In this dataset, Tirhakah is described as King of Cush (2KI 19:9). Recorded as male."
King of Hamath_1,King of Hamath,,king who had been defeated by Assyria (2KI 19:13),male,,"In this dataset, King of Hamath is described as king who had been defeated by Assyria (2KI 19:13). Recorded as male.",1,963,"In this dataset, King of Hamath is described as king who had been defeated by Assyria (2KI 19:13). Recorded as male."
King of Arpad_1,King of Arpad,,king who had been defeated by Assyria (2KI 19:13),male,,"In this dataset, King of Arpad is described as king who had been defeated by Assyria (2KI 19:13). Recorded as male.",1,964,"In this dataset, King of Arpad is described as king who had been defeated by Assyria (2KI 19:13). Recorded as male."
King of Sepharvaim_1,King of Sepharvaim,,king who had been defeated by Assyria (2KI 19:13),male,,"In this dataset, King of Sepharvaim is described as king who had been defeated by Assyria (2KI 19:13). Recorded as male.",1,965,"In this dataset, King of Sepharvaim is described as king who had been defeated by Assyria (2KI 19:13). Recorded as male."
King of Hena_1,King of Hena,,king who had been defeated by Assyria (2KI 19:13),male,,"In this dataset, King of Hena is described as king who had been defeated by Assyria (2KI 19:13). Recorded as male.",1,966,"In this dataset, King of Hena is described as king who had been defeated by Assyria (2KI 19:13). Recorded as male."
King of Ivvah_1,King of Ivvah,,king who had been defeated by Assyria (2KI 19:13),male,,"In this dataset, King of Ivvah is described as king who had been defeated by Assyria (2KI 19:13). Recorded as male.",1,967,"In this dataset, King of Ivvah is described as king who had been defeated by Assyria (2KI 19:13). Recorded as male."
Adrammelech_1,Adrammelech,,killed King Sennacherib of Assyria (2KI 19:37),male,,"In this dataset, Adrammelech is described as killed King Sennacherib of Assyria (2KI 19:37). Recorded as male.",1,968,"In this dataset, Adrammelech is described as killed King Sennacherib of Assyria (2KI 19:37). Recorded as male."
Sharezer_1,Sharezer,,killed King Sennacherib of Assyria (2KI 19:37),male,,"In this dataset, Sharezer is described as killed King Sennacherib of Assyria (2KI 19:37). Recorded as male.",1,969,"In this dataset, Sharezer is described as killed King Sennacherib of Assyria (2KI 19:37). Recorded as male."
Esarhaddon_1,Esarhaddon,,King of Assyria and son of Sennacherib (2KI 19:37),male,,"In this dataset, Esarhaddon is described as King of Assyria and son of Sennacherib (2KI 19:37). Recorded as male.",1,970,"In this dataset, Esarhaddon is described as King of Assyria and son of Sennacherib (2KI 19:37). Recorded as male."
Berodach-baladan_1,Berodach-baladan,,King of Babylon (2KI 20:12),male,,"In this dataset, Berodach-baladan is described as King of Babylon (2KI 20:12). Recorded as male.",1,971,"In this dataset, Berodach-baladan is described as King of Babylon (2KI 20:12). Recorded as male."
Baladan_1,Baladan,,father of Berodach-baladan (2KI 20:12),male,,"In this dataset, Baladan is described as father of Berodach-baladan (2KI 20:12). Recorded as male.",1,972,"In this dataset, Baladan is described as father of Berodach-baladan (2KI 20:12). Recorded as male."
Manasseh_3,Manasseh,,King of Judah and son of Hezekiah (2KI 20:21),male,,"In this dataset, Manasseh is described as King of Judah and son of Hezekiah (2KI 20:21). Recorded as male.",3,973,"In this dataset, Manasseh is described as King of Judah and son of Hezekiah (2KI 20:21). Recorded as male."
Hephzibah_1,Hephzibah,,mother of King Manasseh (2KI 21:1),female,,"In this dataset, Hephzibah is described as mother of King Manasseh (2KI 21:1). Recorded as female.",1,974,"In this dataset, Hephzibah is described as mother of King Manasseh (2KI 21:1). Recorded as female."
Uzza_1,Uzza,,owner of the garden where Manasseh was buried (2KI 21:18),male,,"In this dataset, Uzza is described as owner of the garden where Manasseh was buried (2KI 21:18). Recorded as male.",1,975,"In this dataset, Uzza is described as owner of the garden where Manasseh was buried (2KI 21:18). Recorded as male."
Amon_2,Amon,,King of Judah and son of Manasseh (2KI 21:18),male,,"In this dataset, Amon is described as King of Judah and son of Manasseh (2KI 21:18). Recorded as male.",2,976,"In this dataset, Amon is described as King of Judah and son of Manasseh (2KI 21:18). Recorded as male."
Meshullemeth_1,Meshullemeth,,mother of Amon (2KI 21:19),female,,"In this dataset, Meshullemeth is described as mother of Amon (2KI 21:19). Recorded as female.",1,977,"In this dataset, Meshullemeth is described as mother of Amon (2KI 21:19). Recorded as female."
Haruz_1,Haruz,,"of Jothbah, father of Meshullemeth (2KI 21:19)",male,,"In this dataset, Haruz is described as of Jothbah, father of Meshullemeth (2KI 21:19). Recorded as male.",1,978,"In this dataset, Haruz is described as of Jothbah, father of Meshullemeth (2KI 21:19). Recorded as male."
Jedidah_1,Jedidah,,mother of Josiah (2KI 22:1),female,,"In this dataset, Jedidah is described as mother of Josiah (2KI 22:1). Recorded as female.",1,979,"In this dataset, Jedidah is described as mother of Josiah (2KI 22:1). Recorded as female."
Adaiah_1,Adaiah,,"of Bozkath, father of Jedidah (2KI 22:1)",male,,"In this dataset, Adaiah is described as of Bozkath, father of Jedidah (2KI 22:1). Recorded as male.",1,980,"In this dataset, Adaiah is described as of Bozkath, father of Jedidah (2KI 22:1). Recorded as male."
Shaphan_1,Shaphan,,"scribe of King Josiah (2KI 22:3, 2CH 34:15)",male,,"In this dataset, Shaphan is described as scribe of King Josiah (2KI 22:3, 2CH 34:15). Recorded as male.",1,981,"In this dataset, Shaphan is described as scribe of King Josiah (2KI 22:3, 2CH 34:15). Recorded as male."
Azaliah_1,Azaliah,,father of Shaphan (2KI 22:3),male,,"In this dataset, Azaliah is described as father of Shaphan (2KI 22:3). Recorded as male.",1,982,"In this dataset, Azaliah is described as father of Shaphan (2KI 22:3). Recorded as male."
Meshullam_1,Meshullam,,father of Azaliah (2KI 22:3),male,,"In this dataset, Meshullam is described as father of Azaliah (2KI 22:3). Recorded as male.",1,983,"In this dataset, Meshullam is described as father of Azaliah (2KI 22:3). Recorded as male."
Hilkiah_2,Hilkiah,,"the high priest of King Josiah's reign (2KI 22:4, 2CH 34:9)",male,Levi,"In this dataset, Hilkiah is described as the high priest of King Josiah's reign (2KI 22:4, 2CH 34:9). Recorded as male; listed with tribe: Levi.",2,984,"In this dataset, Hilkiah is described as the high priest of King Josiah's reign (2KI 22:4, 2CH 34:9). Recorded as male; listed with tribe: Levi."
Ahikam_1,Ahikam,,son of Shaphan (2KI 22:12),male,,"In this dataset, Ahikam is described as son of Shaphan (2KI 22:12). Recorded as male.",1,985,"In this dataset, Ahikam is described as son of Shaphan (2KI 22:12). Recorded as male."
Achbor_2,Achbor,,son of Micaiah (2KI 22:12),male,,"In this dataset, Achbor is described as son of Micaiah (2KI 22:12). Recorded as male.",2,986,"In this dataset, Achbor is described as son of Micaiah (2KI 22:12). Recorded as male."
Micaiah_2,Micaiah,,father of Achbor (2KI 22:12),male,,"In this dataset, Micaiah is described as father of Achbor (2KI 22:12). Recorded as male.",2,987,"In this dataset, Micaiah is described as father of Achbor (2KI 22:12). Recorded as male."
Asaiah_1,Asaiah,,King Josiah's servant (2KI 22:12),male,,"In this dataset, Asaiah is described as King Josiah's servant (2KI 22:12). Recorded as male.",1,988,"In this dataset, Asaiah is described as King Josiah's servant (2KI 22:12). Recorded as male."
Huldah_1,Huldah,,"the prophetess, wife of Shallum (2KI 22:14, 2CH 34:22)",female,,"In this dataset, Huldah is described as the prophetess, wife of Shallum (2KI 22:14, 2CH 34:22). Recorded as female.",1,989,"In this dataset, Huldah is described as the prophetess, wife of Shallum (2KI 22:14, 2CH 34:22). Recorded as female."
Shallum_2,Shallum,,husband of Huldah the prophetess (2KI 22:14),male,,"In this dataset, Shallum is described as husband of Huldah the prophetess (2KI 22:14). Recorded as male.",2,990,"In this dataset, Shallum is described as husband of Huldah the prophetess (2KI 22:14). Recorded as male."
Tikvah_1,Tikvah,,father of Shallum (2KI 22:14),male,,"In this dataset, Tikvah is described as father of Shallum (2KI 22:14). Recorded as male.",1,991,"In this dataset, Tikvah is described as father of Shallum (2KI 22:14). Recorded as male."
Harhas_1,Harhas,,father of Tikvah (2KI 22:14),male,,"In this dataset, Harhas is described as father of Tikvah (2KI 22:14). Recorded as male.",1,992,"In this dataset, Harhas is described as father of Tikvah (2KI 22:14). Recorded as male."
Joshua_3,Joshua,,the governor of Beersheba (?) (2KI 23:8),male,,"In this dataset, Joshua is described as the governor of Beersheba (?) (2KI 23:8). Recorded as male.",3,993,"In this dataset, Joshua is described as the governor of Beersheba (?) (2KI 23:8). Recorded as male."
Nathan-melech_1,Nathan-melech,,the official over the chamber of the horses and chariots of the sun (2KI 23:11),male,,"In this dataset, Nathan-melech is described as the official over the chamber of the horses and chariots of the sun (2KI 23:11). Recorded as male.",1,994,"In this dataset, Nathan-melech is described as the official over the chamber of the horses and chariots of the sun (2KI 23:11). Recorded as male."
Pharaoh Neco_1,Pharaoh Neco,,King of Egypt (2KI 23:29),male,,"In this dataset, Pharaoh Neco is described as King of Egypt (2KI 23:29). Recorded as male.",1,995,"In this dataset, Pharaoh Neco is described as King of Egypt (2KI 23:29). Recorded as male."
King of Assyria_1,King of Assyria,,King of Assyria against whom Pharaoh Neco battled (2KI 23:29),male,,"In this dataset, King of Assyria is described as King of Assyria against whom Pharaoh Neco battled (2KI 23:29). Recorded as male.",1,996,"In this dataset, King of Assyria is described as King of Assyria against whom Pharaoh Neco battled (2KI 23:29). Recorded as male."
Jehoahaz_2,Jehoahaz,,"King of Judah, son of Josiah (2KI 23:30)",male,,"In this dataset, Jehoahaz is described as King of Judah, son of Josiah (2KI 23:30). Recorded as male.",2,997,"In this dataset, Jehoahaz is described as King of Judah, son of Josiah (2KI 23:30). Recorded as male."
Hamutal_1,Hamutal,,mother of Jehoahaz (2KI 23:31),female,,"In this dataset, Hamutal is described as mother of Jehoahaz (2KI 23:31). Recorded as female.",1,998,"In this dataset, Hamutal is described as mother of Jehoahaz (2KI 23:31). Recorded as female."
Jeremiah_1,Jeremiah,,"of Libnah, father of Hamutal (2KI 23:31)",male,,"In this dataset, Jeremiah is described as of Libnah, father of Hamutal (2KI 23:31). Recorded as male.",1,999,"In this dataset, Jeremiah is described as of Libnah, father of Hamutal (2KI 23:31). Recorded as male."
Eliakim_2,Eliakim,,"King of Judah, son of Josiah (2KI 23:34)",male,,"In this dataset, Eliakim is described as King of Judah, son of Josiah (2KI 23:34). Recorded as male.",2,1000,"In this dataset, Eliakim is described as King of Judah, son of Josiah (2KI 23:34). Recorded as male."
Zebidah_1,Zebidah,,mother of Eliakim [Jehoiakim] (2KI 23:36),female,,"In this dataset, Zebidah is described as mother of Eliakim [Jehoiakim] (2KI 23:36). Recorded as female.",1,1001,"In this dataset, Zebidah is described as mother of Eliakim [Jehoiakim] (2KI 23:36). Recorded as female."
Pedaiah_1,Pedaiah,,"from Rumah, father of Zebidah (2KI 23:36)",male,,"In this dataset, Pedaiah is described as from Rumah, father of Zebidah (2KI 23:36). Recorded as male.",1,1002,"In this dataset, Pedaiah is described as from Rumah, father of Zebidah (2KI 23:36). Recorded as male."
Nebuchadnezzar_1,Nebuchadnezzar,,King of Babylon (2KI 23:37),male,,"In this dataset, Nebuchadnezzar is described as King of Babylon (2KI 23:37). Recorded as male.",1,1003,"In this dataset, Nebuchadnezzar is described as King of Babylon (2KI 23:37). Recorded as male."
Jehoiachin_1,Jehoiachin,,"King of Judah, son of Eliakim [Jehoiakim] (2KI 24:6)",male,,"In this dataset, Jehoiachin is described as King of Judah, son of Eliakim [Jehoiakim] (2KI 24:6). Recorded as male.",1,1004,"In this dataset, Jehoiachin is described as King of Judah, son of Eliakim [Jehoiakim] (2KI 24:6). Recorded as male."
Nehushta_1,Nehushta,,mother of Jehoiachin (2KI 24:8),female,,"In this dataset, Nehushta is described as mother of Jehoiachin (2KI 24:8). Recorded as female.",1,1005,"In this dataset, Nehushta is described as mother of Jehoiachin (2KI 24:8). Recorded as female."
Elnathan_1,Elnathan,,"from Jerusalem, father of Nehushta (2KI 24:8), an official (JER 36:12)",male,,"In this dataset, Elnathan is described as from Jerusalem, father of Nehushta (2KI 24:8), an official (JER 36:12). Recorded as male.",1,1006,"In this dataset, Elnathan is described as from Jerusalem, father of Nehushta (2KI 24:8), an official (JER 36:12). Recorded as male."
Mattaniah_1,Mattaniah,,"King of Judah, uncle of Jehoiachin (2KI 24:17)",male,,"In this dataset, Mattaniah is described as King of Judah, uncle of Jehoiachin (2KI 24:17). Recorded as male.",1,1007,"In this dataset, Mattaniah is described as King of Judah, uncle of Jehoiachin (2KI 24:17). Recorded as male."
Nebuzaradan_1,Nebuzaradan,,captain of the guard of the King of Babylon (2KI 25:8) who took captives into exile (JER 39:9),male,,"In this dataset, Nebuzaradan is described as captain of the guard of the King of Babylon (2KI 25:8) who took captives into exile (JER 39:9). Recorded as male.",1,1008,"In this dataset, Nebuzaradan is described as captain of the guard of the King of Babylon (2KI 25:8) who took captives into exile (JER 39:9). Recorded as male."
Seraiah_2,Seraiah,,the chief priest (2KI 25:18) who was killed by the king of Babylon (2KI 25:21),male,Levi,"In this dataset, Seraiah is described as the chief priest (2KI 25:18) who was killed by the king of Babylon (2KI 25:21). Recorded as male; listed with tribe: Levi.",2,1009,"In this dataset, Seraiah is described as the chief priest (2KI 25:18) who was killed by the king of Babylon (2KI 25:21). Recorded as male; listed with tribe: Levi."
Zephaniah_1,Zephaniah,,the second-in-charge priest (2KI 25:18) who was killed by the king of Babylon (2KI 25:21),male,Levi,"In this dataset, Zephaniah is described as the second-in-charge priest (2KI 25:18) who was killed by the king of Babylon (2KI 25:21). Recorded as male; listed with tribe: Levi.",1,1010,"In this dataset, Zephaniah is described as the second-in-charge priest (2KI 25:18) who was killed by the king of Babylon (2KI 25:21). Recorded as male; listed with tribe: Levi."
Gedaliah_1,Gedaliah,,"son of Ahikam, appointed King of Judah by Nebuchadnezzar (2KI 25:22)",male,,"In this dataset, Gedaliah is described as son of Ahikam, appointed King of Judah by Nebuchadnezzar (2KI 25:22). Recorded as male.",1,1011,"In this dataset, Gedaliah is described as son of Ahikam, appointed King of Judah by Nebuchadnezzar (2KI 25:22). Recorded as male."
Ishmael_2,Ishmael,,"son of Nethaniah, a captain of Judean forces during the Babylonian captivity (2KI 25:23)",male,,"In this dataset, Ishmael is described as son of Nethaniah, a captain of Judean forces during the Babylonian captivity (2KI 25:23). Recorded as male.",2,1012,"In this dataset, Ishmael is described as son of Nethaniah, a captain of Judean forces during the Babylonian captivity (2KI 25:23). Recorded as male."
Nethaniah_1,Nethaniah,,"father of Ishmael, one of the captains of Judean forces (2KI 25:23)",male,,"In this dataset, Nethaniah is described as father of Ishmael, one of the captains of Judean forces (2KI 25:23). Recorded as male.",1,1013,"In this dataset, Nethaniah is described as father of Ishmael, one of the captains of Judean forces (2KI 25:23). Recorded as male."
Johanan_1,Johanan,,"son of Kareah, a captain of Judean forces during the Babylonian captivity (2KI 25:23)",male,,"In this dataset, Johanan is described as son of Kareah, a captain of Judean forces during the Babylonian captivity (2KI 25:23). Recorded as male.",1,1014,"In this dataset, Johanan is described as son of Kareah, a captain of Judean forces during the Babylonian captivity (2KI 25:23). Recorded as male."
Kareah_1,Kareah,,"father of Johanan, one of the captains of Judean forces (2KI 25:23)",male,,"In this dataset, Kareah is described as father of Johanan, one of the captains of Judean forces (2KI 25:23). Recorded as male.",1,1015,"In this dataset, Kareah is described as father of Johanan, one of the captains of Judean forces (2KI 25:23). Recorded as male."
Seraiah_3,Seraiah,,"son of Tanhumeth, a captain of Judean forces during the Babylonian captivity (2KI 25:23)",male,,"In this dataset, Seraiah is described as son of Tanhumeth, a captain of Judean forces during the Babylonian captivity (2KI 25:23). Recorded as male.",3,1016,"In this dataset, Seraiah is described as son of Tanhumeth, a captain of Judean forces during the Babylonian captivity (2KI 25:23). Recorded as male."
Tanhumeth_1,Tanhumeth,,"the Netophathite, father of Seraiah, one of the captains of Judean forces (2KI 25:23)",male,,"In this dataset, Tanhumeth is described as the Netophathite, father of Seraiah, one of the captains of Judean forces (2KI 25:23). Recorded as male.",1,1017,"In this dataset, Tanhumeth is described as the Netophathite, father of Seraiah, one of the captains of Judean forces (2KI 25:23). Recorded as male."
Jaazaniah_1,Jaazaniah,,"son of the Maacathite, a captain of Judean forces during the Babylonian captivity (2KI 25:23)",male,,"In this dataset, Jaazaniah is described as son of the Maacathite, a captain of Judean forces during the Babylonian captivity (2KI 25:23). Recorded as male.",1,1018,"In this dataset, Jaazaniah is described as son of the Maacathite, a captain of Judean forces during the Babylonian captivity (2KI 25:23). Recorded as male."
Elishama_3,Elishama,,father of Nethaniah (2KI 25:25),male,,"In this dataset, Elishama is described as father of Nethaniah (2KI 25:25). Recorded as male.",3,1019,"In this dataset, Elishama is described as father of Nethaniah (2KI 25:25). Recorded as male."
Evil-merodach_1,Evil-merodach,,King of Babylon (2KI 25:27),male,,"In this dataset, Evil-merodach is described as King of Babylon (2KI 25:27). Recorded as male.",1,1020,"In this dataset, Evil-merodach is described as King of Babylon (2KI 25:27). Recorded as male."
Bath-shua_1,Bath-shua,,"the Canaanitess, mother of Judah's first three sons (1CH 2:3)",male,,"In this dataset, Bath-shua is described as the Canaanitess, mother of Judah's first three sons (1CH 2:3). Recorded as male.",1,1021,"In this dataset, Bath-shua is described as the Canaanitess, mother of Judah's first three sons (1CH 2:3). Recorded as male."
Azariah_4,Azariah,,son of Ethan (1CH 2:8),male,Judah,"In this dataset, Azariah is described as son of Ethan (1CH 2:8). Recorded as male; listed with tribe: Judah.",4,1022,"In this dataset, Azariah is described as son of Ethan (1CH 2:8). Recorded as male; listed with tribe: Judah."
Jerahmeel_1,Jerahmeel,,"son of Hezron, son of Perez (1CH 2:9)",male,Judah,"In this dataset, Jerahmeel is described as son of Hezron, son of Perez (1CH 2:9). Recorded as male; listed with tribe: Judah.",1,1023,"In this dataset, Jerahmeel is described as son of Hezron, son of Perez (1CH 2:9). Recorded as male; listed with tribe: Judah."
Chelubai_1,Chelubai,,"son of Hezron, son of Perez (1CH 2:9)",male,Judah,"In this dataset, Chelubai is described as son of Hezron, son of Perez (1CH 2:9). Recorded as male; listed with tribe: Judah.",1,1024,"In this dataset, Chelubai is described as son of Hezron, son of Perez (1CH 2:9). Recorded as male; listed with tribe: Judah."
Nethanel_2,Nethanel,,fourth-born son of Jesse (1CH 2:13),male,Judah,"In this dataset, Nethanel is described as fourth-born son of Jesse (1CH 2:13). Recorded as male; listed with tribe: Judah.",2,1025,"In this dataset, Nethanel is described as fourth-born son of Jesse (1CH 2:13). Recorded as male; listed with tribe: Judah."
Raddai_1,Raddai,,fifth-born son of Jesse (1CH 2:14),male,Judah,"In this dataset, Raddai is described as fifth-born son of Jesse (1CH 2:14). Recorded as male; listed with tribe: Judah.",1,1026,"In this dataset, Raddai is described as fifth-born son of Jesse (1CH 2:14). Recorded as male; listed with tribe: Judah."
Ozem_1,Ozem,,sixth-born son of Jesse (1CH 2:15),male,Judah,"In this dataset, Ozem is described as sixth-born son of Jesse (1CH 2:15). Recorded as male; listed with tribe: Judah.",1,1027,"In this dataset, Ozem is described as sixth-born son of Jesse (1CH 2:15). Recorded as male; listed with tribe: Judah."
Azubah_2,Azubah,,wife of Chelubai [Caleb] (1CH 2:18),female,,"In this dataset, Azubah is described as wife of Chelubai [Caleb] (1CH 2:18). Recorded as female.",2,1028,"In this dataset, Azubah is described as wife of Chelubai [Caleb] (1CH 2:18). Recorded as female."
Jerioth_1,Jerioth,,wife (?) of Chelubai [Caleb] (1CH 2:18),female,,"In this dataset, Jerioth is described as wife (?) of Chelubai [Caleb] (1CH 2:18). Recorded as female.",1,1029,"In this dataset, Jerioth is described as wife (?) of Chelubai [Caleb] (1CH 2:18). Recorded as female."
Jesher_1,Jesher,,son of Cheubai [Caleb] (1CH 2:18),male,Judah,"In this dataset, Jesher is described as son of Cheubai [Caleb] (1CH 2:18). Recorded as male; listed with tribe: Judah.",1,1030,"In this dataset, Jesher is described as son of Cheubai [Caleb] (1CH 2:18). Recorded as male; listed with tribe: Judah."
Shobab_2,Shobab,,son of Cheubai [Caleb] (1CH 2:18),male,Judah,"In this dataset, Shobab is described as son of Cheubai [Caleb] (1CH 2:18). Recorded as male; listed with tribe: Judah.",2,1031,"In this dataset, Shobab is described as son of Cheubai [Caleb] (1CH 2:18). Recorded as male; listed with tribe: Judah."
Ardon_1,Ardon,,son of Cheubai [Caleb] (1CH 2:18),male,Judah,"In this dataset, Ardon is described as son of Cheubai [Caleb] (1CH 2:18). Recorded as male; listed with tribe: Judah.",1,1032,"In this dataset, Ardon is described as son of Cheubai [Caleb] (1CH 2:18). Recorded as male; listed with tribe: Judah."
Ephrath_1,Ephrath,,second wife of Chelubai [Caleb] (1CH 2:19),female,,"In this dataset, Ephrath is described as second wife of Chelubai [Caleb] (1CH 2:19). Recorded as female.",1,1033,"In this dataset, Ephrath is described as second wife of Chelubai [Caleb] (1CH 2:19). Recorded as female."
Segub_2,Segub,,"son of Hezron (1CH 2:21), father of Jair_1 (1CH 2:22)",male,Judah,"In this dataset, Segub is described as son of Hezron (1CH 2:21), father of Jair_1 (1CH 2:22). Recorded as male; listed with tribe: Judah.",2,1034,"In this dataset, Segub is described as son of Hezron (1CH 2:21), father of Jair_1 (1CH 2:22). Recorded as male; listed with tribe: Judah."
Abijah_3,Abijah,,"wife of Hezron (1CH 2:24), daughter of Machir (1CH 2:21)",female,,"In this dataset, Abijah is described as wife of Hezron (1CH 2:24), daughter of Machir (1CH 2:21). Recorded as female.",3,1035,"In this dataset, Abijah is described as wife of Hezron (1CH 2:24), daughter of Machir (1CH 2:21). Recorded as female."
Ashhur_1,Ashhur,,son of Hezron (1CH 2:24),male,Judah,"In this dataset, Ashhur is described as son of Hezron (1CH 2:24). Recorded as male; listed with tribe: Judah.",1,1036,"In this dataset, Ashhur is described as son of Hezron (1CH 2:24). Recorded as male; listed with tribe: Judah."
Tekoa_1,Tekoa,,son of Ashhur (1CH 2:24),male,Judah,"In this dataset, Tekoa is described as son of Ashhur (1CH 2:24). Recorded as male; listed with tribe: Judah.",1,1037,"In this dataset, Tekoa is described as son of Ashhur (1CH 2:24). Recorded as male; listed with tribe: Judah."
Ram_2,Ram,,firstborn son of Jerahmeel (1CH 2:25),male,Judah,"In this dataset, Ram is described as firstborn son of Jerahmeel (1CH 2:25). Recorded as male; listed with tribe: Judah.",2,1038,"In this dataset, Ram is described as firstborn son of Jerahmeel (1CH 2:25). Recorded as male; listed with tribe: Judah."
Bunah_1,Bunah,,son of Jerahmeel (1CH 2:25),male,Judah,"In this dataset, Bunah is described as son of Jerahmeel (1CH 2:25). Recorded as male; listed with tribe: Judah.",1,1039,"In this dataset, Bunah is described as son of Jerahmeel (1CH 2:25). Recorded as male; listed with tribe: Judah."
Oren_1,Oren,,son of Jerahmeel (1CH 2:25),male,Judah,"In this dataset, Oren is described as son of Jerahmeel (1CH 2:25). Recorded as male; listed with tribe: Judah.",1,1040,"In this dataset, Oren is described as son of Jerahmeel (1CH 2:25). Recorded as male; listed with tribe: Judah."
Ozem_2,Ozem,,son of Jerahmeel (1CH 2:25),male,Judah,"In this dataset, Ozem is described as son of Jerahmeel (1CH 2:25). Recorded as male; listed with tribe: Judah.",2,1041,"In this dataset, Ozem is described as son of Jerahmeel (1CH 2:25). Recorded as male; listed with tribe: Judah."
Ahijah_4,Ahijah,,son of Jerahmeel (1CH 2:25),male,Judah,"In this dataset, Ahijah is described as son of Jerahmeel (1CH 2:25). Recorded as male; listed with tribe: Judah.",4,1042,"In this dataset, Ahijah is described as son of Jerahmeel (1CH 2:25). Recorded as male; listed with tribe: Judah."
Atarah_1,Atarah,,wife of Jerahmeel (1CH 2:26),female,,"In this dataset, Atarah is described as wife of Jerahmeel (1CH 2:26). Recorded as female.",1,1043,"In this dataset, Atarah is described as wife of Jerahmeel (1CH 2:26). Recorded as female."
Onam_2,Onam,,son of Jerahmeel and Atarah (1CH 2:26),male,Judah,"In this dataset, Onam is described as son of Jerahmeel and Atarah (1CH 2:26). Recorded as male; listed with tribe: Judah.",2,1044,"In this dataset, Onam is described as son of Jerahmeel and Atarah (1CH 2:26). Recorded as male; listed with tribe: Judah."
Maaz_1,Maaz,,"son of Ram, son of Jerahmeel (1CH 2:27)",male,Judah,"In this dataset, Maaz is described as son of Ram, son of Jerahmeel (1CH 2:27). Recorded as male; listed with tribe: Judah.",1,1045,"In this dataset, Maaz is described as son of Ram, son of Jerahmeel (1CH 2:27). Recorded as male; listed with tribe: Judah."
Jamin_2,Jamin,,"son of Ram, son of Jerahmeel (1CH 2:27)",male,Judah,"In this dataset, Jamin is described as son of Ram, son of Jerahmeel (1CH 2:27). Recorded as male; listed with tribe: Judah.",2,1046,"In this dataset, Jamin is described as son of Ram, son of Jerahmeel (1CH 2:27). Recorded as male; listed with tribe: Judah."
Eker_1,Eker,,"son of Ram, son of Jerahmeel (1CH 2:27)",male,Judah,"In this dataset, Eker is described as son of Ram, son of Jerahmeel (1CH 2:27). Recorded as male; listed with tribe: Judah.",1,1047,"In this dataset, Eker is described as son of Ram, son of Jerahmeel (1CH 2:27). Recorded as male; listed with tribe: Judah."
Shammai_1,Shammai,,"son of Onam, son of Jerahmeel (1CH 2:28)",male,Judah,"In this dataset, Shammai is described as son of Onam, son of Jerahmeel (1CH 2:28). Recorded as male; listed with tribe: Judah.",1,1048,"In this dataset, Shammai is described as son of Onam, son of Jerahmeel (1CH 2:28). Recorded as male; listed with tribe: Judah."
Jada_1,Jada,,"son of Onam, son of Jerahmeel (1CH 2:28)",male,Judah,"In this dataset, Jada is described as son of Onam, son of Jerahmeel (1CH 2:28). Recorded as male; listed with tribe: Judah.",1,1049,"In this dataset, Jada is described as son of Onam, son of Jerahmeel (1CH 2:28). Recorded as male; listed with tribe: Judah."
Nadab_3,Nadab,,son of Shammai (1CH 2:28),male,Judah,"In this dataset, Nadab is described as son of Shammai (1CH 2:28). Recorded as male; listed with tribe: Judah.",3,1050,"In this dataset, Nadab is described as son of Shammai (1CH 2:28). Recorded as male; listed with tribe: Judah."
Abishur_1,Abishur,,son of Shammai (1CH 2:28),male,Judah,"In this dataset, Abishur is described as son of Shammai (1CH 2:28). Recorded as male; listed with tribe: Judah.",1,1051,"In this dataset, Abishur is described as son of Shammai (1CH 2:28). Recorded as male; listed with tribe: Judah."
Abihail_2,Abihail,,wife of Abishur (1CH 2:29),female,,"In this dataset, Abihail is described as wife of Abishur (1CH 2:29). Recorded as female.",2,1052,"In this dataset, Abihail is described as wife of Abishur (1CH 2:29). Recorded as female."
Ahban_1,Ahban,,son of Abishur (1CH 2:29),male,Judah,"In this dataset, Ahban is described as son of Abishur (1CH 2:29). Recorded as male; listed with tribe: Judah.",1,1053,"In this dataset, Ahban is described as son of Abishur (1CH 2:29). Recorded as male; listed with tribe: Judah."
Molid_1,Molid,,son of Abishur (1CH 2:29),male,Judah,"In this dataset, Molid is described as son of Abishur (1CH 2:29). Recorded as male; listed with tribe: Judah.",1,1054,"In this dataset, Molid is described as son of Abishur (1CH 2:29). Recorded as male; listed with tribe: Judah."
Seled_1,Seled,,son of Nadab (1CH 2:30),male,Judah,"In this dataset, Seled is described as son of Nadab (1CH 2:30). Recorded as male; listed with tribe: Judah.",1,1055,"In this dataset, Seled is described as son of Nadab (1CH 2:30). Recorded as male; listed with tribe: Judah."
Appaim_1,Appaim,,son of Nadab (1CH 2:30),male,Judah,"In this dataset, Appaim is described as son of Nadab (1CH 2:30). Recorded as male; listed with tribe: Judah.",1,1056,"In this dataset, Appaim is described as son of Nadab (1CH 2:30). Recorded as male; listed with tribe: Judah."
Ishi_1,Ishi,,son of Appaim (1CH 2:31),male,Judah,"In this dataset, Ishi is described as son of Appaim (1CH 2:31). Recorded as male; listed with tribe: Judah.",1,1057,"In this dataset, Ishi is described as son of Appaim (1CH 2:31). Recorded as male; listed with tribe: Judah."
Sheshan_1,Sheshan,,son of Ishi (1CH 2:31),male,Judah,"In this dataset, Sheshan is described as son of Ishi (1CH 2:31). Recorded as male; listed with tribe: Judah.",1,1058,"In this dataset, Sheshan is described as son of Ishi (1CH 2:31). Recorded as male; listed with tribe: Judah."
Ahlai_1,Ahlai,,son of Sheshan (1CH 2:31),male,Judah,"In this dataset, Ahlai is described as son of Sheshan (1CH 2:31). Recorded as male; listed with tribe: Judah.",1,1059,"In this dataset, Ahlai is described as son of Sheshan (1CH 2:31). Recorded as male; listed with tribe: Judah."
Jether_2,Jether,,son of Jada (1CH 2:32),male,Judah,"In this dataset, Jether is described as son of Jada (1CH 2:32). Recorded as male; listed with tribe: Judah.",2,1060,"In this dataset, Jether is described as son of Jada (1CH 2:32). Recorded as male; listed with tribe: Judah."
Jonathan_6,Jonathan,,son of Jada (1CH 2:32),male,Judah,"In this dataset, Jonathan is described as son of Jada (1CH 2:32). Recorded as male; listed with tribe: Judah.",6,1061,"In this dataset, Jonathan is described as son of Jada (1CH 2:32). Recorded as male; listed with tribe: Judah."
Peleth_2,Peleth,,son of Jonathan (1CH 2:33),male,Judah,"In this dataset, Peleth is described as son of Jonathan (1CH 2:33). Recorded as male; listed with tribe: Judah.",2,1062,"In this dataset, Peleth is described as son of Jonathan (1CH 2:33). Recorded as male; listed with tribe: Judah."
Zaza_1,Zaza,,son of Jonathan (1CH 2:33),male,Judah,"In this dataset, Zaza is described as son of Jonathan (1CH 2:33). Recorded as male; listed with tribe: Judah.",1,1063,"In this dataset, Zaza is described as son of Jonathan (1CH 2:33). Recorded as male; listed with tribe: Judah."
Jarha_1,Jarha,,Egyptian servant of Sheshan (1CH 2:34),male,,"In this dataset, Jarha is described as Egyptian servant of Sheshan (1CH 2:34). Recorded as male.",1,1064,"In this dataset, Jarha is described as Egyptian servant of Sheshan (1CH 2:34). Recorded as male."
Attai_1,Attai,,son of Jarha (1CH 2:35),male,Judah,"In this dataset, Attai is described as son of Jarha (1CH 2:35). Recorded as male; listed with tribe: Judah.",1,1065,"In this dataset, Attai is described as son of Jarha (1CH 2:35). Recorded as male; listed with tribe: Judah."
Nathan_6,Nathan,,son of Attai (1CH 2:36),male,Judah,"In this dataset, Nathan is described as son of Attai (1CH 2:36). Recorded as male; listed with tribe: Judah.",6,1066,"In this dataset, Nathan is described as son of Attai (1CH 2:36). Recorded as male; listed with tribe: Judah."
Zabad_1,Zabad,,son of Nathan (1CH 2:36),male,Judah,"In this dataset, Zabad is described as son of Nathan (1CH 2:36). Recorded as male; listed with tribe: Judah.",1,1067,"In this dataset, Zabad is described as son of Nathan (1CH 2:36). Recorded as male; listed with tribe: Judah."
Ephlal_1,Ephlal,,son of Zabad (1CH 2:37),male,Judah,"In this dataset, Ephlal is described as son of Zabad (1CH 2:37). Recorded as male; listed with tribe: Judah.",1,1068,"In this dataset, Ephlal is described as son of Zabad (1CH 2:37). Recorded as male; listed with tribe: Judah."
Obed_2,Obed,,son of Ephlal (1CH 2:37),male,Judah,"In this dataset, Obed is described as son of Ephlal (1CH 2:37). Recorded as male; listed with tribe: Judah.",2,1069,"In this dataset, Obed is described as son of Ephlal (1CH 2:37). Recorded as male; listed with tribe: Judah."
Jehu_3,Jehu,,son of Obed (1CH 2:38),male,Judah,"In this dataset, Jehu is described as son of Obed (1CH 2:38). Recorded as male; listed with tribe: Judah.",3,1070,"In this dataset, Jehu is described as son of Obed (1CH 2:38). Recorded as male; listed with tribe: Judah."
Azariah_5,Azariah,,son of Jehu (1CH 2:38),male,Judah,"In this dataset, Azariah is described as son of Jehu (1CH 2:38). Recorded as male; listed with tribe: Judah.",5,1071,"In this dataset, Azariah is described as son of Jehu (1CH 2:38). Recorded as male; listed with tribe: Judah."
Helez_2,Helez,,son of Azariah (1CH 2:39),male,Judah,"In this dataset, Helez is described as son of Azariah (1CH 2:39). Recorded as male; listed with tribe: Judah.",2,1072,"In this dataset, Helez is described as son of Azariah (1CH 2:39). Recorded as male; listed with tribe: Judah."
Eleasah_1,Eleasah,,son of Helez (1CH 2:39),male,Judah,"In this dataset, Eleasah is described as son of Helez (1CH 2:39). Recorded as male; listed with tribe: Judah.",1,1073,"In this dataset, Eleasah is described as son of Helez (1CH 2:39). Recorded as male; listed with tribe: Judah."
Sismai_1,Sismai,,son of Eleasah (1CH 2:40),male,Judah,"In this dataset, Sismai is described as son of Eleasah (1CH 2:40). Recorded as male; listed with tribe: Judah.",1,1074,"In this dataset, Sismai is described as son of Eleasah (1CH 2:40). Recorded as male; listed with tribe: Judah."
Shallum_3,Shallum,,son of Sismai (1CH 2:40),male,Judah,"In this dataset, Shallum is described as son of Sismai (1CH 2:40). Recorded as male; listed with tribe: Judah.",3,1075,"In this dataset, Shallum is described as son of Sismai (1CH 2:40). Recorded as male; listed with tribe: Judah."
Jekamiah_1,Jekamiah,,son of Shallum (1CH 2:41),male,Judah,"In this dataset, Jekamiah is described as son of Shallum (1CH 2:41). Recorded as male; listed with tribe: Judah.",1,1076,"In this dataset, Jekamiah is described as son of Shallum (1CH 2:41). Recorded as male; listed with tribe: Judah."
Elishama_4,Elishama,,son of Jekamiah (1CH 2:41),male,Judah,"In this dataset, Elishama is described as son of Jekamiah (1CH 2:41). Recorded as male; listed with tribe: Judah.",4,1077,"In this dataset, Elishama is described as son of Jekamiah (1CH 2:41). Recorded as male; listed with tribe: Judah."
Mesha_2,Mesha,,son of Cheubai [Caleb] (by Jerioth?) (1CH 2:42),male,Judah,"In this dataset, Mesha is described as son of Cheubai [Caleb] (by Jerioth?) (1CH 2:42). Recorded as male; listed with tribe: Judah.",2,1078,"In this dataset, Mesha is described as son of Cheubai [Caleb] (by Jerioth?) (1CH 2:42). Recorded as male; listed with tribe: Judah."
Ziph_1,Ziph,,son of Mesha (1CH 2:42),male,Judah,"In this dataset, Ziph is described as son of Mesha (1CH 2:42). Recorded as male; listed with tribe: Judah.",1,1079,"In this dataset, Ziph is described as son of Mesha (1CH 2:42). Recorded as male; listed with tribe: Judah."
Mareshah_1,Mareshah,,son of Ziph (1CH 2:42),male,Judah,"In this dataset, Mareshah is described as son of Ziph (1CH 2:42). Recorded as male; listed with tribe: Judah.",1,1080,"In this dataset, Mareshah is described as son of Ziph (1CH 2:42). Recorded as male; listed with tribe: Judah."
Hebron_2,Hebron,,son of Mareshah (1CH 2:42),male,Judah,"In this dataset, Hebron is described as son of Mareshah (1CH 2:42). Recorded as male; listed with tribe: Judah.",2,1081,"In this dataset, Hebron is described as son of Mareshah (1CH 2:42). Recorded as male; listed with tribe: Judah."
Korah_4,Korah,,son of Hebron (1CH 2:43),male,Judah,"In this dataset, Korah is described as son of Hebron (1CH 2:43). Recorded as male; listed with tribe: Judah.",4,1082,"In this dataset, Korah is described as son of Hebron (1CH 2:43). Recorded as male; listed with tribe: Judah."
Tappuah_1,Tappuah,,son of Hebron (1CH 2:43),male,Judah,"In this dataset, Tappuah is described as son of Hebron (1CH 2:43). Recorded as male; listed with tribe: Judah.",1,1083,"In this dataset, Tappuah is described as son of Hebron (1CH 2:43). Recorded as male; listed with tribe: Judah."
Rekem_2,Rekem,,son of Hebron (1CH 2:43),male,Judah,"In this dataset, Rekem is described as son of Hebron (1CH 2:43). Recorded as male; listed with tribe: Judah.",2,1084,"In this dataset, Rekem is described as son of Hebron (1CH 2:43). Recorded as male; listed with tribe: Judah."
Shema_1,Shema,,son of Hebron (1CH 2:43),male,Judah,"In this dataset, Shema is described as son of Hebron (1CH 2:43). Recorded as male; listed with tribe: Judah.",1,1085,"In this dataset, Shema is described as son of Hebron (1CH 2:43). Recorded as male; listed with tribe: Judah."
Raham_1,Raham,,son of Shema (1CH 2:44),male,Judah,"In this dataset, Raham is described as son of Shema (1CH 2:44). Recorded as male; listed with tribe: Judah.",1,1086,"In this dataset, Raham is described as son of Shema (1CH 2:44). Recorded as male; listed with tribe: Judah."
Jorkeam_1,Jorkeam,,son of Raham (1CH 2:44),male,Judah,"In this dataset, Jorkeam is described as son of Raham (1CH 2:44). Recorded as male; listed with tribe: Judah.",1,1087,"In this dataset, Jorkeam is described as son of Raham (1CH 2:44). Recorded as male; listed with tribe: Judah."
Shammai_2,Shammai,,son of Rekem (1CH 2:44),male,Judah,"In this dataset, Shammai is described as son of Rekem (1CH 2:44). Recorded as male; listed with tribe: Judah.",2,1088,"In this dataset, Shammai is described as son of Rekem (1CH 2:44). Recorded as male; listed with tribe: Judah."
Maon_1,Maon,,son of Shammai (1CH 2:45),male,Judah,"In this dataset, Maon is described as son of Shammai (1CH 2:45). Recorded as male; listed with tribe: Judah.",1,1089,"In this dataset, Maon is described as son of Shammai (1CH 2:45). Recorded as male; listed with tribe: Judah."
Bethzur_1,Bethzur,,son of Maon (1CH 2:45),male,Judah,"In this dataset, Bethzur is described as son of Maon (1CH 2:45). Recorded as male; listed with tribe: Judah.",1,1090,"In this dataset, Bethzur is described as son of Maon (1CH 2:45). Recorded as male; listed with tribe: Judah."
Ephah_2,Ephah,,Chelubai's [Caleb's] concubine (1CH 2:46),female,,"In this dataset, Ephah is described as Chelubai's [Caleb's] concubine (1CH 2:46). Recorded as female.",2,1091,"In this dataset, Ephah is described as Chelubai's [Caleb's] concubine (1CH 2:46). Recorded as female."
Haran_2,Haran,,son of Chelubai [Caleb] by Ephah (1CH 2:46),male,Judah,"In this dataset, Haran is described as son of Chelubai [Caleb] by Ephah (1CH 2:46). Recorded as male; listed with tribe: Judah.",2,1092,"In this dataset, Haran is described as son of Chelubai [Caleb] by Ephah (1CH 2:46). Recorded as male; listed with tribe: Judah."
Moza_1,Moza,,son of Chelubai [Caleb] by Ephah (1CH 2:46),male,Judah,"In this dataset, Moza is described as son of Chelubai [Caleb] by Ephah (1CH 2:46). Recorded as male; listed with tribe: Judah.",1,1093,"In this dataset, Moza is described as son of Chelubai [Caleb] by Ephah (1CH 2:46). Recorded as male; listed with tribe: Judah."
Gazez_1,Gazez,,son of Chelubai [Caleb] by Ephah (1CH 2:46),male,Judah,"In this dataset, Gazez is described as son of Chelubai [Caleb] by Ephah (1CH 2:46). Recorded as male; listed with tribe: Judah.",1,1094,"In this dataset, Gazez is described as son of Chelubai [Caleb] by Ephah (1CH 2:46). Recorded as male; listed with tribe: Judah."
Gazez_2,Gazez,,son of Haran (1CH 2:46),male,Judah,"In this dataset, Gazez is described as son of Haran (1CH 2:46). Recorded as male; listed with tribe: Judah.",2,1095,"In this dataset, Gazez is described as son of Haran (1CH 2:46). Recorded as male; listed with tribe: Judah."
Jahdai_1,Jahdai,,son of Chelubai [Caleb]? (1CH 2:47),male,Judah,"In this dataset, Jahdai is described as son of Chelubai [Caleb]? (1CH 2:47). Recorded as male; listed with tribe: Judah.",1,1096,"In this dataset, Jahdai is described as son of Chelubai [Caleb]? (1CH 2:47). Recorded as male; listed with tribe: Judah."
Regem_1,Regem,,son of Jahdai (1CH 2:47),male,Judah,"In this dataset, Regem is described as son of Jahdai (1CH 2:47). Recorded as male; listed with tribe: Judah.",1,1097,"In this dataset, Regem is described as son of Jahdai (1CH 2:47). Recorded as male; listed with tribe: Judah."
Jotham_3,Jotham,,son of Jahdai (1CH 2:47),male,Judah,"In this dataset, Jotham is described as son of Jahdai (1CH 2:47). Recorded as male; listed with tribe: Judah.",3,1098,"In this dataset, Jotham is described as son of Jahdai (1CH 2:47). Recorded as male; listed with tribe: Judah."
Geshan_1,Geshan,,son of Jahdai (1CH 2:47),male,Judah,"In this dataset, Geshan is described as son of Jahdai (1CH 2:47). Recorded as male; listed with tribe: Judah.",1,1099,"In this dataset, Geshan is described as son of Jahdai (1CH 2:47). Recorded as male; listed with tribe: Judah."
Pelet_1,Pelet,,son of Jahdai (1CH 2:47),male,Judah,"In this dataset, Pelet is described as son of Jahdai (1CH 2:47). Recorded as male; listed with tribe: Judah.",1,1100,"In this dataset, Pelet is described as son of Jahdai (1CH 2:47). Recorded as male; listed with tribe: Judah."
Ephah_3,Ephah,,son of Jahdai (1CH 2:47),male,Judah,"In this dataset, Ephah is described as son of Jahdai (1CH 2:47). Recorded as male; listed with tribe: Judah.",3,1101,"In this dataset, Ephah is described as son of Jahdai (1CH 2:47). Recorded as male; listed with tribe: Judah."
Shaaph_1,Shaaph,,son of Jahdai (1CH 2:47),male,Judah,"In this dataset, Shaaph is described as son of Jahdai (1CH 2:47). Recorded as male; listed with tribe: Judah.",1,1102,"In this dataset, Shaaph is described as son of Jahdai (1CH 2:47). Recorded as male; listed with tribe: Judah."
Maacah_4,Maacah,,Chelubai's [Caleb's] concubine (1CH 2:48),female,,"In this dataset, Maacah is described as Chelubai's [Caleb's] concubine (1CH 2:48). Recorded as female.",4,1103,"In this dataset, Maacah is described as Chelubai's [Caleb's] concubine (1CH 2:48). Recorded as female."
Sheber_1,Sheber,,son of Chelubai [Caleb] by Maacah (1CH 2:48),male,Judah,"In this dataset, Sheber is described as son of Chelubai [Caleb] by Maacah (1CH 2:48). Recorded as male; listed with tribe: Judah.",1,1104,"In this dataset, Sheber is described as son of Chelubai [Caleb] by Maacah (1CH 2:48). Recorded as male; listed with tribe: Judah."
Tirhanah_1,Tirhanah,,son of Chelubai [Caleb] by Maacah (1CH 2:48),male,Judah,"In this dataset, Tirhanah is described as son of Chelubai [Caleb] by Maacah (1CH 2:48). Recorded as male; listed with tribe: Judah.",1,1105,"In this dataset, Tirhanah is described as son of Chelubai [Caleb] by Maacah (1CH 2:48). Recorded as male; listed with tribe: Judah."
Shaaph_2,Shaaph,,son of Chelubai [Caleb] by Maacah (1CH 2:49),male,Judah,"In this dataset, Shaaph is described as son of Chelubai [Caleb] by Maacah (1CH 2:49). Recorded as male; listed with tribe: Judah.",2,1106,"In this dataset, Shaaph is described as son of Chelubai [Caleb] by Maacah (1CH 2:49). Recorded as male; listed with tribe: Judah."
Madmannah_1,Madmannah,,son of Shaaph (1CH 2:49),male,Judah,"In this dataset, Madmannah is described as son of Shaaph (1CH 2:49). Recorded as male; listed with tribe: Judah.",1,1107,"In this dataset, Madmannah is described as son of Shaaph (1CH 2:49). Recorded as male; listed with tribe: Judah."
Sheva_2,Sheva,,son of Chelubai [Caleb] by Maacah (1CH 2:49),male,Judah,"In this dataset, Sheva is described as son of Chelubai [Caleb] by Maacah (1CH 2:49). Recorded as male; listed with tribe: Judah.",2,1108,"In this dataset, Sheva is described as son of Chelubai [Caleb] by Maacah (1CH 2:49). Recorded as male; listed with tribe: Judah."
Machbena_1,Machbena,,son of Sheva (1CH 2:49),male,Judah,"In this dataset, Machbena is described as son of Sheva (1CH 2:49). Recorded as male; listed with tribe: Judah.",1,1109,"In this dataset, Machbena is described as son of Sheva (1CH 2:49). Recorded as male; listed with tribe: Judah."
Gibea_1,Gibea,,son of Sheva (1CH 2:49),male,Judah,"In this dataset, Gibea is described as son of Sheva (1CH 2:49). Recorded as male; listed with tribe: Judah.",1,1110,"In this dataset, Gibea is described as son of Sheva (1CH 2:49). Recorded as male; listed with tribe: Judah."
Achsah_2,Achsah,,daughter of Chelubai [Caleb] (1CH 2:49),female,Judah,"In this dataset, Achsah is described as daughter of Chelubai [Caleb] (1CH 2:49). Recorded as female; listed with tribe: Judah.",2,1111,"In this dataset, Achsah is described as daughter of Chelubai [Caleb] (1CH 2:49). Recorded as female; listed with tribe: Judah."
Shobal_2,Shobal,,son of Hur who founded Kiriath-jearim (1CH 2:50),male,Judah,"In this dataset, Shobal is described as son of Hur who founded Kiriath-jearim (1CH 2:50). Recorded as male; listed with tribe: Judah.",2,1112,"In this dataset, Shobal is described as son of Hur who founded Kiriath-jearim (1CH 2:50). Recorded as male; listed with tribe: Judah."
Salma_1,Salma,,son of Hur who founded Bethlehem (1CH 2:51),male,Judah,"In this dataset, Salma is described as son of Hur who founded Bethlehem (1CH 2:51). Recorded as male; listed with tribe: Judah.",1,1113,"In this dataset, Salma is described as son of Hur who founded Bethlehem (1CH 2:51). Recorded as male; listed with tribe: Judah."
Hareph_1,Hareph,,son of Hur who founded Beth-gader (1CH 2:51),male,Judah,"In this dataset, Hareph is described as son of Hur who founded Beth-gader (1CH 2:51). Recorded as male; listed with tribe: Judah.",1,1114,"In this dataset, Hareph is described as son of Hur who founded Beth-gader (1CH 2:51). Recorded as male; listed with tribe: Judah."
Haroeh_1,Haroeh,,son of Shobal (1CH 2:52),male,Judah,"In this dataset, Haroeh is described as son of Shobal (1CH 2:52). Recorded as male; listed with tribe: Judah.",1,1115,"In this dataset, Haroeh is described as son of Shobal (1CH 2:52). Recorded as male; listed with tribe: Judah."
Eliphelet_3,Eliphelet,,son of David (1CH 3:6) [his OTHER son named Eliphelet],male,Judah,"In this dataset, Eliphelet is described as son of David (1CH 3:6) [his OTHER son named Eliphelet]. Recorded as male; listed with tribe: Judah.",3,1116,"In this dataset, Eliphelet is described as son of David (1CH 3:6) [his OTHER son named Eliphelet]. Recorded as male; listed with tribe: Judah."
Nogah_1,Nogah,,son of David (1CH 3:6),male,Judah,"In this dataset, Nogah is described as son of David (1CH 3:6). Recorded as male; listed with tribe: Judah.",1,1117,"In this dataset, Nogah is described as son of David (1CH 3:6). Recorded as male; listed with tribe: Judah."
Shallum_4,Shallum,,son of Josiah (1CH 3:15),male,Judah,"In this dataset, Shallum is described as son of Josiah (1CH 3:15). Recorded as male; listed with tribe: Judah.",4,1118,"In this dataset, Shallum is described as son of Josiah (1CH 3:15). Recorded as male; listed with tribe: Judah."
Zedekiah_2,Zedekiah,,son of Eliakim [Jehoiakim] (1CH 3:16),male,Judah,"In this dataset, Zedekiah is described as son of Eliakim [Jehoiakim] (1CH 3:16). Recorded as male; listed with tribe: Judah.",2,1119,"In this dataset, Zedekiah is described as son of Eliakim [Jehoiakim] (1CH 3:16). Recorded as male; listed with tribe: Judah."
Shealtiel_1,Shealtiel,,son of Jehoiachin_1 [Jeconiah] (1CH 3:17),male,Judah,"In this dataset, Shealtiel is described as son of Jehoiachin_1 [Jeconiah] (1CH 3:17). Recorded as male; listed with tribe: Judah.",1,1120,"In this dataset, Shealtiel is described as son of Jehoiachin_1 [Jeconiah] (1CH 3:17). Recorded as male; listed with tribe: Judah."
Malchiram_1,Malchiram,,son of Jehoiachin_1 [Jeconiah] (1CH 3:18),male,Judah,"In this dataset, Malchiram is described as son of Jehoiachin_1 [Jeconiah] (1CH 3:18). Recorded as male; listed with tribe: Judah.",1,1121,"In this dataset, Malchiram is described as son of Jehoiachin_1 [Jeconiah] (1CH 3:18). Recorded as male; listed with tribe: Judah."
Pedaiah_2,Pedaiah,,son of Jehoiachin_1 [Jeconiah] (1CH 3:18),male,Judah,"In this dataset, Pedaiah is described as son of Jehoiachin_1 [Jeconiah] (1CH 3:18). Recorded as male; listed with tribe: Judah.",2,1122,"In this dataset, Pedaiah is described as son of Jehoiachin_1 [Jeconiah] (1CH 3:18). Recorded as male; listed with tribe: Judah."
Shenazzar_1,Shenazzar,,son of Jehoiachin_1 [Jeconiah] (1CH 3:18),male,Judah,"In this dataset, Shenazzar is described as son of Jehoiachin_1 [Jeconiah] (1CH 3:18). Recorded as male; listed with tribe: Judah.",1,1123,"In this dataset, Shenazzar is described as son of Jehoiachin_1 [Jeconiah] (1CH 3:18). Recorded as male; listed with tribe: Judah."
Jekamiah_2,Jekamiah,,son of Jehoiachin_1 [Jeconiah] (1CH 3:18),male,Judah,"In this dataset, Jekamiah is described as son of Jehoiachin_1 [Jeconiah] (1CH 3:18). Recorded as male; listed with tribe: Judah.",2,1124,"In this dataset, Jekamiah is described as son of Jehoiachin_1 [Jeconiah] (1CH 3:18). Recorded as male; listed with tribe: Judah."
Hoshama_1,Hoshama,,son of Jehoiachin_1 [Jeconiah] (1CH 3:18),male,Judah,"In this dataset, Hoshama is described as son of Jehoiachin_1 [Jeconiah] (1CH 3:18). Recorded as male; listed with tribe: Judah.",1,1125,"In this dataset, Hoshama is described as son of Jehoiachin_1 [Jeconiah] (1CH 3:18). Recorded as male; listed with tribe: Judah."
Nedabiah_1,Nedabiah,,son of Jehoiachin_1 [Jeconiah] (1CH 3:18),male,Judah,"In this dataset, Nedabiah is described as son of Jehoiachin_1 [Jeconiah] (1CH 3:18). Recorded as male; listed with tribe: Judah.",1,1126,"In this dataset, Nedabiah is described as son of Jehoiachin_1 [Jeconiah] (1CH 3:18). Recorded as male; listed with tribe: Judah."
Zerubbabel_1,Zerubbabel,,son of Pedaiah (1CH 3:19),male,Judah,"In this dataset, Zerubbabel is described as son of Pedaiah (1CH 3:19). Recorded as male; listed with tribe: Judah.",1,1127,"In this dataset, Zerubbabel is described as son of Pedaiah (1CH 3:19). Recorded as male; listed with tribe: Judah."
Shimei_4,Shimei,,son of Pedaiah (1CH 3:19),male,Judah,"In this dataset, Shimei is described as son of Pedaiah (1CH 3:19). Recorded as male; listed with tribe: Judah.",4,1128,"In this dataset, Shimei is described as son of Pedaiah (1CH 3:19). Recorded as male; listed with tribe: Judah."
Meshullam_2,Meshullam,,son of Zerubbabel (1CH 3:19),male,Judah,"In this dataset, Meshullam is described as son of Zerubbabel (1CH 3:19). Recorded as male; listed with tribe: Judah.",2,1129,"In this dataset, Meshullam is described as son of Zerubbabel (1CH 3:19). Recorded as male; listed with tribe: Judah."
Hananiah_1,Hananiah,,son of Zerubbabel (1CH 3:19),male,Judah,"In this dataset, Hananiah is described as son of Zerubbabel (1CH 3:19). Recorded as male; listed with tribe: Judah.",1,1130,"In this dataset, Hananiah is described as son of Zerubbabel (1CH 3:19). Recorded as male; listed with tribe: Judah."
Shelomith_2,Shelomith,,daughter of Zerubbabel (1CH 3:19),female,Judah,"In this dataset, Shelomith is described as daughter of Zerubbabel (1CH 3:19). Recorded as female; listed with tribe: Judah.",2,1131,"In this dataset, Shelomith is described as daughter of Zerubbabel (1CH 3:19). Recorded as female; listed with tribe: Judah."
Hashubah_1,Hashubah,,son of Meshullam (1CH 3:20),male,Judah,"In this dataset, Hashubah is described as son of Meshullam (1CH 3:20). Recorded as male; listed with tribe: Judah.",1,1132,"In this dataset, Hashubah is described as son of Meshullam (1CH 3:20). Recorded as male; listed with tribe: Judah."
Ohel_1,Ohel,,son of Meshullam (1CH 3:20),male,Judah,"In this dataset, Ohel is described as son of Meshullam (1CH 3:20). Recorded as male; listed with tribe: Judah.",1,1133,"In this dataset, Ohel is described as son of Meshullam (1CH 3:20). Recorded as male; listed with tribe: Judah."
Berechiah_1,Berechiah,,son of Meshullam (1CH 3:20),male,Judah,"In this dataset, Berechiah is described as son of Meshullam (1CH 3:20). Recorded as male; listed with tribe: Judah.",1,1134,"In this dataset, Berechiah is described as son of Meshullam (1CH 3:20). Recorded as male; listed with tribe: Judah."
Hasadiah_1,Hasadiah,,son of Meshullam (1CH 3:20),male,Judah,"In this dataset, Hasadiah is described as son of Meshullam (1CH 3:20). Recorded as male; listed with tribe: Judah.",1,1135,"In this dataset, Hasadiah is described as son of Meshullam (1CH 3:20). Recorded as male; listed with tribe: Judah."
Jushab-hesed_1,Jushab-hesed,,son of Meshullam (1CH 3:20),male,Judah,"In this dataset, Jushab-hesed is described as son of Meshullam (1CH 3:20). Recorded as male; listed with tribe: Judah.",1,1136,"In this dataset, Jushab-hesed is described as son of Meshullam (1CH 3:20). Recorded as male; listed with tribe: Judah."
Pelatiah_1,Pelatiah,,son of Hananiah (1CH 3:21),male,Judah,"In this dataset, Pelatiah is described as son of Hananiah (1CH 3:21). Recorded as male; listed with tribe: Judah.",1,1137,"In this dataset, Pelatiah is described as son of Hananiah (1CH 3:21). Recorded as male; listed with tribe: Judah."
Jeshaiah_1,Jeshaiah,,son of Hananiah (1CH 3:21),male,Judah,"In this dataset, Jeshaiah is described as son of Hananiah (1CH 3:21). Recorded as male; listed with tribe: Judah.",1,1138,"In this dataset, Jeshaiah is described as son of Hananiah (1CH 3:21). Recorded as male; listed with tribe: Judah."
Rephaiah_1,Rephaiah,,son of Hananiah (1CH 3:21),male,Judah,"In this dataset, Rephaiah is described as son of Hananiah (1CH 3:21). Recorded as male; listed with tribe: Judah.",1,1139,"In this dataset, Rephaiah is described as son of Hananiah (1CH 3:21). Recorded as male; listed with tribe: Judah."
Arnan_1,Arnan,,son of Hananiah (1CH 3:21),male,Judah,"In this dataset, Arnan is described as son of Hananiah (1CH 3:21). Recorded as male; listed with tribe: Judah.",1,1140,"In this dataset, Arnan is described as son of Hananiah (1CH 3:21). Recorded as male; listed with tribe: Judah."
Obadiah_2,Obadiah,,son of Hananiah (1CH 3:21),male,Judah,"In this dataset, Obadiah is described as son of Hananiah (1CH 3:21). Recorded as male; listed with tribe: Judah.",2,1141,"In this dataset, Obadiah is described as son of Hananiah (1CH 3:21). Recorded as male; listed with tribe: Judah."
Shecaniah_1,Shecaniah,,son of Hananiah (1CH 3:21),male,Judah,"In this dataset, Shecaniah is described as son of Hananiah (1CH 3:21). Recorded as male; listed with tribe: Judah.",1,1142,"In this dataset, Shecaniah is described as son of Hananiah (1CH 3:21). Recorded as male; listed with tribe: Judah."
Shemaiah_2,Shemaiah,,son of Shecaniah (1CH 3:22),male,Judah,"In this dataset, Shemaiah is described as son of Shecaniah (1CH 3:22). Recorded as male; listed with tribe: Judah.",2,1143,"In this dataset, Shemaiah is described as son of Shecaniah (1CH 3:22). Recorded as male; listed with tribe: Judah."
Hattush_1,Hattush,,son of Shecaniah (1CH 3:22),male,Judah,"In this dataset, Hattush is described as son of Shecaniah (1CH 3:22). Recorded as male; listed with tribe: Judah.",1,1144,"In this dataset, Hattush is described as son of Shecaniah (1CH 3:22). Recorded as male; listed with tribe: Judah."
Igal_3,Igal,,son of Shecaniah (1CH 3:22),male,Judah,"In this dataset, Igal is described as son of Shecaniah (1CH 3:22). Recorded as male; listed with tribe: Judah.",3,1145,"In this dataset, Igal is described as son of Shecaniah (1CH 3:22). Recorded as male; listed with tribe: Judah."
Bariah_1,Bariah,,son of Shecaniah (1CH 3:22),male,Judah,"In this dataset, Bariah is described as son of Shecaniah (1CH 3:22). Recorded as male; listed with tribe: Judah.",1,1146,"In this dataset, Bariah is described as son of Shecaniah (1CH 3:22). Recorded as male; listed with tribe: Judah."
Neariah_1,Neariah,,son of Shecaniah (1CH 3:22),male,Judah,"In this dataset, Neariah is described as son of Shecaniah (1CH 3:22). Recorded as male; listed with tribe: Judah.",1,1147,"In this dataset, Neariah is described as son of Shecaniah (1CH 3:22). Recorded as male; listed with tribe: Judah."
Shaphat_3,Shaphat,,son of Shecaniah (1CH 3:22),male,Judah,"In this dataset, Shaphat is described as son of Shecaniah (1CH 3:22). Recorded as male; listed with tribe: Judah.",3,1148,"In this dataset, Shaphat is described as son of Shecaniah (1CH 3:22). Recorded as male; listed with tribe: Judah."
Elioenai_1,Elioenai,,son of Neariah (1CH 3:23),male,Judah,"In this dataset, Elioenai is described as son of Neariah (1CH 3:23). Recorded as male; listed with tribe: Judah.",1,1149,"In this dataset, Elioenai is described as son of Neariah (1CH 3:23). Recorded as male; listed with tribe: Judah."
Hizkiah_1,Hizkiah,,son of Neariah (1CH 3:23),male,Judah,"In this dataset, Hizkiah is described as son of Neariah (1CH 3:23). Recorded as male; listed with tribe: Judah.",1,1150,"In this dataset, Hizkiah is described as son of Neariah (1CH 3:23). Recorded as male; listed with tribe: Judah."
Azrikam_1,Azrikam,,son of Neariah (1CH 3:23),male,Judah,"In this dataset, Azrikam is described as son of Neariah (1CH 3:23). Recorded as male; listed with tribe: Judah.",1,1151,"In this dataset, Azrikam is described as son of Neariah (1CH 3:23). Recorded as male; listed with tribe: Judah."
Hodaviah_1,Hodaviah,,son of Elioenai (1CH 3:24),male,Judah,"In this dataset, Hodaviah is described as son of Elioenai (1CH 3:24). Recorded as male; listed with tribe: Judah.",1,1152,"In this dataset, Hodaviah is described as son of Elioenai (1CH 3:24). Recorded as male; listed with tribe: Judah."
Eliashib_1,Eliashib,,son of Elioenai (1CH 3:24),male,Judah,"In this dataset, Eliashib is described as son of Elioenai (1CH 3:24). Recorded as male; listed with tribe: Judah.",1,1153,"In this dataset, Eliashib is described as son of Elioenai (1CH 3:24). Recorded as male; listed with tribe: Judah."
Pelaiah_1,Pelaiah,,son of Elioenai (1CH 3:24),male,Judah,"In this dataset, Pelaiah is described as son of Elioenai (1CH 3:24). Recorded as male; listed with tribe: Judah.",1,1154,"In this dataset, Pelaiah is described as son of Elioenai (1CH 3:24). Recorded as male; listed with tribe: Judah."
Akkub_1,Akkub,,son of Elioenai (1CH 3:24),male,Judah,"In this dataset, Akkub is described as son of Elioenai (1CH 3:24). Recorded as male; listed with tribe: Judah.",1,1155,"In this dataset, Akkub is described as son of Elioenai (1CH 3:24). Recorded as male; listed with tribe: Judah."
Johanan_2,Johanan,,son of Elioenai (1CH 3:24),male,Judah,"In this dataset, Johanan is described as son of Elioenai (1CH 3:24). Recorded as male; listed with tribe: Judah.",2,1156,"In this dataset, Johanan is described as son of Elioenai (1CH 3:24). Recorded as male; listed with tribe: Judah."
Delaiah_1,Delaiah,,son of Elioenai (1CH 3:24),male,Judah,"In this dataset, Delaiah is described as son of Elioenai (1CH 3:24). Recorded as male; listed with tribe: Judah.",1,1157,"In this dataset, Delaiah is described as son of Elioenai (1CH 3:24). Recorded as male; listed with tribe: Judah."
Anani_1,Anani,,son of Elioenai (1CH 3:24),male,Judah,"In this dataset, Anani is described as son of Elioenai (1CH 3:24). Recorded as male; listed with tribe: Judah.",1,1158,"In this dataset, Anani is described as son of Elioenai (1CH 3:24). Recorded as male; listed with tribe: Judah."
Reaiah_1,Reaiah,,son of Shobal (1CH 4:2),male,Judah,"In this dataset, Reaiah is described as son of Shobal (1CH 4:2). Recorded as male; listed with tribe: Judah.",1,1159,"In this dataset, Reaiah is described as son of Shobal (1CH 4:2). Recorded as male; listed with tribe: Judah."
Jahath_1,Jahath,,son of Reaiah (1CH 4:2),male,Judah,"In this dataset, Jahath is described as son of Reaiah (1CH 4:2). Recorded as male; listed with tribe: Judah.",1,1160,"In this dataset, Jahath is described as son of Reaiah (1CH 4:2). Recorded as male; listed with tribe: Judah."
Ahumai_1,Ahumai,,son of Jahath (1CH 4:2),male,Judah,"In this dataset, Ahumai is described as son of Jahath (1CH 4:2). Recorded as male; listed with tribe: Judah.",1,1161,"In this dataset, Ahumai is described as son of Jahath (1CH 4:2). Recorded as male; listed with tribe: Judah."
Lahad_1,Lahad,,son of Jahath (1CH 4:2),male,Judah,"In this dataset, Lahad is described as son of Jahath (1CH 4:2). Recorded as male; listed with tribe: Judah.",1,1162,"In this dataset, Lahad is described as son of Jahath (1CH 4:2). Recorded as male; listed with tribe: Judah."
Etam_1,Etam,,"father of Jezreel, Ishma, Ibdash, and Hazzelelponi (1CH 4:3)",male,Judah,"In this dataset, Etam is described as father of Jezreel, Ishma, Ibdash, and Hazzelelponi (1CH 4:3). Recorded as male; listed with tribe: Judah.",1,1163,"In this dataset, Etam is described as father of Jezreel, Ishma, Ibdash, and Hazzelelponi (1CH 4:3). Recorded as male; listed with tribe: Judah."
Jezreel_1,Jezreel,,son of Etam (1CH 4:3),male,Judah,"In this dataset, Jezreel is described as son of Etam (1CH 4:3). Recorded as male; listed with tribe: Judah.",1,1164,"In this dataset, Jezreel is described as son of Etam (1CH 4:3). Recorded as male; listed with tribe: Judah."
Ishma_1,Ishma,,son of Etam (1CH 4:3),male,Judah,"In this dataset, Ishma is described as son of Etam (1CH 4:3). Recorded as male; listed with tribe: Judah.",1,1165,"In this dataset, Ishma is described as son of Etam (1CH 4:3). Recorded as male; listed with tribe: Judah."
Idbash_1,Idbash,,son of Etam (1CH 4:3),male,Judah,"In this dataset, Idbash is described as son of Etam (1CH 4:3). Recorded as male; listed with tribe: Judah.",1,1166,"In this dataset, Idbash is described as son of Etam (1CH 4:3). Recorded as male; listed with tribe: Judah."
Hazzelelponi_1,Hazzelelponi,,daughter of Etam (1CH 4:3),female,Judah,"In this dataset, Hazzelelponi is described as daughter of Etam (1CH 4:3). Recorded as female; listed with tribe: Judah.",1,1167,"In this dataset, Hazzelelponi is described as daughter of Etam (1CH 4:3). Recorded as female; listed with tribe: Judah."
Penuel_1,Penuel,,son of Hur (1CH 4:4),male,Judah,"In this dataset, Penuel is described as son of Hur (1CH 4:4). Recorded as male; listed with tribe: Judah.",1,1168,"In this dataset, Penuel is described as son of Hur (1CH 4:4). Recorded as male; listed with tribe: Judah."
Gedor_1,Gedor,,son of Penuel (1CH 4:4),male,Judah,"In this dataset, Gedor is described as son of Penuel (1CH 4:4). Recorded as male; listed with tribe: Judah.",1,1169,"In this dataset, Gedor is described as son of Penuel (1CH 4:4). Recorded as male; listed with tribe: Judah."
Ezer_2,Ezer,,son of Hur (1CH 4:4),male,Judah,"In this dataset, Ezer is described as son of Hur (1CH 4:4). Recorded as male; listed with tribe: Judah.",2,1170,"In this dataset, Ezer is described as son of Hur (1CH 4:4). Recorded as male; listed with tribe: Judah."
Hushah_1,Hushah,,son of Ezer (1CH 4:4),male,Judah,"In this dataset, Hushah is described as son of Ezer (1CH 4:4). Recorded as male; listed with tribe: Judah.",1,1171,"In this dataset, Hushah is described as son of Ezer (1CH 4:4). Recorded as male; listed with tribe: Judah."
Helah_1,Helah,,wife of Ashhur (1CH 4:5),female,,"In this dataset, Helah is described as wife of Ashhur (1CH 4:5). Recorded as female.",1,1172,"In this dataset, Helah is described as wife of Ashhur (1CH 4:5). Recorded as female."
Naarah_1,Naarah,,wife of Ashhur (1CH 4:5),female,,"In this dataset, Naarah is described as wife of Ashhur (1CH 4:5). Recorded as female.",1,1173,"In this dataset, Naarah is described as wife of Ashhur (1CH 4:5). Recorded as female."
Ahuzzam_1,Ahuzzam,,son of Ashhur and Naarah (1CH 4:6),male,Judah,"In this dataset, Ahuzzam is described as son of Ashhur and Naarah (1CH 4:6). Recorded as male; listed with tribe: Judah.",1,1174,"In this dataset, Ahuzzam is described as son of Ashhur and Naarah (1CH 4:6). Recorded as male; listed with tribe: Judah."
Hepher_2,Hepher,,son of Ashhur and Naarah (1CH 4:6),male,Judah,"In this dataset, Hepher is described as son of Ashhur and Naarah (1CH 4:6). Recorded as male; listed with tribe: Judah.",2,1175,"In this dataset, Hepher is described as son of Ashhur and Naarah (1CH 4:6). Recorded as male; listed with tribe: Judah."
Temeni_1,Temeni,,son of Ashhur and Naarah (1CH 4:6),male,Judah,"In this dataset, Temeni is described as son of Ashhur and Naarah (1CH 4:6). Recorded as male; listed with tribe: Judah.",1,1176,"In this dataset, Temeni is described as son of Ashhur and Naarah (1CH 4:6). Recorded as male; listed with tribe: Judah."
Haahashtari_1,Haahashtari,,son of Ashhur and Naarah (1CH 4:6),male,Judah,"In this dataset, Haahashtari is described as son of Ashhur and Naarah (1CH 4:6). Recorded as male; listed with tribe: Judah.",1,1177,"In this dataset, Haahashtari is described as son of Ashhur and Naarah (1CH 4:6). Recorded as male; listed with tribe: Judah."
Zereth_1,Zereth,,son of Ashhur and Helah (1CH 4:7),male,Judah,"In this dataset, Zereth is described as son of Ashhur and Helah (1CH 4:7). Recorded as male; listed with tribe: Judah.",1,1178,"In this dataset, Zereth is described as son of Ashhur and Helah (1CH 4:7). Recorded as male; listed with tribe: Judah."
Izhar_2,Izhar,,son of Ashhur and Helah (1CH 4:7),male,Judah,"In this dataset, Izhar is described as son of Ashhur and Helah (1CH 4:7). Recorded as male; listed with tribe: Judah.",2,1179,"In this dataset, Izhar is described as son of Ashhur and Helah (1CH 4:7). Recorded as male; listed with tribe: Judah."
Ethnan_1,Ethnan,,son of Ashhur and Helah (1CH 4:7),male,Judah,"In this dataset, Ethnan is described as son of Ashhur and Helah (1CH 4:7). Recorded as male; listed with tribe: Judah.",1,1180,"In this dataset, Ethnan is described as son of Ashhur and Helah (1CH 4:7). Recorded as male; listed with tribe: Judah."
Koz_1,Koz,,"father of Anub, and Zobebah (1CH 4:8)",male,Judah,"In this dataset, Koz is described as father of Anub, and Zobebah (1CH 4:8). Recorded as male; listed with tribe: Judah.",1,1181,"In this dataset, Koz is described as father of Anub, and Zobebah (1CH 4:8). Recorded as male; listed with tribe: Judah."
Anub_1,Anub,,son of Koz (1CH 4:8),male,Judah,"In this dataset, Anub is described as son of Koz (1CH 4:8). Recorded as male; listed with tribe: Judah.",1,1182,"In this dataset, Anub is described as son of Koz (1CH 4:8). Recorded as male; listed with tribe: Judah."
Zobebah_1,Zobebah,,son of Koz (1CH 4:8),male,Judah,"In this dataset, Zobebah is described as son of Koz (1CH 4:8). Recorded as male; listed with tribe: Judah.",1,1183,"In this dataset, Zobebah is described as son of Koz (1CH 4:8). Recorded as male; listed with tribe: Judah."
Harum_1,Harum,,son of Koz (1CH 4:8),male,Judah,"In this dataset, Harum is described as son of Koz (1CH 4:8). Recorded as male; listed with tribe: Judah.",1,1184,"In this dataset, Harum is described as son of Koz (1CH 4:8). Recorded as male; listed with tribe: Judah."
Aharhel_1,Aharhel,,son of Harum (1CH 4:8),male,Judah,"In this dataset, Aharhel is described as son of Harum (1CH 4:8). Recorded as male; listed with tribe: Judah.",1,1185,"In this dataset, Aharhel is described as son of Harum (1CH 4:8). Recorded as male; listed with tribe: Judah."
Jabez_1,Jabez,,son of Koz? (1CH 4:9),male,Judah,"In this dataset, Jabez is described as son of Koz? (1CH 4:9). Recorded as male; listed with tribe: Judah.",1,1186,"In this dataset, Jabez is described as son of Koz? (1CH 4:9). Recorded as male; listed with tribe: Judah."
Chelub_1,Chelub,,brother of Shuhah (1CH 4:11),male,Judah,"In this dataset, Chelub is described as brother of Shuhah (1CH 4:11). Recorded as male; listed with tribe: Judah.",1,1187,"In this dataset, Chelub is described as brother of Shuhah (1CH 4:11). Recorded as male; listed with tribe: Judah."
Shuhah_1,Shuhah,,brother of Chelub (1CH 4:11),male,Judah,"In this dataset, Shuhah is described as brother of Chelub (1CH 4:11). Recorded as male; listed with tribe: Judah.",1,1188,"In this dataset, Shuhah is described as brother of Chelub (1CH 4:11). Recorded as male; listed with tribe: Judah."
Mehir_1,Mehir,,son of Cheleb (1CH 4:11),male,Judah,"In this dataset, Mehir is described as son of Cheleb (1CH 4:11). Recorded as male; listed with tribe: Judah.",1,1189,"In this dataset, Mehir is described as son of Cheleb (1CH 4:11). Recorded as male; listed with tribe: Judah."
Eshton_1,Eshton,,son of Mehir (1CH 4:11),male,Judah,"In this dataset, Eshton is described as son of Mehir (1CH 4:11). Recorded as male; listed with tribe: Judah.",1,1190,"In this dataset, Eshton is described as son of Mehir (1CH 4:11). Recorded as male; listed with tribe: Judah."
Beth-rapha_1,Beth-rapha,,son of Eshton (1CH 4:12),male,Judah,"In this dataset, Beth-rapha is described as son of Eshton (1CH 4:12). Recorded as male; listed with tribe: Judah.",1,1191,"In this dataset, Beth-rapha is described as son of Eshton (1CH 4:12). Recorded as male; listed with tribe: Judah."
Paseah_1,Paseah,,son of Eshton (1CH 4:12),male,Judah,"In this dataset, Paseah is described as son of Eshton (1CH 4:12). Recorded as male; listed with tribe: Judah.",1,1192,"In this dataset, Paseah is described as son of Eshton (1CH 4:12). Recorded as male; listed with tribe: Judah."
Tehinnah_1,Tehinnah,,son of Eshton (1CH 4:12),male,Judah,"In this dataset, Tehinnah is described as son of Eshton (1CH 4:12). Recorded as male; listed with tribe: Judah.",1,1193,"In this dataset, Tehinnah is described as son of Eshton (1CH 4:12). Recorded as male; listed with tribe: Judah."
Seraiah_4,Seraiah,,son of Kenaz (1CH 4:13),male,Judah,"In this dataset, Seraiah is described as son of Kenaz (1CH 4:13). Recorded as male; listed with tribe: Judah.",4,1194,"In this dataset, Seraiah is described as son of Kenaz (1CH 4:13). Recorded as male; listed with tribe: Judah."
Hathath_1,Hathath,,son of Othniel (1CH 4:13),male,Judah,"In this dataset, Hathath is described as son of Othniel (1CH 4:13). Recorded as male; listed with tribe: Judah.",1,1195,"In this dataset, Hathath is described as son of Othniel (1CH 4:13). Recorded as male; listed with tribe: Judah."
Meonothai_1,Meonothai,,son of Othniel (1CH 4:13),male,Judah,"In this dataset, Meonothai is described as son of Othniel (1CH 4:13). Recorded as male; listed with tribe: Judah.",1,1196,"In this dataset, Meonothai is described as son of Othniel (1CH 4:13). Recorded as male; listed with tribe: Judah."
Ophrah_1,Ophrah,,son of Meonothai (1CH 4:14),male,Judah,"In this dataset, Ophrah is described as son of Meonothai (1CH 4:14). Recorded as male; listed with tribe: Judah.",1,1197,"In this dataset, Ophrah is described as son of Meonothai (1CH 4:14). Recorded as male; listed with tribe: Judah."
Joab_2,Joab,,son of Seraiah (1CH 4:14),male,Judah,"In this dataset, Joab is described as son of Seraiah (1CH 4:14). Recorded as male; listed with tribe: Judah.",2,1198,"In this dataset, Joab is described as son of Seraiah (1CH 4:14). Recorded as male; listed with tribe: Judah."
Iru_1,Iru,,son of Caleb (1CH 4:15),male,Judah,"In this dataset, Iru is described as son of Caleb (1CH 4:15). Recorded as male; listed with tribe: Judah.",1,1199,"In this dataset, Iru is described as son of Caleb (1CH 4:15). Recorded as male; listed with tribe: Judah."
Elah_4,Elah,,son of Caleb (1CH 4:15),male,Judah,"In this dataset, Elah is described as son of Caleb (1CH 4:15). Recorded as male; listed with tribe: Judah.",4,1200,"In this dataset, Elah is described as son of Caleb (1CH 4:15). Recorded as male; listed with tribe: Judah."
Naam_1,Naam,,son of Caleb (1CH 4:15),male,Judah,"In this dataset, Naam is described as son of Caleb (1CH 4:15). Recorded as male; listed with tribe: Judah.",1,1201,"In this dataset, Naam is described as son of Caleb (1CH 4:15). Recorded as male; listed with tribe: Judah."
Kenaz_3,Kenaz,,son of Elah and grandson of Caleb (1CH 4:15),male,Judah,"In this dataset, Kenaz is described as son of Elah and grandson of Caleb (1CH 4:15). Recorded as male; listed with tribe: Judah.",3,1202,"In this dataset, Kenaz is described as son of Elah and grandson of Caleb (1CH 4:15). Recorded as male; listed with tribe: Judah."
Jehallelel_1,Jehallelel,,"father of Zip, Ziphah, Tira, and Asarel (1CH 4:16)",male,Judah,"In this dataset, Jehallelel is described as father of Zip, Ziphah, Tira, and Asarel (1CH 4:16). Recorded as male; listed with tribe: Judah.",1,1203,"In this dataset, Jehallelel is described as father of Zip, Ziphah, Tira, and Asarel (1CH 4:16). Recorded as male; listed with tribe: Judah."
Ziph_2,Ziph,,son of Jehallelel (1CH 4:16),male,Judah,"In this dataset, Ziph is described as son of Jehallelel (1CH 4:16). Recorded as male; listed with tribe: Judah.",2,1204,"In this dataset, Ziph is described as son of Jehallelel (1CH 4:16). Recorded as male; listed with tribe: Judah."
Ziphah_1,Ziphah,,son of Jehallelel (1CH 4:16),male,Judah,"In this dataset, Ziphah is described as son of Jehallelel (1CH 4:16). Recorded as male; listed with tribe: Judah.",1,1205,"In this dataset, Ziphah is described as son of Jehallelel (1CH 4:16). Recorded as male; listed with tribe: Judah."
Tiria_1,Tiria,,son of Jehallelel (1CH 4:16),male,Judah,"In this dataset, Tiria is described as son of Jehallelel (1CH 4:16). Recorded as male; listed with tribe: Judah.",1,1206,"In this dataset, Tiria is described as son of Jehallelel (1CH 4:16). Recorded as male; listed with tribe: Judah."
Asarel_1,Asarel,,son of Jehallelel (1CH 4:16),male,Judah,"In this dataset, Asarel is described as son of Jehallelel (1CH 4:16). Recorded as male; listed with tribe: Judah.",1,1207,"In this dataset, Asarel is described as son of Jehallelel (1CH 4:16). Recorded as male; listed with tribe: Judah."
Ezrah_1,Ezrah,,"father of Jether, Mered, Epher and Jalon (1CH 4:17)",male,Judah,"In this dataset, Ezrah is described as father of Jether, Mered, Epher and Jalon (1CH 4:17). Recorded as male; listed with tribe: Judah.",1,1208,"In this dataset, Ezrah is described as father of Jether, Mered, Epher and Jalon (1CH 4:17). Recorded as male; listed with tribe: Judah."
Jether_3,Jether,,son of Ezrah (1CH 4:17),male,Judah,"In this dataset, Jether is described as son of Ezrah (1CH 4:17). Recorded as male; listed with tribe: Judah.",3,1209,"In this dataset, Jether is described as son of Ezrah (1CH 4:17). Recorded as male; listed with tribe: Judah."
Mered_1,Mered,,son of Ezrah (1CH 4:17),male,Judah,"In this dataset, Mered is described as son of Ezrah (1CH 4:17). Recorded as male; listed with tribe: Judah.",1,1210,"In this dataset, Mered is described as son of Ezrah (1CH 4:17). Recorded as male; listed with tribe: Judah."
Epher_2,Epher,,son of Ezrah (1CH 4:17),male,Judah,"In this dataset, Epher is described as son of Ezrah (1CH 4:17). Recorded as male; listed with tribe: Judah.",2,1211,"In this dataset, Epher is described as son of Ezrah (1CH 4:17). Recorded as male; listed with tribe: Judah."
Jalon_1,Jalon,,son of Ezrah (1CH 4:17),male,Judah,"In this dataset, Jalon is described as son of Ezrah (1CH 4:17). Recorded as male; listed with tribe: Judah.",1,1212,"In this dataset, Jalon is described as son of Ezrah (1CH 4:17). Recorded as male; listed with tribe: Judah."
Bithia_1,Bithia,,daughter of Pharaoh whom Mered took (1CH 4:17),female,,"In this dataset, Bithia is described as daughter of Pharaoh whom Mered took (1CH 4:17). Recorded as female.",1,1213,"In this dataset, Bithia is described as daughter of Pharaoh whom Mered took (1CH 4:17). Recorded as female."
Pharaoh_6,Pharaoh,,father of Bithia (1CH 4:17),male,,"In this dataset, Pharaoh is described as father of Bithia (1CH 4:17). Recorded as male.",6,1214,"In this dataset, Pharaoh is described as father of Bithia (1CH 4:17). Recorded as male."
Miriam_2,Miriam,,daughter of Mered and Bithia (1CH 4:17),female,Judah,"In this dataset, Miriam is described as daughter of Mered and Bithia (1CH 4:17). Recorded as female; listed with tribe: Judah.",2,1215,"In this dataset, Miriam is described as daughter of Mered and Bithia (1CH 4:17). Recorded as female; listed with tribe: Judah."
Shammai_3,Shammai,,son of Mered and Bithia (1CH 4:17),male,Judah,"In this dataset, Shammai is described as son of Mered and Bithia (1CH 4:17). Recorded as male; listed with tribe: Judah.",3,1216,"In this dataset, Shammai is described as son of Mered and Bithia (1CH 4:17). Recorded as male; listed with tribe: Judah."
Ishbah_1,Ishbah,,son of Mered and Bithia (1CH 4:17),male,Judah,"In this dataset, Ishbah is described as son of Mered and Bithia (1CH 4:17). Recorded as male; listed with tribe: Judah.",1,1217,"In this dataset, Ishbah is described as son of Mered and Bithia (1CH 4:17). Recorded as male; listed with tribe: Judah."
Eshtemoa_1,Eshtemoa,,son of Mered and Bithia (1CH 4:17),male,Judah,"In this dataset, Eshtemoa is described as son of Mered and Bithia (1CH 4:17). Recorded as male; listed with tribe: Judah.",1,1218,"In this dataset, Eshtemoa is described as son of Mered and Bithia (1CH 4:17). Recorded as male; listed with tribe: Judah."
Jered_1,Jered,,"son of Mered and ""his Jewish wife"" (1CH 4:18)",male,Judah,"In this dataset, Jered is described as son of Mered and ""his Jewish wife"" (1CH 4:18). Recorded as male; listed with tribe: Judah.",1,1219,"In this dataset, Jered is described as son of Mered and ""his Jewish wife"" (1CH 4:18). Recorded as male; listed with tribe: Judah."
Gedor_2,Gedor,,"son of Mered and ""his Jewish wife"" (1CH 4:18)",male,Judah,"In this dataset, Gedor is described as son of Mered and ""his Jewish wife"" (1CH 4:18). Recorded as male; listed with tribe: Judah.",2,1220,"In this dataset, Gedor is described as son of Mered and ""his Jewish wife"" (1CH 4:18). Recorded as male; listed with tribe: Judah."
Heber_3,Heber,,"son of Mered and ""his Jewish wife"" (1CH 4:18)",male,Judah,"In this dataset, Heber is described as son of Mered and ""his Jewish wife"" (1CH 4:18). Recorded as male; listed with tribe: Judah.",3,1221,"In this dataset, Heber is described as son of Mered and ""his Jewish wife"" (1CH 4:18). Recorded as male; listed with tribe: Judah."
Soco_1,Soco,,"son of Mered and ""his Jewish wife"" (1CH 4:18)",male,Judah,"In this dataset, Soco is described as son of Mered and ""his Jewish wife"" (1CH 4:18). Recorded as male; listed with tribe: Judah.",1,1222,"In this dataset, Soco is described as son of Mered and ""his Jewish wife"" (1CH 4:18). Recorded as male; listed with tribe: Judah."
Jekuthiel_1,Jekuthiel,,"son of Mered and ""his Jewish wife"" (1CH 4:18)",male,Judah,"In this dataset, Jekuthiel is described as son of Mered and ""his Jewish wife"" (1CH 4:18). Recorded as male; listed with tribe: Judah.",1,1223,"In this dataset, Jekuthiel is described as son of Mered and ""his Jewish wife"" (1CH 4:18). Recorded as male; listed with tribe: Judah."
Zanoah_1,Zanoah,,"son of Mered and ""his Jewish wife"" (1CH 4:18)",male,Judah,"In this dataset, Zanoah is described as son of Mered and ""his Jewish wife"" (1CH 4:18). Recorded as male; listed with tribe: Judah.",1,1224,"In this dataset, Zanoah is described as son of Mered and ""his Jewish wife"" (1CH 4:18). Recorded as male; listed with tribe: Judah."
Hodiah_1,Hodiah,,his sons were the fathers of Keilah and Eshtemoa (1CH 4:19),male,Judah,"In this dataset, Hodiah is described as his sons were the fathers of Keilah and Eshtemoa (1CH 4:19). Recorded as male; listed with tribe: Judah.",1,1225,"In this dataset, Hodiah is described as his sons were the fathers of Keilah and Eshtemoa (1CH 4:19). Recorded as male; listed with tribe: Judah."
Naham_1,Naham,,brother of the wife of Hodiah (1CH 4:19),male,Judah,"In this dataset, Naham is described as brother of the wife of Hodiah (1CH 4:19). Recorded as male; listed with tribe: Judah.",1,1226,"In this dataset, Naham is described as brother of the wife of Hodiah (1CH 4:19). Recorded as male; listed with tribe: Judah."
Keilah_1,Keilah,,"the Garmite, grandson of Hodiah (1CH 4:19)",male,Judah,"In this dataset, Keilah is described as the Garmite, grandson of Hodiah (1CH 4:19). Recorded as male; listed with tribe: Judah.",1,1227,"In this dataset, Keilah is described as the Garmite, grandson of Hodiah (1CH 4:19). Recorded as male; listed with tribe: Judah."
Eshtemoa_2,Eshtemoa,,"the Maacathite, the grandson of Hodiah (1CH 4:19)",male,Judah,"In this dataset, Eshtemoa is described as the Maacathite, the grandson of Hodiah (1CH 4:19). Recorded as male; listed with tribe: Judah.",2,1228,"In this dataset, Eshtemoa is described as the Maacathite, the grandson of Hodiah (1CH 4:19). Recorded as male; listed with tribe: Judah."
Shimon_1,Shimon,,"father of Amnon, Rinnah, Benhanan, and Tilon (1CH 4:20)",male,Judah,"In this dataset, Shimon is described as father of Amnon, Rinnah, Benhanan, and Tilon (1CH 4:20). Recorded as male; listed with tribe: Judah.",1,1229,"In this dataset, Shimon is described as father of Amnon, Rinnah, Benhanan, and Tilon (1CH 4:20). Recorded as male; listed with tribe: Judah."
Amnon_2,Amnon,,son of Shimon (1CH 4:20),male,Judah,"In this dataset, Amnon is described as son of Shimon (1CH 4:20). Recorded as male; listed with tribe: Judah.",2,1230,"In this dataset, Amnon is described as son of Shimon (1CH 4:20). Recorded as male; listed with tribe: Judah."
Rinnah_1,Rinnah,,son of Shimon (1CH 4:20),male,Judah,"In this dataset, Rinnah is described as son of Shimon (1CH 4:20). Recorded as male; listed with tribe: Judah.",1,1231,"In this dataset, Rinnah is described as son of Shimon (1CH 4:20). Recorded as male; listed with tribe: Judah."
Benhanan_1,Benhanan,,son of Shimon (1CH 4:20),male,Judah,"In this dataset, Benhanan is described as son of Shimon (1CH 4:20). Recorded as male; listed with tribe: Judah.",1,1232,"In this dataset, Benhanan is described as son of Shimon (1CH 4:20). Recorded as male; listed with tribe: Judah."
Tilon_1,Tilon,,son of Shimon (1CH 4:20),male,Judah,"In this dataset, Tilon is described as son of Shimon (1CH 4:20). Recorded as male; listed with tribe: Judah.",1,1233,"In this dataset, Tilon is described as son of Shimon (1CH 4:20). Recorded as male; listed with tribe: Judah."
Ishi_2,Ishi,,father of Zoheth and (grand?)father of Ben-zoheth (1CH 4:20),male,Judah,"In this dataset, Ishi is described as father of Zoheth and (grand?)father of Ben-zoheth (1CH 4:20). Recorded as male; listed with tribe: Judah.",2,1234,"In this dataset, Ishi is described as father of Zoheth and (grand?)father of Ben-zoheth (1CH 4:20). Recorded as male; listed with tribe: Judah."
Zoheth_1,Zoheth,,son of Ishi (1CH 4:20),male,Judah,"In this dataset, Zoheth is described as son of Ishi (1CH 4:20). Recorded as male; listed with tribe: Judah.",1,1235,"In this dataset, Zoheth is described as son of Ishi (1CH 4:20). Recorded as male; listed with tribe: Judah."
Ben-zoheth_1,Ben-zoheth,,(grand?) son of Ishi (1CH 4:20),male,Judah,"In this dataset, Ben-zoheth is described as (grand?) son of Ishi (1CH 4:20). Recorded as male; listed with tribe: Judah.",1,1236,"In this dataset, Ben-zoheth is described as (grand?) son of Ishi (1CH 4:20). Recorded as male; listed with tribe: Judah."
Er_2,Er,,son of Shelah son of Judah (1CH 4:21),male,Judah,"In this dataset, Er is described as son of Shelah son of Judah (1CH 4:21). Recorded as male; listed with tribe: Judah.",2,1237,"In this dataset, Er is described as son of Shelah son of Judah (1CH 4:21). Recorded as male; listed with tribe: Judah."
Lecah_1,Lecah,,son of Er (1CH 4:21),male,Judah,"In this dataset, Lecah is described as son of Er (1CH 4:21). Recorded as male; listed with tribe: Judah.",1,1238,"In this dataset, Lecah is described as son of Er (1CH 4:21). Recorded as male; listed with tribe: Judah."
Laadah_1,Laadah,,son of Shelah son of Judah (1CH 4:21),male,Judah,"In this dataset, Laadah is described as son of Shelah son of Judah (1CH 4:21). Recorded as male; listed with tribe: Judah.",1,1239,"In this dataset, Laadah is described as son of Shelah son of Judah (1CH 4:21). Recorded as male; listed with tribe: Judah."
Mareshah_2,Mareshah,,son of Laadah (1CH 4:21),male,Judah,"In this dataset, Mareshah is described as son of Laadah (1CH 4:21). Recorded as male; listed with tribe: Judah.",2,1240,"In this dataset, Mareshah is described as son of Laadah (1CH 4:21). Recorded as male; listed with tribe: Judah."
Jokim_1,Jokim,,"son of Shelah, son of Judah (1CH 4:22)",male,Judah,"In this dataset, Jokim is described as son of Shelah, son of Judah (1CH 4:22). Recorded as male; listed with tribe: Judah.",1,1241,"In this dataset, Jokim is described as son of Shelah, son of Judah (1CH 4:22). Recorded as male; listed with tribe: Judah."
Joash_5,Joash,,"son of Shelah, son of Judah (1CH 4:22)",male,Judah,"In this dataset, Joash is described as son of Shelah, son of Judah (1CH 4:22). Recorded as male; listed with tribe: Judah.",5,1242,"In this dataset, Joash is described as son of Shelah, son of Judah (1CH 4:22). Recorded as male; listed with tribe: Judah."
Saraph_1,Saraph,,"son of Shelah, son of Judah (1CH 4:22)",male,Judah,"In this dataset, Saraph is described as son of Shelah, son of Judah (1CH 4:22). Recorded as male; listed with tribe: Judah.",1,1243,"In this dataset, Saraph is described as son of Shelah, son of Judah (1CH 4:22). Recorded as male; listed with tribe: Judah."
Jashubi-lehem_1,Jashubi-lehem,,"son of Shelah, son of Judah (1CH 4:22)",male,Judah,"In this dataset, Jashubi-lehem is described as son of Shelah, son of Judah (1CH 4:22). Recorded as male; listed with tribe: Judah.",1,1244,"In this dataset, Jashubi-lehem is described as son of Shelah, son of Judah (1CH 4:22). Recorded as male; listed with tribe: Judah."
Shallum_5,Shallum,,"son of Shaul, son of Simeon (1CH 4:25)",male,Judah,"In this dataset, Shallum is described as son of Shaul, son of Simeon (1CH 4:25). Recorded as male; listed with tribe: Judah.",5,1245,"In this dataset, Shallum is described as son of Shaul, son of Simeon (1CH 4:25). Recorded as male; listed with tribe: Judah."
Mibsam_2,Mibsam,,"son of Shallum (1CH 4:25), Simeonite (1CH 4:24)",male,Simeon,"In this dataset, Mibsam is described as son of Shallum (1CH 4:25), Simeonite (1CH 4:24). Recorded as male; listed with tribe: Simeon.",2,1246,"In this dataset, Mibsam is described as son of Shallum (1CH 4:25), Simeonite (1CH 4:24). Recorded as male; listed with tribe: Simeon."
Mishma_2,Mishma,,"son of Mibsam (1CH 4:25), Simeonite (1CH 4:24)",male,Simeon,"In this dataset, Mishma is described as son of Mibsam (1CH 4:25), Simeonite (1CH 4:24). Recorded as male; listed with tribe: Simeon.",2,1247,"In this dataset, Mishma is described as son of Mibsam (1CH 4:25), Simeonite (1CH 4:24). Recorded as male; listed with tribe: Simeon."
Hammuel_1,Hammuel,,"son of Mishma (1CH 4:26), Simeonite (1CH 4:24)",male,Simeon,"In this dataset, Hammuel is described as son of Mishma (1CH 4:26), Simeonite (1CH 4:24). Recorded as male; listed with tribe: Simeon.",1,1248,"In this dataset, Hammuel is described as son of Mishma (1CH 4:26), Simeonite (1CH 4:24). Recorded as male; listed with tribe: Simeon."
Zaccur_2,Zaccur,,"son of Hammuel (1CH 4:26), Simeonite (1CH 4:24)",male,Simeon,"In this dataset, Zaccur is described as son of Hammuel (1CH 4:26), Simeonite (1CH 4:24). Recorded as male; listed with tribe: Simeon.",2,1249,"In this dataset, Zaccur is described as son of Hammuel (1CH 4:26), Simeonite (1CH 4:24). Recorded as male; listed with tribe: Simeon."
Shimei_5,Shimei,,"son of Zaccur (1CH 4:26), Simeonite (1CH 4:24)",male,Simeon,"In this dataset, Shimei is described as son of Zaccur (1CH 4:26), Simeonite (1CH 4:24). Recorded as male; listed with tribe: Simeon.",5,1250,"In this dataset, Shimei is described as son of Zaccur (1CH 4:26), Simeonite (1CH 4:24). Recorded as male; listed with tribe: Simeon."
Meshobab_1,Meshobab,,"??? (1CH 4:34), Simeonite (1CH 4:24)",male,Simeon,"In this dataset, Meshobab is described as ??? (1CH 4:34), Simeonite (1CH 4:24). Recorded as male; listed with tribe: Simeon.",1,1251,"In this dataset, Meshobab is described as ??? (1CH 4:34), Simeonite (1CH 4:24). Recorded as male; listed with tribe: Simeon."
Jamlech_1,Jamlech,,"??? (1CH 4:34), Simeonite (1CH 4:24)",male,Simeon,"In this dataset, Jamlech is described as ??? (1CH 4:34), Simeonite (1CH 4:24). Recorded as male; listed with tribe: Simeon.",1,1252,"In this dataset, Jamlech is described as ??? (1CH 4:34), Simeonite (1CH 4:24). Recorded as male; listed with tribe: Simeon."
Joshah_1,Joshah,,"son of Amaziah_2 (1CH 4:34), Simeonite (1CH 4:24)",male,Simeon,"In this dataset, Joshah is described as son of Amaziah_2 (1CH 4:34), Simeonite (1CH 4:24). Recorded as male; listed with tribe: Simeon.",1,1253,"In this dataset, Joshah is described as son of Amaziah_2 (1CH 4:34), Simeonite (1CH 4:24). Recorded as male; listed with tribe: Simeon."
Amaziah_2,Amaziah,,"father of Joshah (1CH 4:34), Simeonite (1CH 4:24)",male,Simeon,"In this dataset, Amaziah is described as father of Joshah (1CH 4:34), Simeonite (1CH 4:24). Recorded as male; listed with tribe: Simeon.",2,1254,"In this dataset, Amaziah is described as father of Joshah (1CH 4:34), Simeonite (1CH 4:24). Recorded as male; listed with tribe: Simeon."
Joel_2,Joel,,"??? (1CH 4:35), Simeonite (1CH 4:24)",male,Simeon,"In this dataset, Joel is described as ??? (1CH 4:35), Simeonite (1CH 4:24). Recorded as male; listed with tribe: Simeon.",2,1255,"In this dataset, Joel is described as ??? (1CH 4:35), Simeonite (1CH 4:24). Recorded as male; listed with tribe: Simeon."
Jehu_4,Jehu,,"son of Joshibiah (1CH 4:35), Simeonite (1CH 4:24)",male,Simeon,"In this dataset, Jehu is described as son of Joshibiah (1CH 4:35), Simeonite (1CH 4:24). Recorded as male; listed with tribe: Simeon.",4,1256,"In this dataset, Jehu is described as son of Joshibiah (1CH 4:35), Simeonite (1CH 4:24). Recorded as male; listed with tribe: Simeon."
Joshibiah_1,Joshibiah,,"son of Seraiah (1CH 4:35), Simeonite (1CH 4:24)",male,Simeon,"In this dataset, Joshibiah is described as son of Seraiah (1CH 4:35), Simeonite (1CH 4:24). Recorded as male; listed with tribe: Simeon.",1,1257,"In this dataset, Joshibiah is described as son of Seraiah (1CH 4:35), Simeonite (1CH 4:24). Recorded as male; listed with tribe: Simeon."
Seraiah_5,Seraiah,,"son of Asiel (1CH 4:35), Simeonite (1CH 4:24)",male,Simeon,"In this dataset, Seraiah is described as son of Asiel (1CH 4:35), Simeonite (1CH 4:24). Recorded as male; listed with tribe: Simeon.",5,1258,"In this dataset, Seraiah is described as son of Asiel (1CH 4:35), Simeonite (1CH 4:24). Recorded as male; listed with tribe: Simeon."
Asiel_1,Asiel,,"??? (1CH 4:35), Simeonite (1CH 4:24)",male,Simeon,"In this dataset, Asiel is described as ??? (1CH 4:35), Simeonite (1CH 4:24). Recorded as male; listed with tribe: Simeon.",1,1259,"In this dataset, Asiel is described as ??? (1CH 4:35), Simeonite (1CH 4:24). Recorded as male; listed with tribe: Simeon."
Elioenai_2,Elioenai,,"??? (1CH 4:36), Simeonite (1CH 4:24)",male,Simeon,"In this dataset, Elioenai is described as ??? (1CH 4:36), Simeonite (1CH 4:24). Recorded as male; listed with tribe: Simeon.",2,1260,"In this dataset, Elioenai is described as ??? (1CH 4:36), Simeonite (1CH 4:24). Recorded as male; listed with tribe: Simeon."
Jaakobah_1,Jaakobah,,"??? (1CH 4:36), Simeonite (1CH 4:24)",male,Simeon,"In this dataset, Jaakobah is described as ??? (1CH 4:36), Simeonite (1CH 4:24). Recorded as male; listed with tribe: Simeon.",1,1261,"In this dataset, Jaakobah is described as ??? (1CH 4:36), Simeonite (1CH 4:24). Recorded as male; listed with tribe: Simeon."
Jeshohaiah_1,Jeshohaiah,,"??? (1CH 4:36), Simeonite (1CH 4:24)",male,Simeon,"In this dataset, Jeshohaiah is described as ??? (1CH 4:36), Simeonite (1CH 4:24). Recorded as male; listed with tribe: Simeon.",1,1262,"In this dataset, Jeshohaiah is described as ??? (1CH 4:36), Simeonite (1CH 4:24). Recorded as male; listed with tribe: Simeon."
Asaiah_2,Asaiah,,"??? (1CH 4:36), Simeonite (1CH 4:24)",male,Simeon,"In this dataset, Asaiah is described as ??? (1CH 4:36), Simeonite (1CH 4:24). Recorded as male; listed with tribe: Simeon.",2,1263,"In this dataset, Asaiah is described as ??? (1CH 4:36), Simeonite (1CH 4:24). Recorded as male; listed with tribe: Simeon."
Adiel_1,Adiel,,"??? (1CH 4:36), Simeonite (1CH 4:24)",male,Simeon,"In this dataset, Adiel is described as ??? (1CH 4:36), Simeonite (1CH 4:24). Recorded as male; listed with tribe: Simeon.",1,1264,"In this dataset, Adiel is described as ??? (1CH 4:36), Simeonite (1CH 4:24). Recorded as male; listed with tribe: Simeon."
Jesimiel_1,Jesimiel,,"??? (1CH 4:36), Simeonite (1CH 4:24)",male,Simeon,"In this dataset, Jesimiel is described as ??? (1CH 4:36), Simeonite (1CH 4:24). Recorded as male; listed with tribe: Simeon.",1,1265,"In this dataset, Jesimiel is described as ??? (1CH 4:36), Simeonite (1CH 4:24). Recorded as male; listed with tribe: Simeon."
Benaiah_3,Benaiah,,"??? (1CH 4:36), Simeonite (1CH 4:24)",male,Simeon,"In this dataset, Benaiah is described as ??? (1CH 4:36), Simeonite (1CH 4:24). Recorded as male; listed with tribe: Simeon.",3,1266,"In this dataset, Benaiah is described as ??? (1CH 4:36), Simeonite (1CH 4:24). Recorded as male; listed with tribe: Simeon."
Ziza_1,Ziza,,"son of Shiphi (1CH 4:37), Simeonite (1CH 4:24)",male,Simeon,"In this dataset, Ziza is described as son of Shiphi (1CH 4:37), Simeonite (1CH 4:24). Recorded as male; listed with tribe: Simeon.",1,1267,"In this dataset, Ziza is described as son of Shiphi (1CH 4:37), Simeonite (1CH 4:24). Recorded as male; listed with tribe: Simeon."
Shiphi_1,Shiphi,,"son of Allon (1CH 4:37), Simeonite (1CH 4:24)",male,Simeon,"In this dataset, Shiphi is described as son of Allon (1CH 4:37), Simeonite (1CH 4:24). Recorded as male; listed with tribe: Simeon.",1,1268,"In this dataset, Shiphi is described as son of Allon (1CH 4:37), Simeonite (1CH 4:24). Recorded as male; listed with tribe: Simeon."
Allon_1,Allon,,"son of Jedaiah (1CH 4:37), Simeonite (1CH 4:24)",male,Simeon,"In this dataset, Allon is described as son of Jedaiah (1CH 4:37), Simeonite (1CH 4:24). Recorded as male; listed with tribe: Simeon.",1,1269,"In this dataset, Allon is described as son of Jedaiah (1CH 4:37), Simeonite (1CH 4:24). Recorded as male; listed with tribe: Simeon."
Jedaiah_1,Jedaiah,,"son of Shimri (1CH 4:37), Simeonite (1CH 4:24)",male,Simeon,"In this dataset, Jedaiah is described as son of Shimri (1CH 4:37), Simeonite (1CH 4:24). Recorded as male; listed with tribe: Simeon.",1,1270,"In this dataset, Jedaiah is described as son of Shimri (1CH 4:37), Simeonite (1CH 4:24). Recorded as male; listed with tribe: Simeon."
Shimri_1,Shimri,,"son of Shemaiah (1CH 4:37), Simeonite (1CH 4:24)",male,Simeon,"In this dataset, Shimri is described as son of Shemaiah (1CH 4:37), Simeonite (1CH 4:24). Recorded as male; listed with tribe: Simeon.",1,1271,"In this dataset, Shimri is described as son of Shemaiah (1CH 4:37), Simeonite (1CH 4:24). Recorded as male; listed with tribe: Simeon."
Shemaiah_3,Shemaiah,,"father of Shimri (1CH 4:37), Simeonite (1CH 4:24)",male,Simeon,"In this dataset, Shemaiah is described as father of Shimri (1CH 4:37), Simeonite (1CH 4:24). Recorded as male; listed with tribe: Simeon.",3,1272,"In this dataset, Shemaiah is described as father of Shimri (1CH 4:37), Simeonite (1CH 4:24). Recorded as male; listed with tribe: Simeon."
Pelatiah_2,Pelatiah,,"son of Ishi (1CH 4:42), Simeonite (1CH 4:24)",male,Simeon,"In this dataset, Pelatiah is described as son of Ishi (1CH 4:42), Simeonite (1CH 4:24). Recorded as male; listed with tribe: Simeon.",2,1273,"In this dataset, Pelatiah is described as son of Ishi (1CH 4:42), Simeonite (1CH 4:24). Recorded as male; listed with tribe: Simeon."
Neariah_2,Neariah,,"son of Ishi (1CH 4:42), Simeonite (1CH 4:24)",male,Simeon,"In this dataset, Neariah is described as son of Ishi (1CH 4:42), Simeonite (1CH 4:24). Recorded as male; listed with tribe: Simeon.",2,1274,"In this dataset, Neariah is described as son of Ishi (1CH 4:42), Simeonite (1CH 4:24). Recorded as male; listed with tribe: Simeon."
Rephaiah_2,Rephaiah,,"son of Ishi (1CH 4:42), Simeonite (1CH 4:24)",male,Simeon,"In this dataset, Rephaiah is described as son of Ishi (1CH 4:42), Simeonite (1CH 4:24). Recorded as male; listed with tribe: Simeon.",2,1275,"In this dataset, Rephaiah is described as son of Ishi (1CH 4:42), Simeonite (1CH 4:24). Recorded as male; listed with tribe: Simeon."
Uzziel_2,Uzziel,,"son of Ishi (1CH 4:42), Simeonite (1CH 4:24)",male,Simeon,"In this dataset, Uzziel is described as son of Ishi (1CH 4:42), Simeonite (1CH 4:24). Recorded as male; listed with tribe: Simeon.",2,1276,"In this dataset, Uzziel is described as son of Ishi (1CH 4:42), Simeonite (1CH 4:24). Recorded as male; listed with tribe: Simeon."
Joel_3,Joel,,"father of Shemaiah, lived in Aroer (1CH 5:8), Reubenite (1CH 5:3)",male,Reuben,"In this dataset, Joel is described as father of Shemaiah, lived in Aroer (1CH 5:8), Reubenite (1CH 5:3). Recorded as male; listed with tribe: Reuben.",3,1277,"In this dataset, Joel is described as father of Shemaiah, lived in Aroer (1CH 5:8), Reubenite (1CH 5:3). Recorded as male; listed with tribe: Reuben."
Shemaiah_4,Shemaiah,,"son of Joel (1CH 5:4), Reubenite (1CH 5:3)",male,Reuben,"In this dataset, Shemaiah is described as son of Joel (1CH 5:4), Reubenite (1CH 5:3). Recorded as male; listed with tribe: Reuben.",4,1278,"In this dataset, Shemaiah is described as son of Joel (1CH 5:4), Reubenite (1CH 5:3). Recorded as male; listed with tribe: Reuben."
Gog_1,Gog,,"son of Shemaiah (1CH 5:4), Reubenite (1CH 5:3)",male,Reuben,"In this dataset, Gog is described as son of Shemaiah (1CH 5:4), Reubenite (1CH 5:3). Recorded as male; listed with tribe: Reuben.",1,1279,"In this dataset, Gog is described as son of Shemaiah (1CH 5:4), Reubenite (1CH 5:3). Recorded as male; listed with tribe: Reuben."
Shimei_6,Shimei,,"son of Gog (1CH 5:4), Reubenite (1CH 5:3)",male,Reuben,"In this dataset, Shimei is described as son of Gog (1CH 5:4), Reubenite (1CH 5:3). Recorded as male; listed with tribe: Reuben.",6,1280,"In this dataset, Shimei is described as son of Gog (1CH 5:4), Reubenite (1CH 5:3). Recorded as male; listed with tribe: Reuben."
Micah_2,Micah,,"son of Shimei (1CH 5:5), Reubenite (1CH 5:3)",male,Reuben,"In this dataset, Micah is described as son of Shimei (1CH 5:5), Reubenite (1CH 5:3). Recorded as male; listed with tribe: Reuben.",2,1281,"In this dataset, Micah is described as son of Shimei (1CH 5:5), Reubenite (1CH 5:3). Recorded as male; listed with tribe: Reuben."
Reaiah_2,Reaiah,,"son of Micah (1CH 5:5), Reubenite (1CH 5:3)",male,Reuben,"In this dataset, Reaiah is described as son of Micah (1CH 5:5), Reubenite (1CH 5:3). Recorded as male; listed with tribe: Reuben.",2,1282,"In this dataset, Reaiah is described as son of Micah (1CH 5:5), Reubenite (1CH 5:3). Recorded as male; listed with tribe: Reuben."
Baal_1,Baal,,"son of Reaiah (1CH 5:5), Reubenite (1CH 5:3)",male,Reuben,"In this dataset, Baal is described as son of Reaiah (1CH 5:5), Reubenite (1CH 5:3). Recorded as male; listed with tribe: Reuben.",1,1283,"In this dataset, Baal is described as son of Reaiah (1CH 5:5), Reubenite (1CH 5:3). Recorded as male; listed with tribe: Reuben."
Beerah_1,Beerah,,"son of Baal.  Tilgath-pilneser carried him away into exile, leader of Reubenites (1CH 5:6)",male,Reuben,"In this dataset, Beerah is described as son of Baal.  Tilgath-pilneser carried him away into exile, leader of Reubenites (1CH 5:6). Recorded as male; listed with tribe: Reuben.",1,1284,"In this dataset, Beerah is described as son of Baal.  Tilgath-pilneser carried him away into exile, leader of Reubenites (1CH 5:6). Recorded as male; listed with tribe: Reuben."
Jeiel_1,Jeiel,,"1CH 5:7, Reubenite (1CH 5:3)",male,Reuben,"In this dataset, Jeiel is described as 1CH 5:7, Reubenite (1CH 5:3). Recorded as male; listed with tribe: Reuben.",1,1285,"In this dataset, Jeiel is described as 1CH 5:7, Reubenite (1CH 5:3). Recorded as male; listed with tribe: Reuben."
Zechariah_3,Zechariah,,"1CH 5:7, Reubenite (1CH 5:3)",male,Reuben,"In this dataset, Zechariah is described as 1CH 5:7, Reubenite (1CH 5:3). Recorded as male; listed with tribe: Reuben.",3,1286,"In this dataset, Zechariah is described as 1CH 5:7, Reubenite (1CH 5:3). Recorded as male; listed with tribe: Reuben."
Bela_3,Bela,,"son of Azaz (1CH 5:8), Reubenite (1CH 5:3)",male,Reuben,"In this dataset, Bela is described as son of Azaz (1CH 5:8), Reubenite (1CH 5:3). Recorded as male; listed with tribe: Reuben.",3,1287,"In this dataset, Bela is described as son of Azaz (1CH 5:8), Reubenite (1CH 5:3). Recorded as male; listed with tribe: Reuben."
Azaz_1,Azaz,,"son of Shema (1CH 5:8), Reubenite (1CH 5:3)",male,Reuben,"In this dataset, Azaz is described as son of Shema (1CH 5:8), Reubenite (1CH 5:3). Recorded as male; listed with tribe: Reuben.",1,1288,"In this dataset, Azaz is described as son of Shema (1CH 5:8), Reubenite (1CH 5:3). Recorded as male; listed with tribe: Reuben."
Shema_2,Shema,,"son of Joel (1CH 5:8), Reubenite (1CH 5:3)",male,Reuben,"In this dataset, Shema is described as son of Joel (1CH 5:8), Reubenite (1CH 5:3). Recorded as male; listed with tribe: Reuben.",2,1289,"In this dataset, Shema is described as son of Joel (1CH 5:8), Reubenite (1CH 5:3). Recorded as male; listed with tribe: Reuben."
Joel_4,Joel,,"chief (1CH 5:12), Gadite (1CH 5:11)",male,Gad,"In this dataset, Joel is described as chief (1CH 5:12), Gadite (1CH 5:11). Recorded as male; listed with tribe: Gad.",4,1290,"In this dataset, Joel is described as chief (1CH 5:12), Gadite (1CH 5:11). Recorded as male; listed with tribe: Gad."
Shapham_1,Shapham,,"second chief (1CH 5:12), Gadite (1CH 5:11)",male,Gad,"In this dataset, Shapham is described as second chief (1CH 5:12), Gadite (1CH 5:11). Recorded as male; listed with tribe: Gad.",1,1291,"In this dataset, Shapham is described as second chief (1CH 5:12), Gadite (1CH 5:11). Recorded as male; listed with tribe: Gad."
Janai_1,Janai,,"chief (1CH 5:12) in Bashan, Gadite (1CH 5:11)",male,Gad,"In this dataset, Janai is described as chief (1CH 5:12) in Bashan, Gadite (1CH 5:11). Recorded as male; listed with tribe: Gad.",1,1292,"In this dataset, Janai is described as chief (1CH 5:12) in Bashan, Gadite (1CH 5:11). Recorded as male; listed with tribe: Gad."
Shaphat_4,Shaphat,,"second chief (1CH 5:12) in Bashan, Gadite (1CH 5:11)",male,Gad,"In this dataset, Shaphat is described as second chief (1CH 5:12) in Bashan, Gadite (1CH 5:11). Recorded as male; listed with tribe: Gad.",4,1293,"In this dataset, Shaphat is described as second chief (1CH 5:12) in Bashan, Gadite (1CH 5:11). Recorded as male; listed with tribe: Gad."
Michael_2,Michael,,"(1CH 5:13), son of Jeshishai (1CH 5:14), Gadite (1CH 5:11)",male,Gad,"In this dataset, Michael is described as (1CH 5:13), son of Jeshishai (1CH 5:14), Gadite (1CH 5:11). Recorded as male; listed with tribe: Gad.",2,1294,"In this dataset, Michael is described as (1CH 5:13), son of Jeshishai (1CH 5:14), Gadite (1CH 5:11). Recorded as male; listed with tribe: Gad."
Meshullam_3,Meshullam,,"??? (1CH 5:13), Gadite (1CH 5:11)",male,Gad,"In this dataset, Meshullam is described as ??? (1CH 5:13), Gadite (1CH 5:11). Recorded as male; listed with tribe: Gad.",3,1295,"In this dataset, Meshullam is described as ??? (1CH 5:13), Gadite (1CH 5:11). Recorded as male; listed with tribe: Gad."
Sheba_5,Sheba,,"??? (1CH 5:13), Gadite (1CH 5:11)",male,Gad,"In this dataset, Sheba is described as ??? (1CH 5:13), Gadite (1CH 5:11). Recorded as male; listed with tribe: Gad.",5,1296,"In this dataset, Sheba is described as ??? (1CH 5:13), Gadite (1CH 5:11). Recorded as male; listed with tribe: Gad."
Jorai_1,Jorai,,"??? (1CH 5:13), Gadite (1CH 5:11)",male,Gad,"In this dataset, Jorai is described as ??? (1CH 5:13), Gadite (1CH 5:11). Recorded as male; listed with tribe: Gad.",1,1297,"In this dataset, Jorai is described as ??? (1CH 5:13), Gadite (1CH 5:11). Recorded as male; listed with tribe: Gad."
Jacan_1,Jacan,,"??? (1CH 5:13), Gadite (1CH 5:11)",male,Gad,"In this dataset, Jacan is described as ??? (1CH 5:13), Gadite (1CH 5:11). Recorded as male; listed with tribe: Gad.",1,1298,"In this dataset, Jacan is described as ??? (1CH 5:13), Gadite (1CH 5:11). Recorded as male; listed with tribe: Gad."
Zia_1,Zia,,"??? (1CH 5:13), Gadite (1CH 5:11)",male,Gad,"In this dataset, Zia is described as ??? (1CH 5:13), Gadite (1CH 5:11). Recorded as male; listed with tribe: Gad.",1,1299,"In this dataset, Zia is described as ??? (1CH 5:13), Gadite (1CH 5:11). Recorded as male; listed with tribe: Gad."
Eber_2,Eber,,"??? (1CH 5:13), Gadite (1CH 5:11)",male,Gad,"In this dataset, Eber is described as ??? (1CH 5:13), Gadite (1CH 5:11). Recorded as male; listed with tribe: Gad.",2,1300,"In this dataset, Eber is described as ??? (1CH 5:13), Gadite (1CH 5:11). Recorded as male; listed with tribe: Gad."
Abihail_3,Abihail,,"son of Huri (1CH 5:14, Gadite (1CH 5:11)",male,Gad,"In this dataset, Abihail is described as son of Huri (1CH 5:14, Gadite (1CH 5:11). Recorded as male; listed with tribe: Gad.",3,1301,"In this dataset, Abihail is described as son of Huri (1CH 5:14, Gadite (1CH 5:11). Recorded as male; listed with tribe: Gad."
Huri_1,Huri,,"son of Jaroah (1CH 5:14), Gadite (1CH 5:11)",male,Gad,"In this dataset, Huri is described as son of Jaroah (1CH 5:14), Gadite (1CH 5:11). Recorded as male; listed with tribe: Gad.",1,1302,"In this dataset, Huri is described as son of Jaroah (1CH 5:14), Gadite (1CH 5:11). Recorded as male; listed with tribe: Gad."
Jaroah_1,Jaroah,,"son of Gilead (1CH 5:14), Gadite (1CH 5:11)",male,Gad,"In this dataset, Jaroah is described as son of Gilead (1CH 5:14), Gadite (1CH 5:11). Recorded as male; listed with tribe: Gad.",1,1303,"In this dataset, Jaroah is described as son of Gilead (1CH 5:14), Gadite (1CH 5:11). Recorded as male; listed with tribe: Gad."
Gilead_3,Gilead,,"son of Michael (1CH 5:14), Gadite (1CH 5:11)",male,Gad,"In this dataset, Gilead is described as son of Michael (1CH 5:14), Gadite (1CH 5:11). Recorded as male; listed with tribe: Gad.",3,1304,"In this dataset, Gilead is described as son of Michael (1CH 5:14), Gadite (1CH 5:11). Recorded as male; listed with tribe: Gad."
Jeshishai_1,Jeshishai,,"son of Jahdo (1CH 5:14), Gadite (1CH 5:11)",male,Gad,"In this dataset, Jeshishai is described as son of Jahdo (1CH 5:14), Gadite (1CH 5:11). Recorded as male; listed with tribe: Gad.",1,1305,"In this dataset, Jeshishai is described as son of Jahdo (1CH 5:14), Gadite (1CH 5:11). Recorded as male; listed with tribe: Gad."
Jahdo_1,Jahdo,,"son of Buz (1CH 5:14), Gadite (1CH 5:11)",male,Gad,"In this dataset, Jahdo is described as son of Buz (1CH 5:14), Gadite (1CH 5:11). Recorded as male; listed with tribe: Gad.",1,1306,"In this dataset, Jahdo is described as son of Buz (1CH 5:14), Gadite (1CH 5:11). Recorded as male; listed with tribe: Gad."
Buz_2,Buz,,"father of Jahdo (1CH 5:14), Gadite (1CH 5:11)",male,Gad,"In this dataset, Buz is described as father of Jahdo (1CH 5:14), Gadite (1CH 5:11). Recorded as male; listed with tribe: Gad.",2,1307,"In this dataset, Buz is described as father of Jahdo (1CH 5:14), Gadite (1CH 5:11). Recorded as male; listed with tribe: Gad."
Ahi_1,Ahi,,"son of Abdiel (1CH 5:15), Gadite (1CH 5:11)",male,Gad,"In this dataset, Ahi is described as son of Abdiel (1CH 5:15), Gadite (1CH 5:11). Recorded as male; listed with tribe: Gad.",1,1308,"In this dataset, Ahi is described as son of Abdiel (1CH 5:15), Gadite (1CH 5:11). Recorded as male; listed with tribe: Gad."
Abdiel_1,Abdiel,,"son of Guni (1CH 5:15), Gadite (1CH 5:11)",male,Gad,"In this dataset, Abdiel is described as son of Guni (1CH 5:15), Gadite (1CH 5:11). Recorded as male; listed with tribe: Gad.",1,1309,"In this dataset, Abdiel is described as son of Guni (1CH 5:15), Gadite (1CH 5:11). Recorded as male; listed with tribe: Gad."
Guni_2,Guni,,"father of Abdiel (1CH 5:15), Gadite (1CH 5:11)",male,Gad,"In this dataset, Guni is described as father of Abdiel (1CH 5:15), Gadite (1CH 5:11). Recorded as male; listed with tribe: Gad.",2,1310,"In this dataset, Guni is described as father of Abdiel (1CH 5:15), Gadite (1CH 5:11). Recorded as male; listed with tribe: Gad."
Epher_3,Epher,,head of households (1CH 5:24) in Manasseh (1CH 5:23),male,Manasseh,"In this dataset, Epher is described as head of households (1CH 5:24) in Manasseh (1CH 5:23). Recorded as male; listed with tribe: Manasseh.",3,1311,"In this dataset, Epher is described as head of households (1CH 5:24) in Manasseh (1CH 5:23). Recorded as male; listed with tribe: Manasseh."
Ishi_3,Ishi,,head of households (1CH 5:24) in Manasseh (1CH 5:23),male,Manasseh,"In this dataset, Ishi is described as head of households (1CH 5:24) in Manasseh (1CH 5:23). Recorded as male; listed with tribe: Manasseh.",3,1312,"In this dataset, Ishi is described as head of households (1CH 5:24) in Manasseh (1CH 5:23). Recorded as male; listed with tribe: Manasseh."
Eliel_1,Eliel,,head of households (1CH 5:24) in Manasseh (1CH 5:23),male,Manasseh,"In this dataset, Eliel is described as head of households (1CH 5:24) in Manasseh (1CH 5:23). Recorded as male; listed with tribe: Manasseh.",1,1313,"In this dataset, Eliel is described as head of households (1CH 5:24) in Manasseh (1CH 5:23). Recorded as male; listed with tribe: Manasseh."
Azriel_1,Azriel,,head of households (1CH 5:24) in Manasseh (1CH 5:23),male,Manasseh,"In this dataset, Azriel is described as head of households (1CH 5:24) in Manasseh (1CH 5:23). Recorded as male; listed with tribe: Manasseh.",1,1314,"In this dataset, Azriel is described as head of households (1CH 5:24) in Manasseh (1CH 5:23). Recorded as male; listed with tribe: Manasseh."
Jeremiah_2,Jeremiah,,head of households (1CH 5:24) in Manasseh (1CH 5:23),male,Manasseh,"In this dataset, Jeremiah is described as head of households (1CH 5:24) in Manasseh (1CH 5:23). Recorded as male; listed with tribe: Manasseh.",2,1315,"In this dataset, Jeremiah is described as head of households (1CH 5:24) in Manasseh (1CH 5:23). Recorded as male; listed with tribe: Manasseh."
Hodaviah_2,Hodaviah,,head of households (1CH 5:24) in Manasseh (1CH 5:23),male,Manasseh,"In this dataset, Hodaviah is described as head of households (1CH 5:24) in Manasseh (1CH 5:23). Recorded as male; listed with tribe: Manasseh.",2,1316,"In this dataset, Hodaviah is described as head of households (1CH 5:24) in Manasseh (1CH 5:23). Recorded as male; listed with tribe: Manasseh."
Jahdiel_1,Jahdiel,,head of households (1CH 5:24) in Manasseh (1CH 5:23),male,Manasseh,"In this dataset, Jahdiel is described as head of households (1CH 5:24) in Manasseh (1CH 5:23). Recorded as male; listed with tribe: Manasseh.",1,1317,"In this dataset, Jahdiel is described as head of households (1CH 5:24) in Manasseh (1CH 5:23). Recorded as male; listed with tribe: Manasseh."
Abishua_1,Abishua,,son of Phinehas (1CH 6:4),male,Levi,"In this dataset, Abishua is described as son of Phinehas (1CH 6:4). Recorded as male; listed with tribe: Levi.",1,1318,"In this dataset, Abishua is described as son of Phinehas (1CH 6:4). Recorded as male; listed with tribe: Levi."
Bukki_2,Bukki,,son of Abishua and father of Uzzi (1CH 6:5),male,Levi,"In this dataset, Bukki is described as son of Abishua and father of Uzzi (1CH 6:5). Recorded as male; listed with tribe: Levi.",2,1319,"In this dataset, Bukki is described as son of Abishua and father of Uzzi (1CH 6:5). Recorded as male; listed with tribe: Levi."
Uzzi_1,Uzzi,,son of Bukki (1CH 6:5) and father of Zerhiah (1CH 6:6),male,Levi,"In this dataset, Uzzi is described as son of Bukki (1CH 6:5) and father of Zerhiah (1CH 6:6). Recorded as male; listed with tribe: Levi.",1,1320,"In this dataset, Uzzi is described as son of Bukki (1CH 6:5) and father of Zerhiah (1CH 6:6). Recorded as male; listed with tribe: Levi."
Zerahiah_1,Zerahiah,,father of Meraioth (1CH 6:6),male,Levi,"In this dataset, Zerahiah is described as father of Meraioth (1CH 6:6). Recorded as male; listed with tribe: Levi.",1,1321,"In this dataset, Zerahiah is described as father of Meraioth (1CH 6:6). Recorded as male; listed with tribe: Levi."
Meraioth_1,Meraioth,,"father of Amariah (1CH 6:7), Levite (1CH 6:1)",male,Levi,"In this dataset, Meraioth is described as father of Amariah (1CH 6:7), Levite (1CH 6:1). Recorded as male; listed with tribe: Levi.",1,1322,"In this dataset, Meraioth is described as father of Amariah (1CH 6:7), Levite (1CH 6:1). Recorded as male; listed with tribe: Levi."
Amariah_1,Amariah,,son of Meraioth (1CH 6:7) and father of Ahitub (1CH 6:7),male,Levi,"In this dataset, Amariah is described as son of Meraioth (1CH 6:7) and father of Ahitub (1CH 6:7). Recorded as male; listed with tribe: Levi.",1,1323,"In this dataset, Amariah is described as son of Meraioth (1CH 6:7) and father of Ahitub (1CH 6:7). Recorded as male; listed with tribe: Levi."
Azariah_6,Azariah,,"son of Ahimaaz, and father of Johanan (1CH 6:9)",male,Levi,"In this dataset, Azariah is described as son of Ahimaaz, and father of Johanan (1CH 6:9). Recorded as male; listed with tribe: Levi.",6,1324,"In this dataset, Azariah is described as son of Ahimaaz, and father of Johanan (1CH 6:9). Recorded as male; listed with tribe: Levi."
Johanan_3,Johanan,,son of Azariah_6 (1CH 6:9) and father of Azariah_1 (1CH 6:10),male,Levi,"In this dataset, Johanan is described as son of Azariah_6 (1CH 6:9) and father of Azariah_1 (1CH 6:10). Recorded as male; listed with tribe: Levi.",3,1325,"In this dataset, Johanan is described as son of Azariah_6 (1CH 6:9) and father of Azariah_1 (1CH 6:10). Recorded as male; listed with tribe: Levi."
Amariah_2,Amariah,,"son of Azariah and father of Ahitub (1CH 6:11), Levite (1CH 6:1), chief priest (2CH 19:11)",male,Levi,"In this dataset, Amariah is described as son of Azariah and father of Ahitub (1CH 6:11), Levite (1CH 6:1), chief priest (2CH 19:11). Recorded as male; listed with tribe: Levi.",2,1326,"In this dataset, Amariah is described as son of Azariah and father of Ahitub (1CH 6:11), Levite (1CH 6:1), chief priest (2CH 19:11). Recorded as male; listed with tribe: Levi."
Ahitub_3,Ahitub,,"son of Amariah (1CH 6:11), Levite (1CH 6:1), father of Meraioth (1CH 9:11)",male,Levi,"In this dataset, Ahitub is described as son of Amariah (1CH 6:11), Levite (1CH 6:1), father of Meraioth (1CH 9:11). Recorded as male; listed with tribe: Levi.",3,1327,"In this dataset, Ahitub is described as son of Amariah (1CH 6:11), Levite (1CH 6:1), father of Meraioth (1CH 9:11). Recorded as male; listed with tribe: Levi."
Zadok_3,Zadok,,(grand)son of Ahitub and father of Shallum (1CH 6:12),male,Levi,"In this dataset, Zadok is described as (grand)son of Ahitub and father of Shallum (1CH 6:12). Recorded as male; listed with tribe: Levi.",3,1328,"In this dataset, Zadok is described as (grand)son of Ahitub and father of Shallum (1CH 6:12). Recorded as male; listed with tribe: Levi."
Shallum_6,Shallum,,"son of Zadok (1CH 6:12) and father of Hilkiah (1CH 6:13), Levite (1CH 6:1)",male,Levi,"In this dataset, Shallum is described as son of Zadok (1CH 6:12) and father of Hilkiah (1CH 6:13), Levite (1CH 6:1). Recorded as male; listed with tribe: Levi.",6,1329,"In this dataset, Shallum is described as son of Zadok (1CH 6:12) and father of Hilkiah (1CH 6:13), Levite (1CH 6:1). Recorded as male; listed with tribe: Levi."
Hilkiah_3,Hilkiah,,"son of Shallum and father of Azariah (1CH 6:13), stood on Ezra's right hand as he read from the Law (NEH 8:4)",male,Levi,"In this dataset, Hilkiah is described as son of Shallum and father of Azariah (1CH 6:13), stood on Ezra's right hand as he read from the Law (NEH 8:4). Recorded as male; listed with tribe: Levi.",3,1330,"In this dataset, Hilkiah is described as son of Shallum and father of Azariah (1CH 6:13), stood on Ezra's right hand as he read from the Law (NEH 8:4). Recorded as male; listed with tribe: Levi."
Azariah_7,Azariah,,"son of Hilkiah (1CH 6:13), father of Seriah (1CH 6:14), and priest (EZR 2:2, NEH 7:7, NEH 12:1), explained the law to the people (NEH 8:7)",male,Levi,"In this dataset, Azariah is described as son of Hilkiah (1CH 6:13), father of Seriah (1CH 6:14), and priest (EZR 2:2, NEH 7:7, NEH 12:1), explained the law to the people (NEH 8:7). Recorded as male; listed with tribe: Levi.",7,1331,"In this dataset, Azariah is described as son of Hilkiah (1CH 6:13), father of Seriah (1CH 6:14), and priest (EZR 2:2, NEH 7:7, NEH 12:1), explained the law to the people (NEH 8:7). Recorded as male; listed with tribe: Levi."
Jehozadak_1,Jehozadak,,son of Seriah_2 (1CH 6:14) went with Judah into exile by Nebuchadnezzar (1CH 6:15),male,Levi,"In this dataset, Jehozadak is described as son of Seriah_2 (1CH 6:14) went with Judah into exile by Nebuchadnezzar (1CH 6:15). Recorded as male; listed with tribe: Levi.",1,1332,"In this dataset, Jehozadak is described as son of Seriah_2 (1CH 6:14) went with Judah into exile by Nebuchadnezzar (1CH 6:15). Recorded as male; listed with tribe: Levi."
Jahath_2,Jahath,,son of Libni (1CH 6:20),male,Levi,"In this dataset, Jahath is described as son of Libni (1CH 6:20). Recorded as male; listed with tribe: Levi.",2,1333,"In this dataset, Jahath is described as son of Libni (1CH 6:20). Recorded as male; listed with tribe: Levi."
Zimmah_1,Zimmah,,son of Jahath (1CH 6:20),male,Levi,"In this dataset, Zimmah is described as son of Jahath (1CH 6:20). Recorded as male; listed with tribe: Levi.",1,1334,"In this dataset, Zimmah is described as son of Jahath (1CH 6:20). Recorded as male; listed with tribe: Levi."
Joah_2,Joah,,son of Zimmah (1CH 6:21),male,Levi,"In this dataset, Joah is described as son of Zimmah (1CH 6:21). Recorded as male; listed with tribe: Levi.",2,1335,"In this dataset, Joah is described as son of Zimmah (1CH 6:21). Recorded as male; listed with tribe: Levi."
Iddo_2,Iddo,,son of Joah (1CH 6:21),male,Levi,"In this dataset, Iddo is described as son of Joah (1CH 6:21). Recorded as male; listed with tribe: Levi.",2,1336,"In this dataset, Iddo is described as son of Joah (1CH 6:21). Recorded as male; listed with tribe: Levi."
Zerah_4,Zerah,,son of Iddo (1CH 6:21),male,Levi,"In this dataset, Zerah is described as son of Iddo (1CH 6:21). Recorded as male; listed with tribe: Levi.",4,1337,"In this dataset, Zerah is described as son of Iddo (1CH 6:21). Recorded as male; listed with tribe: Levi."
Jeatherai_1,Jeatherai,,son of Zerah (1CH 6:21),male,Levi,"In this dataset, Jeatherai is described as son of Zerah (1CH 6:21). Recorded as male; listed with tribe: Levi.",1,1338,"In this dataset, Jeatherai is described as son of Zerah (1CH 6:21). Recorded as male; listed with tribe: Levi."
Elkanah_3,Elkanah,,son of Assir (1CH 6:23),male,Levi,"In this dataset, Elkanah is described as son of Assir (1CH 6:23). Recorded as male; listed with tribe: Levi.",3,1339,"In this dataset, Elkanah is described as son of Assir (1CH 6:23). Recorded as male; listed with tribe: Levi."
Ebiasaph_1,Ebiasaph,,son of Elkanah_3 (1CH 6:23),male,Levi,"In this dataset, Ebiasaph is described as son of Elkanah_3 (1CH 6:23). Recorded as male; listed with tribe: Levi.",1,1340,"In this dataset, Ebiasaph is described as son of Elkanah_3 (1CH 6:23). Recorded as male; listed with tribe: Levi."
Assir_2,Assir,,son of Ebiasaph (1CH 6:23),male,Levi,"In this dataset, Assir is described as son of Ebiasaph (1CH 6:23). Recorded as male; listed with tribe: Levi.",2,1341,"In this dataset, Assir is described as son of Ebiasaph (1CH 6:23). Recorded as male; listed with tribe: Levi."
Tahath_1,Tahath,,son of Assir (1CH 6:24),male,Levi,"In this dataset, Tahath is described as son of Assir (1CH 6:24). Recorded as male; listed with tribe: Levi.",1,1342,"In this dataset, Tahath is described as son of Assir (1CH 6:24). Recorded as male; listed with tribe: Levi."
Uriel_1,Uriel,,"son of Tahath (1CH 6:24), chief of the sons of Kohath (1CH 15:5)",male,Levi,"In this dataset, Uriel is described as son of Tahath (1CH 6:24), chief of the sons of Kohath (1CH 15:5). Recorded as male; listed with tribe: Levi.",1,1343,"In this dataset, Uriel is described as son of Tahath (1CH 6:24), chief of the sons of Kohath (1CH 15:5). Recorded as male; listed with tribe: Levi."
Uzziah_1,Uzziah,,son of Uriel (1CH 6:24),male,Levi,"In this dataset, Uzziah is described as son of Uriel (1CH 6:24). Recorded as male; listed with tribe: Levi.",1,1344,"In this dataset, Uzziah is described as son of Uriel (1CH 6:24). Recorded as male; listed with tribe: Levi."
Shaul_3,Shaul,,son of Uzziah (1CH 6:24),male,Levi,"In this dataset, Shaul is described as son of Uzziah (1CH 6:24). Recorded as male; listed with tribe: Levi.",3,1345,"In this dataset, Shaul is described as son of Uzziah (1CH 6:24). Recorded as male; listed with tribe: Levi."
Elkanah_4,Elkanah,,father of Amasai and Ahimoth (1CH 6:25) and son of Joel (1CH 6:36),male,Levi,"In this dataset, Elkanah is described as father of Amasai and Ahimoth (1CH 6:25) and son of Joel (1CH 6:36). Recorded as male; listed with tribe: Levi.",4,1346,"In this dataset, Elkanah is described as father of Amasai and Ahimoth (1CH 6:25) and son of Joel (1CH 6:36). Recorded as male; listed with tribe: Levi."
Amasai_1,Amasai,,"son of Elkanah_4 (1CH 6:25, 1CH 6:35)",male,Levi,"In this dataset, Amasai is described as son of Elkanah_4 (1CH 6:25, 1CH 6:35). Recorded as male; listed with tribe: Levi.",1,1347,"In this dataset, Amasai is described as son of Elkanah_4 (1CH 6:25, 1CH 6:35). Recorded as male; listed with tribe: Levi."
Ahimoth_1,Ahimoth,,son of Elkanah_4 (1CH 6:25),male,Levi,"In this dataset, Ahimoth is described as son of Elkanah_4 (1CH 6:25). Recorded as male; listed with tribe: Levi.",1,1348,"In this dataset, Ahimoth is described as son of Elkanah_4 (1CH 6:25). Recorded as male; listed with tribe: Levi."
Elkanah_5,Elkanah,,father of Zophai [Zuph_1] (1CH 6:26) and son of Mahath_1 (1CH 6:35),male,Levi,"In this dataset, Elkanah is described as father of Zophai [Zuph_1] (1CH 6:26) and son of Mahath_1 (1CH 6:35). Recorded as male; listed with tribe: Levi.",5,1349,"In this dataset, Elkanah is described as father of Zophai [Zuph_1] (1CH 6:26) and son of Mahath_1 (1CH 6:35). Recorded as male; listed with tribe: Levi."
Libni_2,Libni,,son of Mahli (1CH6:29),male,Levi,"In this dataset, Libni is described as son of Mahli (1CH6:29). Recorded as male; listed with tribe: Levi.",2,1350,"In this dataset, Libni is described as son of Mahli (1CH6:29). Recorded as male; listed with tribe: Levi."
Shimei_7,Shimei,,son of Libni (1CH 6:29),male,Levi,"In this dataset, Shimei is described as son of Libni (1CH 6:29). Recorded as male; listed with tribe: Levi.",7,1351,"In this dataset, Shimei is described as son of Libni (1CH 6:29). Recorded as male; listed with tribe: Levi."
Uzzah_2,Uzzah,,son of Shimei (1CH 6:29),male,Levi,"In this dataset, Uzzah is described as son of Shimei (1CH 6:29). Recorded as male; listed with tribe: Levi.",2,1352,"In this dataset, Uzzah is described as son of Shimei (1CH 6:29). Recorded as male; listed with tribe: Levi."
Shimea_1,Shimea,,son of Uzzah (1CH 6:30),male,Levi,"In this dataset, Shimea is described as son of Uzzah (1CH 6:30). Recorded as male; listed with tribe: Levi.",1,1353,"In this dataset, Shimea is described as son of Uzzah (1CH 6:30). Recorded as male; listed with tribe: Levi."
Haggiah_1,Haggiah,,son of Shimea (1CH 6:30),male,Levi,"In this dataset, Haggiah is described as son of Shimea (1CH 6:30). Recorded as male; listed with tribe: Levi.",1,1354,"In this dataset, Haggiah is described as son of Shimea (1CH 6:30). Recorded as male; listed with tribe: Levi."
Asaiah_3,Asaiah,,"son of Haggiah (1CH 6:30), chief of the sons of Merari (1CH 15:6)",male,Levi,"In this dataset, Asaiah is described as son of Haggiah (1CH 6:30), chief of the sons of Merari (1CH 15:6). Recorded as male; listed with tribe: Levi.",3,1355,"In this dataset, Asaiah is described as son of Haggiah (1CH 6:30), chief of the sons of Merari (1CH 15:6). Recorded as male; listed with tribe: Levi."
Heman_2,Heman,,"the singer, son of Joel_1, decendant of Kohath (1CH 6:33), father of fourteen sons and three daughter (1CH 25:5)",male,Levi,"In this dataset, Heman is described as the singer, son of Joel_1, decendant of Kohath (1CH 6:33), father of fourteen sons and three daughter (1CH 25:5). Recorded as male; listed with tribe: Levi.",2,1356,"In this dataset, Heman is described as the singer, son of Joel_1, decendant of Kohath (1CH 6:33), father of fourteen sons and three daughter (1CH 25:5). Recorded as male; listed with tribe: Levi."
Mahath_1,Mahath,,son of Amasai_1 (1CH 6:35),male,Levi,"In this dataset, Mahath is described as son of Amasai_1 (1CH 6:35). Recorded as male; listed with tribe: Levi.",1,1357,"In this dataset, Mahath is described as son of Amasai_1 (1CH 6:35). Recorded as male; listed with tribe: Levi."
Asaph_2,Asaph,,"son of Berechiah (1CH 6:39), chosen first by lot (1CH 25:9)",male,Levi,"In this dataset, Asaph is described as son of Berechiah (1CH 6:39), chosen first by lot (1CH 25:9). Recorded as male; listed with tribe: Levi.",2,1358,"In this dataset, Asaph is described as son of Berechiah (1CH 6:39), chosen first by lot (1CH 25:9). Recorded as male; listed with tribe: Levi."
Berechiah_2,Berechiah,,son of Shimea (1CH 6:39),male,Levi,"In this dataset, Berechiah is described as son of Shimea (1CH 6:39). Recorded as male; listed with tribe: Levi.",2,1359,"In this dataset, Berechiah is described as son of Shimea (1CH 6:39). Recorded as male; listed with tribe: Levi."
Shimea_2,Shimea,,son of Michael (1CH 6:39),male,Levi,"In this dataset, Shimea is described as son of Michael (1CH 6:39). Recorded as male; listed with tribe: Levi.",2,1360,"In this dataset, Shimea is described as son of Michael (1CH 6:39). Recorded as male; listed with tribe: Levi."
Michael_3,Michael,,son of Baaseiah (1CH 6:40),male,Levi,"In this dataset, Michael is described as son of Baaseiah (1CH 6:40). Recorded as male; listed with tribe: Levi.",3,1361,"In this dataset, Michael is described as son of Baaseiah (1CH 6:40). Recorded as male; listed with tribe: Levi."
Baaseiah_1,Baaseiah,,son of Malchijah (1CH 6:40),male,Levi,"In this dataset, Baaseiah is described as son of Malchijah (1CH 6:40). Recorded as male; listed with tribe: Levi.",1,1362,"In this dataset, Baaseiah is described as son of Malchijah (1CH 6:40). Recorded as male; listed with tribe: Levi."
Malchijah_1,Malchijah,,son of Ethni (1CH 6:40),male,Levi,"In this dataset, Malchijah is described as son of Ethni (1CH 6:40). Recorded as male; listed with tribe: Levi.",1,1363,"In this dataset, Malchijah is described as son of Ethni (1CH 6:40). Recorded as male; listed with tribe: Levi."
Ethni_1,Ethni,,son of Zerah (1CH 6:41),male,Levi,"In this dataset, Ethni is described as son of Zerah (1CH 6:41). Recorded as male; listed with tribe: Levi.",1,1364,"In this dataset, Ethni is described as son of Zerah (1CH 6:41). Recorded as male; listed with tribe: Levi."
Zerah_5,Zerah,,son of Adaiah (1CH 6:41),male,Levi,"In this dataset, Zerah is described as son of Adaiah (1CH 6:41). Recorded as male; listed with tribe: Levi.",5,1365,"In this dataset, Zerah is described as son of Adaiah (1CH 6:41). Recorded as male; listed with tribe: Levi."
Adaiah_2,Adaiah,,son of Ethan (1CH 6:41),male,Levi,"In this dataset, Adaiah is described as son of Ethan (1CH 6:41). Recorded as male; listed with tribe: Levi.",2,1366,"In this dataset, Adaiah is described as son of Ethan (1CH 6:41). Recorded as male; listed with tribe: Levi."
Ethan_2,Ethan,,son of Zimmah (1CH 6:42),male,Levi,"In this dataset, Ethan is described as son of Zimmah (1CH 6:42). Recorded as male; listed with tribe: Levi.",2,1367,"In this dataset, Ethan is described as son of Zimmah (1CH 6:42). Recorded as male; listed with tribe: Levi."
Zimmah_2,Zimmah,,son of Shimei (1CH 6:42),male,Levi,"In this dataset, Zimmah is described as son of Shimei (1CH 6:42). Recorded as male; listed with tribe: Levi.",2,1368,"In this dataset, Zimmah is described as son of Shimei (1CH 6:42). Recorded as male; listed with tribe: Levi."
Shimei_8,Shimei,,son of Jahath (1CH 6:42),male,Levi,"In this dataset, Shimei is described as son of Jahath (1CH 6:42). Recorded as male; listed with tribe: Levi.",8,1369,"In this dataset, Shimei is described as son of Jahath (1CH 6:42). Recorded as male; listed with tribe: Levi."
Jahath_3,Jahath,,son of Gershom (1CH 6:43),male,Levi,"In this dataset, Jahath is described as son of Gershom (1CH 6:43). Recorded as male; listed with tribe: Levi.",3,1370,"In this dataset, Jahath is described as son of Gershom (1CH 6:43). Recorded as male; listed with tribe: Levi."
Ethan_3,Ethan,,son of Kishi (1CH 6:44),male,Levi,"In this dataset, Ethan is described as son of Kishi (1CH 6:44). Recorded as male; listed with tribe: Levi.",3,1371,"In this dataset, Ethan is described as son of Kishi (1CH 6:44). Recorded as male; listed with tribe: Levi."
Kishi_1,Kishi,,son of Abdi (1CH 6:44),male,Levi,"In this dataset, Kishi is described as son of Abdi (1CH 6:44). Recorded as male; listed with tribe: Levi.",1,1372,"In this dataset, Kishi is described as son of Abdi (1CH 6:44). Recorded as male; listed with tribe: Levi."
Abdi_1,Abdi,,son of Malluch (1CH 6:44),male,Levi,"In this dataset, Abdi is described as son of Malluch (1CH 6:44). Recorded as male; listed with tribe: Levi.",1,1373,"In this dataset, Abdi is described as son of Malluch (1CH 6:44). Recorded as male; listed with tribe: Levi."
Malluch_1,Malluch,,son of Hashabiah (1CH 6:44),male,Levi,"In this dataset, Malluch is described as son of Hashabiah (1CH 6:44). Recorded as male; listed with tribe: Levi.",1,1374,"In this dataset, Malluch is described as son of Hashabiah (1CH 6:44). Recorded as male; listed with tribe: Levi."
Hashabiah_1,Hashabiah,,"son of Amaziah (1CH 6:45), Levite during the return (NEH 10:11, NEH 12:24)",male,Levi,"In this dataset, Hashabiah is described as son of Amaziah (1CH 6:45), Levite during the return (NEH 10:11, NEH 12:24). Recorded as male; listed with tribe: Levi.",1,1375,"In this dataset, Hashabiah is described as son of Amaziah (1CH 6:45), Levite during the return (NEH 10:11, NEH 12:24). Recorded as male; listed with tribe: Levi."
Amaziah_3,Amaziah,,son of Hilkiah (1CH 6:45),male,Levi,"In this dataset, Amaziah is described as son of Hilkiah (1CH 6:45). Recorded as male; listed with tribe: Levi.",3,1376,"In this dataset, Amaziah is described as son of Hilkiah (1CH 6:45). Recorded as male; listed with tribe: Levi."
Hilkiah_4,Hilkiah,,son of Amzi (1CH 6:45),male,Levi,"In this dataset, Hilkiah is described as son of Amzi (1CH 6:45). Recorded as male; listed with tribe: Levi.",4,1377,"In this dataset, Hilkiah is described as son of Amzi (1CH 6:45). Recorded as male; listed with tribe: Levi."
Amzi_1,Amzi,,son of Bani (1CH 6:46),male,Levi,"In this dataset, Amzi is described as son of Bani (1CH 6:46). Recorded as male; listed with tribe: Levi.",1,1378,"In this dataset, Amzi is described as son of Bani (1CH 6:46). Recorded as male; listed with tribe: Levi."
Bani_2,Bani,,son of Shemer (1CH 6:46),male,Levi,"In this dataset, Bani is described as son of Shemer (1CH 6:46). Recorded as male; listed with tribe: Levi.",2,1379,"In this dataset, Bani is described as son of Shemer (1CH 6:46). Recorded as male; listed with tribe: Levi."
Shemer_2,Shemer,,son of Mahli (1CH 6:46),male,Levi,"In this dataset, Shemer is described as son of Mahli (1CH 6:46). Recorded as male; listed with tribe: Levi.",2,1380,"In this dataset, Shemer is described as son of Mahli (1CH 6:46). Recorded as male; listed with tribe: Levi."
Mahli_2,Mahli,,son of Mushi (1CH 6:47),male,Levi,"In this dataset, Mahli is described as son of Mushi (1CH 6:47). Recorded as male; listed with tribe: Levi.",2,1381,"In this dataset, Mahli is described as son of Mushi (1CH 6:47). Recorded as male; listed with tribe: Levi."
Uzzi_2,Uzzi,,son of Tola (1CH 7:2),male,Issachar,"In this dataset, Uzzi is described as son of Tola (1CH 7:2). Recorded as male; listed with tribe: Issachar.",2,1382,"In this dataset, Uzzi is described as son of Tola (1CH 7:2). Recorded as male; listed with tribe: Issachar."
Rephaiah_3,Rephaiah,,son of Tola (1CH 7:2),male,Issachar,"In this dataset, Rephaiah is described as son of Tola (1CH 7:2). Recorded as male; listed with tribe: Issachar.",3,1383,"In this dataset, Rephaiah is described as son of Tola (1CH 7:2). Recorded as male; listed with tribe: Issachar."
Jeriel_1,Jeriel,,son of Tola (1CH 7:2),male,Issachar,"In this dataset, Jeriel is described as son of Tola (1CH 7:2). Recorded as male; listed with tribe: Issachar.",1,1384,"In this dataset, Jeriel is described as son of Tola (1CH 7:2). Recorded as male; listed with tribe: Issachar."
Jahmai_1,Jahmai,,son of Tola (1CH 7:2),male,Issachar,"In this dataset, Jahmai is described as son of Tola (1CH 7:2). Recorded as male; listed with tribe: Issachar.",1,1385,"In this dataset, Jahmai is described as son of Tola (1CH 7:2). Recorded as male; listed with tribe: Issachar."
Ibsam_1,Ibsam,,son of Tola (1CH 7:2),male,Issachar,"In this dataset, Ibsam is described as son of Tola (1CH 7:2). Recorded as male; listed with tribe: Issachar.",1,1386,"In this dataset, Ibsam is described as son of Tola (1CH 7:2). Recorded as male; listed with tribe: Issachar."
Samuel_3,Samuel,,son of Tola (1CH 7:2),male,Issachar,"In this dataset, Samuel is described as son of Tola (1CH 7:2). Recorded as male; listed with tribe: Issachar.",3,1387,"In this dataset, Samuel is described as son of Tola (1CH 7:2). Recorded as male; listed with tribe: Issachar."
Izrahiah_1,Izrahiah,,son of Uzzi (1CH 7:3),male,Issachar,"In this dataset, Izrahiah is described as son of Uzzi (1CH 7:3). Recorded as male; listed with tribe: Issachar.",1,1388,"In this dataset, Izrahiah is described as son of Uzzi (1CH 7:3). Recorded as male; listed with tribe: Issachar."
Michael_4,Michael,,son of Izrahiah (1CH 7:3),male,Issachar,"In this dataset, Michael is described as son of Izrahiah (1CH 7:3). Recorded as male; listed with tribe: Issachar.",4,1389,"In this dataset, Michael is described as son of Izrahiah (1CH 7:3). Recorded as male; listed with tribe: Issachar."
Obadiah_3,Obadiah,,son of Izrahiah (1CH 7:3),male,Issachar,"In this dataset, Obadiah is described as son of Izrahiah (1CH 7:3). Recorded as male; listed with tribe: Issachar.",3,1390,"In this dataset, Obadiah is described as son of Izrahiah (1CH 7:3). Recorded as male; listed with tribe: Issachar."
Joel_5,Joel,,son of Izrahiah (1CH 7:3),male,Issachar,"In this dataset, Joel is described as son of Izrahiah (1CH 7:3). Recorded as male; listed with tribe: Issachar.",5,1391,"In this dataset, Joel is described as son of Izrahiah (1CH 7:3). Recorded as male; listed with tribe: Issachar."
Isshiah_1,Isshiah,,son of Izrahiah (1CH 7:3),male,Issachar,"In this dataset, Isshiah is described as son of Izrahiah (1CH 7:3). Recorded as male; listed with tribe: Issachar.",1,1392,"In this dataset, Isshiah is described as son of Izrahiah (1CH 7:3). Recorded as male; listed with tribe: Issachar."
Ezbon_2,Ezbon,,son of Bela (1CH 7:7),male,Benjamin,"In this dataset, Ezbon is described as son of Bela (1CH 7:7). Recorded as male; listed with tribe: Benjamin.",2,1393,"In this dataset, Ezbon is described as son of Bela (1CH 7:7). Recorded as male; listed with tribe: Benjamin."
Uzzi_3,Uzzi,,son of Bela (1CH 7:7),male,Benjamin,"In this dataset, Uzzi is described as son of Bela (1CH 7:7). Recorded as male; listed with tribe: Benjamin.",3,1394,"In this dataset, Uzzi is described as son of Bela (1CH 7:7). Recorded as male; listed with tribe: Benjamin."
Uzziel_3,Uzziel,,son of Bela (1CH 7:7),male,Benjamin,"In this dataset, Uzziel is described as son of Bela (1CH 7:7). Recorded as male; listed with tribe: Benjamin.",3,1395,"In this dataset, Uzziel is described as son of Bela (1CH 7:7). Recorded as male; listed with tribe: Benjamin."
Jerimoth_1,Jerimoth,,son of Bela (1CH 7:7),male,Benjamin,"In this dataset, Jerimoth is described as son of Bela (1CH 7:7). Recorded as male; listed with tribe: Benjamin.",1,1396,"In this dataset, Jerimoth is described as son of Bela (1CH 7:7). Recorded as male; listed with tribe: Benjamin."
Iri_1,Iri,,son of Bela (1CH 7:7),male,Benjamin,"In this dataset, Iri is described as son of Bela (1CH 7:7). Recorded as male; listed with tribe: Benjamin.",1,1397,"In this dataset, Iri is described as son of Bela (1CH 7:7). Recorded as male; listed with tribe: Benjamin."
Zemirah_1,Zemirah,,son of Becher (1CH 7:8),male,Benjamin,"In this dataset, Zemirah is described as son of Becher (1CH 7:8). Recorded as male; listed with tribe: Benjamin.",1,1398,"In this dataset, Zemirah is described as son of Becher (1CH 7:8). Recorded as male; listed with tribe: Benjamin."
Joash_6,Joash,,son of Becher (1CH 7:8),male,Benjamin,"In this dataset, Joash is described as son of Becher (1CH 7:8). Recorded as male; listed with tribe: Benjamin.",6,1399,"In this dataset, Joash is described as son of Becher (1CH 7:8). Recorded as male; listed with tribe: Benjamin."
Eliezer_3,Eliezer,,son of Becher (1CH 7:8),male,Benjamin,"In this dataset, Eliezer is described as son of Becher (1CH 7:8). Recorded as male; listed with tribe: Benjamin.",3,1400,"In this dataset, Eliezer is described as son of Becher (1CH 7:8). Recorded as male; listed with tribe: Benjamin."
Elioenai_3,Elioenai,,son of Becher (1CH 7:8),male,Benjamin,"In this dataset, Elioenai is described as son of Becher (1CH 7:8). Recorded as male; listed with tribe: Benjamin.",3,1401,"In this dataset, Elioenai is described as son of Becher (1CH 7:8). Recorded as male; listed with tribe: Benjamin."
Omri_2,Omri,,son of Becher (1CH 7:8),male,Benjamin,"In this dataset, Omri is described as son of Becher (1CH 7:8). Recorded as male; listed with tribe: Benjamin.",2,1402,"In this dataset, Omri is described as son of Becher (1CH 7:8). Recorded as male; listed with tribe: Benjamin."
Jeremoth_1,Jeremoth,,son of Becher (1CH 7:8),male,Benjamin,"In this dataset, Jeremoth is described as son of Becher (1CH 7:8). Recorded as male; listed with tribe: Benjamin.",1,1403,"In this dataset, Jeremoth is described as son of Becher (1CH 7:8). Recorded as male; listed with tribe: Benjamin."
Abijah_4,Abijah,,son of Becher (1CH 7:8),male,Benjamin,"In this dataset, Abijah is described as son of Becher (1CH 7:8). Recorded as male; listed with tribe: Benjamin.",4,1404,"In this dataset, Abijah is described as son of Becher (1CH 7:8). Recorded as male; listed with tribe: Benjamin."
Anathoth_1,Anathoth,,son of Becher (1CH 7:8),male,Benjamin,"In this dataset, Anathoth is described as son of Becher (1CH 7:8). Recorded as male; listed with tribe: Benjamin.",1,1405,"In this dataset, Anathoth is described as son of Becher (1CH 7:8). Recorded as male; listed with tribe: Benjamin."
Alemeth_1,Alemeth,,son of Becher (1CH 7:8),male,Benjamin,"In this dataset, Alemeth is described as son of Becher (1CH 7:8). Recorded as male; listed with tribe: Benjamin.",1,1406,"In this dataset, Alemeth is described as son of Becher (1CH 7:8). Recorded as male; listed with tribe: Benjamin."
Bilhan_2,Bilhan,,son of Jediael (also called Ashbel) (1CH 7:10),male,Benjamin,"In this dataset, Bilhan is described as son of Jediael (also called Ashbel) (1CH 7:10). Recorded as male; listed with tribe: Benjamin.",2,1407,"In this dataset, Bilhan is described as son of Jediael (also called Ashbel) (1CH 7:10). Recorded as male; listed with tribe: Benjamin."
Jeush_2,Jeush,,son of Bilhan (1CH 7:10),male,Benjamin,"In this dataset, Jeush is described as son of Bilhan (1CH 7:10). Recorded as male; listed with tribe: Benjamin.",2,1408,"In this dataset, Jeush is described as son of Bilhan (1CH 7:10). Recorded as male; listed with tribe: Benjamin."
Benjamin_2,Benjamin,,son of Bilhan (1CH 7:10),male,Benjamin,"In this dataset, Benjamin is described as son of Bilhan (1CH 7:10). Recorded as male; listed with tribe: Benjamin.",2,1409,"In this dataset, Benjamin is described as son of Bilhan (1CH 7:10). Recorded as male; listed with tribe: Benjamin."
Ehud_2,Ehud,,son of Bilhan (1CH 7:10),male,Benjamin,"In this dataset, Ehud is described as son of Bilhan (1CH 7:10). Recorded as male; listed with tribe: Benjamin.",2,1410,"In this dataset, Ehud is described as son of Bilhan (1CH 7:10). Recorded as male; listed with tribe: Benjamin."
Chenaanah_2,Chenaanah,,son of Bilhan (1CH 7:10),male,Benjamin,"In this dataset, Chenaanah is described as son of Bilhan (1CH 7:10). Recorded as male; listed with tribe: Benjamin.",2,1411,"In this dataset, Chenaanah is described as son of Bilhan (1CH 7:10). Recorded as male; listed with tribe: Benjamin."
Zethan_1,Zethan,,son of Bilhan (1CH 7:10),male,Benjamin,"In this dataset, Zethan is described as son of Bilhan (1CH 7:10). Recorded as male; listed with tribe: Benjamin.",1,1412,"In this dataset, Zethan is described as son of Bilhan (1CH 7:10). Recorded as male; listed with tribe: Benjamin."
Tarshish_2,Tarshish,,son of Bilhan (1CH 7:10),male,Benjamin,"In this dataset, Tarshish is described as son of Bilhan (1CH 7:10). Recorded as male; listed with tribe: Benjamin.",2,1413,"In this dataset, Tarshish is described as son of Bilhan (1CH 7:10). Recorded as male; listed with tribe: Benjamin."
Ahishahar_1,Ahishahar,,son of Bilhan (1CH 7:10),male,Benjamin,"In this dataset, Ahishahar is described as son of Bilhan (1CH 7:10). Recorded as male; listed with tribe: Benjamin.",1,1414,"In this dataset, Ahishahar is described as son of Bilhan (1CH 7:10). Recorded as male; listed with tribe: Benjamin."
Hushim_2,Hushim,,son of Aher (1CH 7:12),male,Benjamin,"In this dataset, Hushim is described as son of Aher (1CH 7:12). Recorded as male; listed with tribe: Benjamin.",2,1415,"In this dataset, Hushim is described as son of Aher (1CH 7:12). Recorded as male; listed with tribe: Benjamin."
Asriel_2,Asriel,,son of Manasseh (1CH 7:14),male,Manasseh,"In this dataset, Asriel is described as son of Manasseh (1CH 7:14). Recorded as male; listed with tribe: Manasseh.",2,1416,"In this dataset, Asriel is described as son of Manasseh (1CH 7:14). Recorded as male; listed with tribe: Manasseh."
Maacah_5,Maacah,,wife of Machir and sister of Huppim and Shuppim (1CH 7:15),female,Benjamin,"In this dataset, Maacah is described as wife of Machir and sister of Huppim and Shuppim (1CH 7:15). Recorded as female; listed with tribe: Benjamin.",5,1417,"In this dataset, Maacah is described as wife of Machir and sister of Huppim and Shuppim (1CH 7:15). Recorded as female; listed with tribe: Benjamin."
Zelophehad_2,Zelophehad,,second wife of Machir [or second sister of the wife?] (1CH 7:15),female,,"In this dataset, Zelophehad is described as second wife of Machir [or second sister of the wife?] (1CH 7:15). Recorded as female.",2,1418,"In this dataset, Zelophehad is described as second wife of Machir [or second sister of the wife?] (1CH 7:15). Recorded as female."
Peresh_1,Peresh,,son of Machir and Maacah (1CH 7:16),male,Manasseh,"In this dataset, Peresh is described as son of Machir and Maacah (1CH 7:16). Recorded as male; listed with tribe: Manasseh.",1,1419,"In this dataset, Peresh is described as son of Machir and Maacah (1CH 7:16). Recorded as male; listed with tribe: Manasseh."
Sheresh_1,Sheresh,,son of Machir and Maacah (1CH 7:16),male,Manasseh,"In this dataset, Sheresh is described as son of Machir and Maacah (1CH 7:16). Recorded as male; listed with tribe: Manasseh.",1,1420,"In this dataset, Sheresh is described as son of Machir and Maacah (1CH 7:16). Recorded as male; listed with tribe: Manasseh."
Ulam_1,Ulam,,son of Peresh (1CH 7:16),male,Manasseh,"In this dataset, Ulam is described as son of Peresh (1CH 7:16). Recorded as male; listed with tribe: Manasseh.",1,1421,"In this dataset, Ulam is described as son of Peresh (1CH 7:16). Recorded as male; listed with tribe: Manasseh."
Rakem_1,Rakem,,son of Peresh (1CH 7:16),male,Manasseh,"In this dataset, Rakem is described as son of Peresh (1CH 7:16). Recorded as male; listed with tribe: Manasseh.",1,1422,"In this dataset, Rakem is described as son of Peresh (1CH 7:16). Recorded as male; listed with tribe: Manasseh."
Bedan_1,Bedan,,son of Ulam (1CH 7:17),male,Manasseh,"In this dataset, Bedan is described as son of Ulam (1CH 7:17). Recorded as male; listed with tribe: Manasseh.",1,1423,"In this dataset, Bedan is described as son of Ulam (1CH 7:17). Recorded as male; listed with tribe: Manasseh."
Hammolecheth_1,Hammolecheth,,sister of Gilead and daughter of Machir (1CH 7:18),female,Manasseh,"In this dataset, Hammolecheth is described as sister of Gilead and daughter of Machir (1CH 7:18). Recorded as female; listed with tribe: Manasseh.",1,1424,"In this dataset, Hammolecheth is described as sister of Gilead and daughter of Machir (1CH 7:18). Recorded as female; listed with tribe: Manasseh."
Ishhod_1,Ishhod,,son of Hammolecheth (1CH 7:18),male,Manasseh,"In this dataset, Ishhod is described as son of Hammolecheth (1CH 7:18). Recorded as male; listed with tribe: Manasseh.",1,1425,"In this dataset, Ishhod is described as son of Hammolecheth (1CH 7:18). Recorded as male; listed with tribe: Manasseh."
Abiezer_2,Abiezer,,son of Hammolecheth (1CH 7:18),male,Manasseh,"In this dataset, Abiezer is described as son of Hammolecheth (1CH 7:18). Recorded as male; listed with tribe: Manasseh.",2,1426,"In this dataset, Abiezer is described as son of Hammolecheth (1CH 7:18). Recorded as male; listed with tribe: Manasseh."
Mahlah_2,Mahlah,,daughter of Hammolecheth (1CH 7:18),female,Manasseh,"In this dataset, Mahlah is described as daughter of Hammolecheth (1CH 7:18). Recorded as female; listed with tribe: Manasseh.",2,1427,"In this dataset, Mahlah is described as daughter of Hammolecheth (1CH 7:18). Recorded as female; listed with tribe: Manasseh."
Ahian_1,Ahian,,son of Shemida (1CH 7:19),male,Manasseh,"In this dataset, Ahian is described as son of Shemida (1CH 7:19). Recorded as male; listed with tribe: Manasseh.",1,1428,"In this dataset, Ahian is described as son of Shemida (1CH 7:19). Recorded as male; listed with tribe: Manasseh."
Shechem_3,Shechem,,son of Shemida (1CH 7:19),male,Manasseh,"In this dataset, Shechem is described as son of Shemida (1CH 7:19). Recorded as male; listed with tribe: Manasseh.",3,1429,"In this dataset, Shechem is described as son of Shemida (1CH 7:19). Recorded as male; listed with tribe: Manasseh."
Lihki_1,Lihki,,son of Shemida (1CH 7:19),male,Manasseh,"In this dataset, Lihki is described as son of Shemida (1CH 7:19). Recorded as male; listed with tribe: Manasseh.",1,1430,"In this dataset, Lihki is described as son of Shemida (1CH 7:19). Recorded as male; listed with tribe: Manasseh."
Aniam_1,Aniam,,son of Shemida (1CH 7:19),male,Manasseh,"In this dataset, Aniam is described as son of Shemida (1CH 7:19). Recorded as male; listed with tribe: Manasseh.",1,1431,"In this dataset, Aniam is described as son of Shemida (1CH 7:19). Recorded as male; listed with tribe: Manasseh."
Tahath_2,Tahath,,son of Ephraim (1CH 7:20),male,Ephraim,"In this dataset, Tahath is described as son of Ephraim (1CH 7:20). Recorded as male; listed with tribe: Ephraim.",2,1432,"In this dataset, Tahath is described as son of Ephraim (1CH 7:20). Recorded as male; listed with tribe: Ephraim."
Eleadah_1,Eleadah,,son of Tahath (1CH 7:20),male,Ephraim,"In this dataset, Eleadah is described as son of Tahath (1CH 7:20). Recorded as male; listed with tribe: Ephraim.",1,1433,"In this dataset, Eleadah is described as son of Tahath (1CH 7:20). Recorded as male; listed with tribe: Ephraim."
Tahath_3,Tahath,,son of Eleadah (1CH 7:20),male,Ephraim,"In this dataset, Tahath is described as son of Eleadah (1CH 7:20). Recorded as male; listed with tribe: Ephraim.",3,1434,"In this dataset, Tahath is described as son of Eleadah (1CH 7:20). Recorded as male; listed with tribe: Ephraim."
Zabad_2,Zabad,,son of Ephraim (1CH 7:21),male,Ephraim,"In this dataset, Zabad is described as son of Ephraim (1CH 7:21). Recorded as male; listed with tribe: Ephraim.",2,1435,"In this dataset, Zabad is described as son of Ephraim (1CH 7:21). Recorded as male; listed with tribe: Ephraim."
Shuthelah_2,Shuthelah,,son of Zabad (1CH 7:21),male,Ephraim,"In this dataset, Shuthelah is described as son of Zabad (1CH 7:21). Recorded as male; listed with tribe: Ephraim.",2,1436,"In this dataset, Shuthelah is described as son of Zabad (1CH 7:21). Recorded as male; listed with tribe: Ephraim."
Ezer_3,Ezer,,grandson of Ephraim (1CH 7:21),male,Ephraim,"In this dataset, Ezer is described as grandson of Ephraim (1CH 7:21). Recorded as male; listed with tribe: Ephraim.",3,1437,"In this dataset, Ezer is described as grandson of Ephraim (1CH 7:21). Recorded as male; listed with tribe: Ephraim."
Elead_1,Elead,,grandson of Ephraim (1CH 7:21),male,Ephraim,"In this dataset, Elead is described as grandson of Ephraim (1CH 7:21). Recorded as male; listed with tribe: Ephraim.",1,1438,"In this dataset, Elead is described as grandson of Ephraim (1CH 7:21). Recorded as male; listed with tribe: Ephraim."
Beriah_2,Beriah,,son of Ephraim (1CH 7:23),male,Ephraim,"In this dataset, Beriah is described as son of Ephraim (1CH 7:23). Recorded as male; listed with tribe: Ephraim.",2,1439,"In this dataset, Beriah is described as son of Ephraim (1CH 7:23). Recorded as male; listed with tribe: Ephraim."
Sheerah_1,Sheerah,,daughter of Ephraim (1CH 7:24),female,Ephraim,"In this dataset, Sheerah is described as daughter of Ephraim (1CH 7:24). Recorded as female; listed with tribe: Ephraim.",1,1440,"In this dataset, Sheerah is described as daughter of Ephraim (1CH 7:24). Recorded as female; listed with tribe: Ephraim."
Rephah_1,Rephah,,son of Ephraim (1CH 7:25),male,Ephraim,"In this dataset, Rephah is described as son of Ephraim (1CH 7:25). Recorded as male; listed with tribe: Ephraim.",1,1441,"In this dataset, Rephah is described as son of Ephraim (1CH 7:25). Recorded as male; listed with tribe: Ephraim."
Resheph_1,Resheph,,son of Ephraim (1CH 7:25),male,Ephraim,"In this dataset, Resheph is described as son of Ephraim (1CH 7:25). Recorded as male; listed with tribe: Ephraim.",1,1442,"In this dataset, Resheph is described as son of Ephraim (1CH 7:25). Recorded as male; listed with tribe: Ephraim."
Telah_1,Telah,,son of Ephraim (1CH 7:25),male,Ephraim,"In this dataset, Telah is described as son of Ephraim (1CH 7:25). Recorded as male; listed with tribe: Ephraim.",1,1443,"In this dataset, Telah is described as son of Ephraim (1CH 7:25). Recorded as male; listed with tribe: Ephraim."
Ladan_1,Ladan,,son of Ephraim (1CH 7:26),male,Ephraim,"In this dataset, Ladan is described as son of Ephraim (1CH 7:26). Recorded as male; listed with tribe: Ephraim.",1,1444,"In this dataset, Ladan is described as son of Ephraim (1CH 7:26). Recorded as male; listed with tribe: Ephraim."
Birzaith_1,Birzaith,,son of Malchiel (1CH 7:31),male,Asher,"In this dataset, Birzaith is described as son of Malchiel (1CH 7:31). Recorded as male; listed with tribe: Asher.",1,1445,"In this dataset, Birzaith is described as son of Malchiel (1CH 7:31). Recorded as male; listed with tribe: Asher."
Japhlet_1,Japhlet,,son of Heber (1CH 7:32),male,Asher,"In this dataset, Japhlet is described as son of Heber (1CH 7:32). Recorded as male; listed with tribe: Asher.",1,1446,"In this dataset, Japhlet is described as son of Heber (1CH 7:32). Recorded as male; listed with tribe: Asher."
Shomer_2,Shomer,,son of Heber (1CH 7:32),male,Asher,"In this dataset, Shomer is described as son of Heber (1CH 7:32). Recorded as male; listed with tribe: Asher.",2,1447,"In this dataset, Shomer is described as son of Heber (1CH 7:32). Recorded as male; listed with tribe: Asher."
Hotham_1,Hotham,,son of Heber (1CH 7:32),male,Asher,"In this dataset, Hotham is described as son of Heber (1CH 7:32). Recorded as male; listed with tribe: Asher.",1,1448,"In this dataset, Hotham is described as son of Heber (1CH 7:32). Recorded as male; listed with tribe: Asher."
Shua_2,Shua,,daughter of Heber (1CH 7:32),female,Asher,"In this dataset, Shua is described as daughter of Heber (1CH 7:32). Recorded as female; listed with tribe: Asher.",2,1449,"In this dataset, Shua is described as daughter of Heber (1CH 7:32). Recorded as female; listed with tribe: Asher."
Pasach_1,Pasach,,son of Japhlet (1CH 7:33),male,Asher,"In this dataset, Pasach is described as son of Japhlet (1CH 7:33). Recorded as male; listed with tribe: Asher.",1,1450,"In this dataset, Pasach is described as son of Japhlet (1CH 7:33). Recorded as male; listed with tribe: Asher."
Bimhal_1,Bimhal,,son of Japhlet (1CH 7:33),male,Asher,"In this dataset, Bimhal is described as son of Japhlet (1CH 7:33). Recorded as male; listed with tribe: Asher.",1,1451,"In this dataset, Bimhal is described as son of Japhlet (1CH 7:33). Recorded as male; listed with tribe: Asher."
Ashvath_1,Ashvath,,son of Japhlet (1CH 7:33),male,Asher,"In this dataset, Ashvath is described as son of Japhlet (1CH 7:33). Recorded as male; listed with tribe: Asher.",1,1452,"In this dataset, Ashvath is described as son of Japhlet (1CH 7:33). Recorded as male; listed with tribe: Asher."
Ahi_2,Ahi,,son of Shomer (1CH 7:34),male,Asher,"In this dataset, Ahi is described as son of Shomer (1CH 7:34). Recorded as male; listed with tribe: Asher.",2,1453,"In this dataset, Ahi is described as son of Shomer (1CH 7:34). Recorded as male; listed with tribe: Asher."
Rohgah_1,Rohgah,,son of Shomer (1CH 7:34),male,Asher,"In this dataset, Rohgah is described as son of Shomer (1CH 7:34). Recorded as male; listed with tribe: Asher.",1,1454,"In this dataset, Rohgah is described as son of Shomer (1CH 7:34). Recorded as male; listed with tribe: Asher."
Jehubbah_1,Jehubbah,,son of Shomer (1CH 7:34),male,Asher,"In this dataset, Jehubbah is described as son of Shomer (1CH 7:34). Recorded as male; listed with tribe: Asher.",1,1455,"In this dataset, Jehubbah is described as son of Shomer (1CH 7:34). Recorded as male; listed with tribe: Asher."
Aram_3,Aram,,son of Shomer (1CH 7:34),male,Asher,"In this dataset, Aram is described as son of Shomer (1CH 7:34). Recorded as male; listed with tribe: Asher.",3,1456,"In this dataset, Aram is described as son of Shomer (1CH 7:34). Recorded as male; listed with tribe: Asher."
Zophah_1,Zophah,,son of Hotham (1CH 7:35),male,Asher,"In this dataset, Zophah is described as son of Hotham (1CH 7:35). Recorded as male; listed with tribe: Asher.",1,1457,"In this dataset, Zophah is described as son of Hotham (1CH 7:35). Recorded as male; listed with tribe: Asher."
Imna_1,Imna,,son of Hotham (1CH 7:35),male,Asher,"In this dataset, Imna is described as son of Hotham (1CH 7:35). Recorded as male; listed with tribe: Asher.",1,1458,"In this dataset, Imna is described as son of Hotham (1CH 7:35). Recorded as male; listed with tribe: Asher."
Shelesh_1,Shelesh,,son of Hotham (1CH 7:35),male,Asher,"In this dataset, Shelesh is described as son of Hotham (1CH 7:35). Recorded as male; listed with tribe: Asher.",1,1459,"In this dataset, Shelesh is described as son of Hotham (1CH 7:35). Recorded as male; listed with tribe: Asher."
Amal_1,Amal,,son of Hotham (1CH 7:35),male,Asher,"In this dataset, Amal is described as son of Hotham (1CH 7:35). Recorded as male; listed with tribe: Asher.",1,1460,"In this dataset, Amal is described as son of Hotham (1CH 7:35). Recorded as male; listed with tribe: Asher."
Suah_1,Suah,,son of Zophah (1CH 7:36),male,Asher,"In this dataset, Suah is described as son of Zophah (1CH 7:36). Recorded as male; listed with tribe: Asher.",1,1461,"In this dataset, Suah is described as son of Zophah (1CH 7:36). Recorded as male; listed with tribe: Asher."
Harnepher_1,Harnepher,,son of Zophah (1CH 7:36),male,Asher,"In this dataset, Harnepher is described as son of Zophah (1CH 7:36). Recorded as male; listed with tribe: Asher.",1,1462,"In this dataset, Harnepher is described as son of Zophah (1CH 7:36). Recorded as male; listed with tribe: Asher."
Shual_1,Shual,,son of Zophah (1CH 7:36),male,Asher,"In this dataset, Shual is described as son of Zophah (1CH 7:36). Recorded as male; listed with tribe: Asher.",1,1463,"In this dataset, Shual is described as son of Zophah (1CH 7:36). Recorded as male; listed with tribe: Asher."
Beri_1,Beri,,son of Zophah (1CH 7:36),male,Asher,"In this dataset, Beri is described as son of Zophah (1CH 7:36). Recorded as male; listed with tribe: Asher.",1,1464,"In this dataset, Beri is described as son of Zophah (1CH 7:36). Recorded as male; listed with tribe: Asher."
Imrah_1,Imrah,,son of Zophah (1CH 7:36),male,Asher,"In this dataset, Imrah is described as son of Zophah (1CH 7:36). Recorded as male; listed with tribe: Asher.",1,1465,"In this dataset, Imrah is described as son of Zophah (1CH 7:36). Recorded as male; listed with tribe: Asher."
Bezer_1,Bezer,,son of Zophah (1CH 7:37),male,Asher,"In this dataset, Bezer is described as son of Zophah (1CH 7:37). Recorded as male; listed with tribe: Asher.",1,1466,"In this dataset, Bezer is described as son of Zophah (1CH 7:37). Recorded as male; listed with tribe: Asher."
Hodaviah_3,Hodaviah,,son of Zophah (1CH 7:37),male,Asher,"In this dataset, Hodaviah is described as son of Zophah (1CH 7:37). Recorded as male; listed with tribe: Asher.",3,1467,"In this dataset, Hodaviah is described as son of Zophah (1CH 7:37). Recorded as male; listed with tribe: Asher."
Shamma_1,Shamma,,son of Zophah (1CH 7:37),male,Asher,"In this dataset, Shamma is described as son of Zophah (1CH 7:37). Recorded as male; listed with tribe: Asher.",1,1468,"In this dataset, Shamma is described as son of Zophah (1CH 7:37). Recorded as male; listed with tribe: Asher."
Shilshah_1,Shilshah,,son of Zophah (1CH 7:37),male,Asher,"In this dataset, Shilshah is described as son of Zophah (1CH 7:37). Recorded as male; listed with tribe: Asher.",1,1469,"In this dataset, Shilshah is described as son of Zophah (1CH 7:37). Recorded as male; listed with tribe: Asher."
Ithran_2,Ithran,,son of Zophah (1CH 7:37),male,Asher,"In this dataset, Ithran is described as son of Zophah (1CH 7:37). Recorded as male; listed with tribe: Asher.",2,1470,"In this dataset, Ithran is described as son of Zophah (1CH 7:37). Recorded as male; listed with tribe: Asher."
Beera_1,Beera,,son of Zophah (1CH 7:37),male,Asher,"In this dataset, Beera is described as son of Zophah (1CH 7:37). Recorded as male; listed with tribe: Asher.",1,1471,"In this dataset, Beera is described as son of Zophah (1CH 7:37). Recorded as male; listed with tribe: Asher."
Jephunneh_2,Jephunneh,,son of Jether [Ithran] (1CH 7:38),male,Asher,"In this dataset, Jephunneh is described as son of Jether [Ithran] (1CH 7:38). Recorded as male; listed with tribe: Asher.",2,1472,"In this dataset, Jephunneh is described as son of Jether [Ithran] (1CH 7:38). Recorded as male; listed with tribe: Asher."
Pispa_1,Pispa,,son of Jether [Ithran] (1CH 7:38),male,Asher,"In this dataset, Pispa is described as son of Jether [Ithran] (1CH 7:38). Recorded as male; listed with tribe: Asher.",1,1473,"In this dataset, Pispa is described as son of Jether [Ithran] (1CH 7:38). Recorded as male; listed with tribe: Asher."
Ara_1,Ara,,son of Jether [Ithran] (1CH 7:38),male,Asher,"In this dataset, Ara is described as son of Jether [Ithran] (1CH 7:38). Recorded as male; listed with tribe: Asher.",1,1474,"In this dataset, Ara is described as son of Jether [Ithran] (1CH 7:38). Recorded as male; listed with tribe: Asher."
Arah_1,Arah,,son of Ulla [Jephunneh] (1CH 7:39),male,Asher,"In this dataset, Arah is described as son of Ulla [Jephunneh] (1CH 7:39). Recorded as male; listed with tribe: Asher.",1,1475,"In this dataset, Arah is described as son of Ulla [Jephunneh] (1CH 7:39). Recorded as male; listed with tribe: Asher."
Hanniel_2,Hanniel,,son of Ulla [Jephunneh] (1CH 7:39),male,Asher,"In this dataset, Hanniel is described as son of Ulla [Jephunneh] (1CH 7:39). Recorded as male; listed with tribe: Asher.",2,1476,"In this dataset, Hanniel is described as son of Ulla [Jephunneh] (1CH 7:39). Recorded as male; listed with tribe: Asher."
Rizia_1,Rizia,,son of Ulla [Jephunneh] (1CH 7:39),male,Asher,"In this dataset, Rizia is described as son of Ulla [Jephunneh] (1CH 7:39). Recorded as male; listed with tribe: Asher.",1,1477,"In this dataset, Rizia is described as son of Ulla [Jephunneh] (1CH 7:39). Recorded as male; listed with tribe: Asher."
Nohah_1,Nohah,,son of Benjamin (1CH 8:2),male,Benjamin,"In this dataset, Nohah is described as son of Benjamin (1CH 8:2). Recorded as male; listed with tribe: Benjamin.",1,1478,"In this dataset, Nohah is described as son of Benjamin (1CH 8:2). Recorded as male; listed with tribe: Benjamin."
Abihud_1,Abihud,,son of Bela (1CH 8:3),male,Benjamin,"In this dataset, Abihud is described as son of Bela (1CH 8:3). Recorded as male; listed with tribe: Benjamin.",1,1479,"In this dataset, Abihud is described as son of Bela (1CH 8:3). Recorded as male; listed with tribe: Benjamin."
Abishua_2,Abishua,,son of Bela (1CH 8:4),male,Benjamin,"In this dataset, Abishua is described as son of Bela (1CH 8:4). Recorded as male; listed with tribe: Benjamin.",2,1480,"In this dataset, Abishua is described as son of Bela (1CH 8:4). Recorded as male; listed with tribe: Benjamin."
Ahoah_1,Ahoah,,son of Bela (1CH 8:4),male,Benjamin,"In this dataset, Ahoah is described as son of Bela (1CH 8:4). Recorded as male; listed with tribe: Benjamin.",1,1481,"In this dataset, Ahoah is described as son of Bela (1CH 8:4). Recorded as male; listed with tribe: Benjamin."
Naaman_3,Naaman,,son of Ehud (1CH 8:6),male,Benjamin,"In this dataset, Naaman is described as son of Ehud (1CH 8:6). Recorded as male; listed with tribe: Benjamin.",3,1482,"In this dataset, Naaman is described as son of Ehud (1CH 8:6). Recorded as male; listed with tribe: Benjamin."
Ahijah_5,Ahijah,,son of Ehud (1CH 8:6),male,Benjamin,"In this dataset, Ahijah is described as son of Ehud (1CH 8:6). Recorded as male; listed with tribe: Benjamin.",5,1483,"In this dataset, Ahijah is described as son of Ehud (1CH 8:6). Recorded as male; listed with tribe: Benjamin."
Gera_4,Gera,,"son of Ehud (1CH 8:6), ""carried them into exile""",male,Benjamin,"In this dataset, Gera is described as son of Ehud (1CH 8:6), ""carried them into exile"". Recorded as male; listed with tribe: Benjamin.",4,1484,"In this dataset, Gera is described as son of Ehud (1CH 8:6), ""carried them into exile"". Recorded as male; listed with tribe: Benjamin."
Uzzah_3,Uzzah,,son of Gera (1CH 8:7),male,Benjamin,"In this dataset, Uzzah is described as son of Gera (1CH 8:7). Recorded as male; listed with tribe: Benjamin.",3,1485,"In this dataset, Uzzah is described as son of Gera (1CH 8:7). Recorded as male; listed with tribe: Benjamin."
Ahihud_2,Ahihud,,son of Gera (1CH 8:7),male,Benjamin,"In this dataset, Ahihud is described as son of Gera (1CH 8:7). Recorded as male; listed with tribe: Benjamin.",2,1486,"In this dataset, Ahihud is described as son of Gera (1CH 8:7). Recorded as male; listed with tribe: Benjamin."
Shaharaim_1,Shaharaim,,(son of Gera ?) (1CH 8:8),male,Benjamin,"In this dataset, Shaharaim is described as (son of Gera ?) (1CH 8:8). Recorded as male; listed with tribe: Benjamin.",1,1487,"In this dataset, Shaharaim is described as (son of Gera ?) (1CH 8:8). Recorded as male; listed with tribe: Benjamin."
Hushim_3,Hushim,,wife of Shaharaim (1CH 8:8),female,Benjamin,"In this dataset, Hushim is described as wife of Shaharaim (1CH 8:8). Recorded as female; listed with tribe: Benjamin.",3,1488,"In this dataset, Hushim is described as wife of Shaharaim (1CH 8:8). Recorded as female; listed with tribe: Benjamin."
Baara_1,Baara,,wife of Shaharaim (1CH 8:8),female,Benjamin,"In this dataset, Baara is described as wife of Shaharaim (1CH 8:8). Recorded as female; listed with tribe: Benjamin.",1,1489,"In this dataset, Baara is described as wife of Shaharaim (1CH 8:8). Recorded as female; listed with tribe: Benjamin."
Hodesh_1,Hodesh,,wife of Shaharaim (1CH 8:9),female,Benjamin,"In this dataset, Hodesh is described as wife of Shaharaim (1CH 8:9). Recorded as female; listed with tribe: Benjamin.",1,1490,"In this dataset, Hodesh is described as wife of Shaharaim (1CH 8:9). Recorded as female; listed with tribe: Benjamin."
Jobab_4,Jobab,,son of Shaharaim (1CH 8:9),male,Benjamin,"In this dataset, Jobab is described as son of Shaharaim (1CH 8:9). Recorded as male; listed with tribe: Benjamin.",4,1491,"In this dataset, Jobab is described as son of Shaharaim (1CH 8:9). Recorded as male; listed with tribe: Benjamin."
Zibia_1,Zibia,,son of Shaharaim (1CH 8:9),male,Benjamin,"In this dataset, Zibia is described as son of Shaharaim (1CH 8:9). Recorded as male; listed with tribe: Benjamin.",1,1492,"In this dataset, Zibia is described as son of Shaharaim (1CH 8:9). Recorded as male; listed with tribe: Benjamin."
Mesha_3,Mesha,,son of Shaharaim (1CH 8:9),male,Benjamin,"In this dataset, Mesha is described as son of Shaharaim (1CH 8:9). Recorded as male; listed with tribe: Benjamin.",3,1493,"In this dataset, Mesha is described as son of Shaharaim (1CH 8:9). Recorded as male; listed with tribe: Benjamin."
Malcam_1,Malcam,,son of Shaharaim (1CH 8:9),male,Benjamin,"In this dataset, Malcam is described as son of Shaharaim (1CH 8:9). Recorded as male; listed with tribe: Benjamin.",1,1494,"In this dataset, Malcam is described as son of Shaharaim (1CH 8:9). Recorded as male; listed with tribe: Benjamin."
Jeuz_1,Jeuz,,son of Shaharaim (1CH 8:10),male,Benjamin,"In this dataset, Jeuz is described as son of Shaharaim (1CH 8:10). Recorded as male; listed with tribe: Benjamin.",1,1495,"In this dataset, Jeuz is described as son of Shaharaim (1CH 8:10). Recorded as male; listed with tribe: Benjamin."
Sachia_1,Sachia,,son of Shaharaim (1CH 8:10),male,Benjamin,"In this dataset, Sachia is described as son of Shaharaim (1CH 8:10). Recorded as male; listed with tribe: Benjamin.",1,1496,"In this dataset, Sachia is described as son of Shaharaim (1CH 8:10). Recorded as male; listed with tribe: Benjamin."
Mirmah_1,Mirmah,,son of Shaharaim (1CH 8:10),male,Benjamin,"In this dataset, Mirmah is described as son of Shaharaim (1CH 8:10). Recorded as male; listed with tribe: Benjamin.",1,1497,"In this dataset, Mirmah is described as son of Shaharaim (1CH 8:10). Recorded as male; listed with tribe: Benjamin."
Abitub_1,Abitub,,son of Shaharaim by Hushim (1CH 8:11),male,Benjamin,"In this dataset, Abitub is described as son of Shaharaim by Hushim (1CH 8:11). Recorded as male; listed with tribe: Benjamin.",1,1498,"In this dataset, Abitub is described as son of Shaharaim by Hushim (1CH 8:11). Recorded as male; listed with tribe: Benjamin."
Elpaal_1,Elpaal,,son of Shaharaim by Hushim (1CH 8:11),male,Benjamin,"In this dataset, Elpaal is described as son of Shaharaim by Hushim (1CH 8:11). Recorded as male; listed with tribe: Benjamin.",1,1499,"In this dataset, Elpaal is described as son of Shaharaim by Hushim (1CH 8:11). Recorded as male; listed with tribe: Benjamin."
Eber_3,Eber,,son of Elpaal (1CH 8:12),male,Benjamin,"In this dataset, Eber is described as son of Elpaal (1CH 8:12). Recorded as male; listed with tribe: Benjamin.",3,1500,"In this dataset, Eber is described as son of Elpaal (1CH 8:12). Recorded as male; listed with tribe: Benjamin."
Misham_1,Misham,,son of Elpaal (1CH 8:12),male,Benjamin,"In this dataset, Misham is described as son of Elpaal (1CH 8:12). Recorded as male; listed with tribe: Benjamin.",1,1501,"In this dataset, Misham is described as son of Elpaal (1CH 8:12). Recorded as male; listed with tribe: Benjamin."
Shemed_1,Shemed,,son of Elpaal (1CH 8:12),male,Benjamin,"In this dataset, Shemed is described as son of Elpaal (1CH 8:12). Recorded as male; listed with tribe: Benjamin.",1,1502,"In this dataset, Shemed is described as son of Elpaal (1CH 8:12). Recorded as male; listed with tribe: Benjamin."
Beriah_3,Beriah,,son of Elpaal (1CH 8:13),male,Benjamin,"In this dataset, Beriah is described as son of Elpaal (1CH 8:13). Recorded as male; listed with tribe: Benjamin.",3,1503,"In this dataset, Beriah is described as son of Elpaal (1CH 8:13). Recorded as male; listed with tribe: Benjamin."
Shema_3,Shema,,son of Elpaal (1CH 8:13),male,Benjamin,"In this dataset, Shema is described as son of Elpaal (1CH 8:13). Recorded as male; listed with tribe: Benjamin.",3,1504,"In this dataset, Shema is described as son of Elpaal (1CH 8:13). Recorded as male; listed with tribe: Benjamin."
Ahio_2,Ahio,,son of Elpaal (1CH 8:14),male,Benjamin,"In this dataset, Ahio is described as son of Elpaal (1CH 8:14). Recorded as male; listed with tribe: Benjamin.",2,1505,"In this dataset, Ahio is described as son of Elpaal (1CH 8:14). Recorded as male; listed with tribe: Benjamin."
Shashak_1,Shashak,,son of Elpaal (1CH 8:14),male,Benjamin,"In this dataset, Shashak is described as son of Elpaal (1CH 8:14). Recorded as male; listed with tribe: Benjamin.",1,1506,"In this dataset, Shashak is described as son of Elpaal (1CH 8:14). Recorded as male; listed with tribe: Benjamin."
Jeremoth_2,Jeremoth,,son of Elpaal (1CH 8:14),male,Benjamin,"In this dataset, Jeremoth is described as son of Elpaal (1CH 8:14). Recorded as male; listed with tribe: Benjamin.",2,1507,"In this dataset, Jeremoth is described as son of Elpaal (1CH 8:14). Recorded as male; listed with tribe: Benjamin."
Zebadiah_1,Zebadiah,,son of Beriah (1CH 8:15),male,Benjamin,"In this dataset, Zebadiah is described as son of Beriah (1CH 8:15). Recorded as male; listed with tribe: Benjamin.",1,1508,"In this dataset, Zebadiah is described as son of Beriah (1CH 8:15). Recorded as male; listed with tribe: Benjamin."
Arad_1,Arad,,son of Beriah (1CH 8:15),male,Benjamin,"In this dataset, Arad is described as son of Beriah (1CH 8:15). Recorded as male; listed with tribe: Benjamin.",1,1509,"In this dataset, Arad is described as son of Beriah (1CH 8:15). Recorded as male; listed with tribe: Benjamin."
Eder_1,Eder,,son of Beriah (1CH 8:15),male,Benjamin,"In this dataset, Eder is described as son of Beriah (1CH 8:15). Recorded as male; listed with tribe: Benjamin.",1,1510,"In this dataset, Eder is described as son of Beriah (1CH 8:15). Recorded as male; listed with tribe: Benjamin."
Michael_5,Michael,,son of Beriah (1CH 8:16),male,Benjamin,"In this dataset, Michael is described as son of Beriah (1CH 8:16). Recorded as male; listed with tribe: Benjamin.",5,1511,"In this dataset, Michael is described as son of Beriah (1CH 8:16). Recorded as male; listed with tribe: Benjamin."
Ishpah_1,Ishpah,,son of Beriah (1CH 8:16),male,Benjamin,"In this dataset, Ishpah is described as son of Beriah (1CH 8:16). Recorded as male; listed with tribe: Benjamin.",1,1512,"In this dataset, Ishpah is described as son of Beriah (1CH 8:16). Recorded as male; listed with tribe: Benjamin."
Joha_1,Joha,,son of Beriah (1CH 8:16),male,Benjamin,"In this dataset, Joha is described as son of Beriah (1CH 8:16). Recorded as male; listed with tribe: Benjamin.",1,1513,"In this dataset, Joha is described as son of Beriah (1CH 8:16). Recorded as male; listed with tribe: Benjamin."
Zebadiah_2,Zebadiah,,son of Elpaal (1CH 8:17),male,Benjamin,"In this dataset, Zebadiah is described as son of Elpaal (1CH 8:17). Recorded as male; listed with tribe: Benjamin.",2,1514,"In this dataset, Zebadiah is described as son of Elpaal (1CH 8:17). Recorded as male; listed with tribe: Benjamin."
Meshullam_4,Meshullam,,son of Elpaal (1CH 8:17),male,Benjamin,"In this dataset, Meshullam is described as son of Elpaal (1CH 8:17). Recorded as male; listed with tribe: Benjamin.",4,1515,"In this dataset, Meshullam is described as son of Elpaal (1CH 8:17). Recorded as male; listed with tribe: Benjamin."
Hizki_1,Hizki,,son of Elpaal (1CH 8:17),male,Benjamin,"In this dataset, Hizki is described as son of Elpaal (1CH 8:17). Recorded as male; listed with tribe: Benjamin.",1,1516,"In this dataset, Hizki is described as son of Elpaal (1CH 8:17). Recorded as male; listed with tribe: Benjamin."
Heber_4,Heber,,son of Elpaal (1CH 8:17),male,Benjamin,"In this dataset, Heber is described as son of Elpaal (1CH 8:17). Recorded as male; listed with tribe: Benjamin.",4,1517,"In this dataset, Heber is described as son of Elpaal (1CH 8:17). Recorded as male; listed with tribe: Benjamin."
Ishmerai_1,Ishmerai,,son of Elpaal (1CH 8:18),male,Benjamin,"In this dataset, Ishmerai is described as son of Elpaal (1CH 8:18). Recorded as male; listed with tribe: Benjamin.",1,1518,"In this dataset, Ishmerai is described as son of Elpaal (1CH 8:18). Recorded as male; listed with tribe: Benjamin."
Izliah_1,Izliah,,son of Elpaal (1CH 8:18),male,Benjamin,"In this dataset, Izliah is described as son of Elpaal (1CH 8:18). Recorded as male; listed with tribe: Benjamin.",1,1519,"In this dataset, Izliah is described as son of Elpaal (1CH 8:18). Recorded as male; listed with tribe: Benjamin."
Jobab_5,Jobab,,son of Elpaal (1CH 8:18),male,Benjamin,"In this dataset, Jobab is described as son of Elpaal (1CH 8:18). Recorded as male; listed with tribe: Benjamin.",5,1520,"In this dataset, Jobab is described as son of Elpaal (1CH 8:18). Recorded as male; listed with tribe: Benjamin."
Jakim_1,Jakim,,son of Shimei [Shema v13] (1CH 8:19),male,Benjamin,"In this dataset, Jakim is described as son of Shimei [Shema v13] (1CH 8:19). Recorded as male; listed with tribe: Benjamin.",1,1521,"In this dataset, Jakim is described as son of Shimei [Shema v13] (1CH 8:19). Recorded as male; listed with tribe: Benjamin."
Zichri_2,Zichri,,son of Shimei [Shema v13] (1CH 8:19),male,Benjamin,"In this dataset, Zichri is described as son of Shimei [Shema v13] (1CH 8:19). Recorded as male; listed with tribe: Benjamin.",2,1522,"In this dataset, Zichri is described as son of Shimei [Shema v13] (1CH 8:19). Recorded as male; listed with tribe: Benjamin."
Zabdi_2,Zabdi,,son of Shimei [Shema v13] (1CH 8:19),male,Benjamin,"In this dataset, Zabdi is described as son of Shimei [Shema v13] (1CH 8:19). Recorded as male; listed with tribe: Benjamin.",2,1523,"In this dataset, Zabdi is described as son of Shimei [Shema v13] (1CH 8:19). Recorded as male; listed with tribe: Benjamin."
Elienai_1,Elienai,,son of Shimei [Shema v13] (1CH 8:20),male,Benjamin,"In this dataset, Elienai is described as son of Shimei [Shema v13] (1CH 8:20). Recorded as male; listed with tribe: Benjamin.",1,1524,"In this dataset, Elienai is described as son of Shimei [Shema v13] (1CH 8:20). Recorded as male; listed with tribe: Benjamin."
Zillethai_1,Zillethai,,son of Shimei [Shema v13] (1CH 8:20),male,Benjamin,"In this dataset, Zillethai is described as son of Shimei [Shema v13] (1CH 8:20). Recorded as male; listed with tribe: Benjamin.",1,1525,"In this dataset, Zillethai is described as son of Shimei [Shema v13] (1CH 8:20). Recorded as male; listed with tribe: Benjamin."
Eliel_2,Eliel,,son of Shimei [Shema v13] (1CH 8:20),male,Benjamin,"In this dataset, Eliel is described as son of Shimei [Shema v13] (1CH 8:20). Recorded as male; listed with tribe: Benjamin.",2,1526,"In this dataset, Eliel is described as son of Shimei [Shema v13] (1CH 8:20). Recorded as male; listed with tribe: Benjamin."
Adaiah_3,Adaiah,,son of Shimei [Shema v13] (1CH 8:21),male,Benjamin,"In this dataset, Adaiah is described as son of Shimei [Shema v13] (1CH 8:21). Recorded as male; listed with tribe: Benjamin.",3,1527,"In this dataset, Adaiah is described as son of Shimei [Shema v13] (1CH 8:21). Recorded as male; listed with tribe: Benjamin."
Beraiah_1,Beraiah,,son of Shimei [Shema v13] (1CH 8:21),male,Benjamin,"In this dataset, Beraiah is described as son of Shimei [Shema v13] (1CH 8:21). Recorded as male; listed with tribe: Benjamin.",1,1528,"In this dataset, Beraiah is described as son of Shimei [Shema v13] (1CH 8:21). Recorded as male; listed with tribe: Benjamin."
Shimrath_1,Shimrath,,son of Shimei [Shema v13] (1CH 8:21),male,Benjamin,"In this dataset, Shimrath is described as son of Shimei [Shema v13] (1CH 8:21). Recorded as male; listed with tribe: Benjamin.",1,1529,"In this dataset, Shimrath is described as son of Shimei [Shema v13] (1CH 8:21). Recorded as male; listed with tribe: Benjamin."
Ishpan_1,Ishpan,,son of Shashak (1CH 8:22),male,Benjamin,"In this dataset, Ishpan is described as son of Shashak (1CH 8:22). Recorded as male; listed with tribe: Benjamin.",1,1530,"In this dataset, Ishpan is described as son of Shashak (1CH 8:22). Recorded as male; listed with tribe: Benjamin."
Eber_4,Eber,,son of Shashak (1CH 8:22),male,Benjamin,"In this dataset, Eber is described as son of Shashak (1CH 8:22). Recorded as male; listed with tribe: Benjamin.",4,1531,"In this dataset, Eber is described as son of Shashak (1CH 8:22). Recorded as male; listed with tribe: Benjamin."
Eliel_3,Eliel,,son of Shashak (1CH 8:22),male,Benjamin,"In this dataset, Eliel is described as son of Shashak (1CH 8:22). Recorded as male; listed with tribe: Benjamin.",3,1532,"In this dataset, Eliel is described as son of Shashak (1CH 8:22). Recorded as male; listed with tribe: Benjamin."
Abdon_2,Abdon,,son of Shashak (1CH 8:23),male,Benjamin,"In this dataset, Abdon is described as son of Shashak (1CH 8:23). Recorded as male; listed with tribe: Benjamin.",2,1533,"In this dataset, Abdon is described as son of Shashak (1CH 8:23). Recorded as male; listed with tribe: Benjamin."
Zichri_3,Zichri,,son of Shashak (1CH 8:23),male,Benjamin,"In this dataset, Zichri is described as son of Shashak (1CH 8:23). Recorded as male; listed with tribe: Benjamin.",3,1534,"In this dataset, Zichri is described as son of Shashak (1CH 8:23). Recorded as male; listed with tribe: Benjamin."
Hanan_1,Hanan,,son of Shashak (1CH 8:23),male,Benjamin,"In this dataset, Hanan is described as son of Shashak (1CH 8:23). Recorded as male; listed with tribe: Benjamin.",1,1535,"In this dataset, Hanan is described as son of Shashak (1CH 8:23). Recorded as male; listed with tribe: Benjamin."
Hananiah_2,Hananiah,,son of Shashak (1CH 8:24),male,Benjamin,"In this dataset, Hananiah is described as son of Shashak (1CH 8:24). Recorded as male; listed with tribe: Benjamin.",2,1536,"In this dataset, Hananiah is described as son of Shashak (1CH 8:24). Recorded as male; listed with tribe: Benjamin."
Elam_2,Elam,,son of Shashak (1CH 8:24),male,Benjamin,"In this dataset, Elam is described as son of Shashak (1CH 8:24). Recorded as male; listed with tribe: Benjamin.",2,1537,"In this dataset, Elam is described as son of Shashak (1CH 8:24). Recorded as male; listed with tribe: Benjamin."
Anthothijah_1,Anthothijah,,son of Shashak (1CH 8:24),male,Benjamin,"In this dataset, Anthothijah is described as son of Shashak (1CH 8:24). Recorded as male; listed with tribe: Benjamin.",1,1538,"In this dataset, Anthothijah is described as son of Shashak (1CH 8:24). Recorded as male; listed with tribe: Benjamin."
Iphdeiah_1,Iphdeiah,,son of Shashak (1CH 8:25),male,Benjamin,"In this dataset, Iphdeiah is described as son of Shashak (1CH 8:25). Recorded as male; listed with tribe: Benjamin.",1,1539,"In this dataset, Iphdeiah is described as son of Shashak (1CH 8:25). Recorded as male; listed with tribe: Benjamin."
Penuel_2,Penuel,,son of Shashak (1CH 8:25),male,Benjamin,"In this dataset, Penuel is described as son of Shashak (1CH 8:25). Recorded as male; listed with tribe: Benjamin.",2,1540,"In this dataset, Penuel is described as son of Shashak (1CH 8:25). Recorded as male; listed with tribe: Benjamin."
Shamsherai_1,Shamsherai,,son of Jeroham [Jeremoth v 14] (1CH 8:26),male,Benjamin,"In this dataset, Shamsherai is described as son of Jeroham [Jeremoth v 14] (1CH 8:26). Recorded as male; listed with tribe: Benjamin.",1,1541,"In this dataset, Shamsherai is described as son of Jeroham [Jeremoth v 14] (1CH 8:26). Recorded as male; listed with tribe: Benjamin."
Shehariah_1,Shehariah,,son of Jeroham [Jeremoth v 14] (1CH 8:26),male,Benjamin,"In this dataset, Shehariah is described as son of Jeroham [Jeremoth v 14] (1CH 8:26). Recorded as male; listed with tribe: Benjamin.",1,1542,"In this dataset, Shehariah is described as son of Jeroham [Jeremoth v 14] (1CH 8:26). Recorded as male; listed with tribe: Benjamin."
Athaliah_2,Athaliah,,son of Jeroham [Jeremoth v 14] (1CH 8:26),male,Benjamin,"In this dataset, Athaliah is described as son of Jeroham [Jeremoth v 14] (1CH 8:26). Recorded as male; listed with tribe: Benjamin.",2,1543,"In this dataset, Athaliah is described as son of Jeroham [Jeremoth v 14] (1CH 8:26). Recorded as male; listed with tribe: Benjamin."
Jaareshiah_1,Jaareshiah,,son of Jeroham [Jeremoth v 14] (1CH 8:27),male,Benjamin,"In this dataset, Jaareshiah is described as son of Jeroham [Jeremoth v 14] (1CH 8:27). Recorded as male; listed with tribe: Benjamin.",1,1544,"In this dataset, Jaareshiah is described as son of Jeroham [Jeremoth v 14] (1CH 8:27). Recorded as male; listed with tribe: Benjamin."
Elijah_2,Elijah,,son of Jeroham [Jeremoth v 14] (1CH 8:27),male,Benjamin,"In this dataset, Elijah is described as son of Jeroham [Jeremoth v 14] (1CH 8:27). Recorded as male; listed with tribe: Benjamin.",2,1545,"In this dataset, Elijah is described as son of Jeroham [Jeremoth v 14] (1CH 8:27). Recorded as male; listed with tribe: Benjamin."
Zichri_4,Zichri,,son of Jeroham [Jeremoth v 14] (1CH 8:27),male,Benjamin,"In this dataset, Zichri is described as son of Jeroham [Jeremoth v 14] (1CH 8:27). Recorded as male; listed with tribe: Benjamin.",4,1546,"In this dataset, Zichri is described as son of Jeroham [Jeremoth v 14] (1CH 8:27). Recorded as male; listed with tribe: Benjamin."
Maacah_6,Maacah,,"wife of Jeiel (1CH 8:29, 1CH 9:35)",female,Benjamin,"In this dataset, Maacah is described as wife of Jeiel (1CH 8:29, 1CH 9:35). Recorded as female; listed with tribe: Benjamin.",6,1547,"In this dataset, Maacah is described as wife of Jeiel (1CH 8:29, 1CH 9:35). Recorded as female; listed with tribe: Benjamin."
Abdon_3,Abdon,,"son of Jeiel and Maacah (1CH 8:30), firstborn (1CH 9:35)",male,Benjamin,"In this dataset, Abdon is described as son of Jeiel and Maacah (1CH 8:30), firstborn (1CH 9:35). Recorded as male; listed with tribe: Benjamin.",3,1548,"In this dataset, Abdon is described as son of Jeiel and Maacah (1CH 8:30), firstborn (1CH 9:35). Recorded as male; listed with tribe: Benjamin."
Zur_3,Zur,,son of Jeiel and Maacah (1CH 8:30),male,Benjamin,"In this dataset, Zur is described as son of Jeiel and Maacah (1CH 8:30). Recorded as male; listed with tribe: Benjamin.",3,1549,"In this dataset, Zur is described as son of Jeiel and Maacah (1CH 8:30). Recorded as male; listed with tribe: Benjamin."
Kish_2,Kish,,son of Jeiel and Maacah (1CH 8:30),male,Benjamin,"In this dataset, Kish is described as son of Jeiel and Maacah (1CH 8:30). Recorded as male; listed with tribe: Benjamin.",2,1550,"In this dataset, Kish is described as son of Jeiel and Maacah (1CH 8:30). Recorded as male; listed with tribe: Benjamin."
Baal_2,Baal,,son of Jeiel and Maacah (1CH 8:30),male,Benjamin,"In this dataset, Baal is described as son of Jeiel and Maacah (1CH 8:30). Recorded as male; listed with tribe: Benjamin.",2,1551,"In this dataset, Baal is described as son of Jeiel and Maacah (1CH 8:30). Recorded as male; listed with tribe: Benjamin."
Nadab_4,Nadab,,son of Jeiel and Maacah (1CH 8:30),male,Benjamin,"In this dataset, Nadab is described as son of Jeiel and Maacah (1CH 8:30). Recorded as male; listed with tribe: Benjamin.",4,1552,"In this dataset, Nadab is described as son of Jeiel and Maacah (1CH 8:30). Recorded as male; listed with tribe: Benjamin."
Gedor_3,Gedor,,son of Jeiel and Maacah (1CH 8:31),male,Benjamin,"In this dataset, Gedor is described as son of Jeiel and Maacah (1CH 8:31). Recorded as male; listed with tribe: Benjamin.",3,1553,"In this dataset, Gedor is described as son of Jeiel and Maacah (1CH 8:31). Recorded as male; listed with tribe: Benjamin."
Ahio_3,Ahio,,son of Jeiel and Maacah (1CH 8:31),male,Benjamin,"In this dataset, Ahio is described as son of Jeiel and Maacah (1CH 8:31). Recorded as male; listed with tribe: Benjamin.",3,1554,"In this dataset, Ahio is described as son of Jeiel and Maacah (1CH 8:31). Recorded as male; listed with tribe: Benjamin."
Zecher_1,Zecher,,son of Jeiel and Maacah (1CH 8:31),male,Benjamin,"In this dataset, Zecher is described as son of Jeiel and Maacah (1CH 8:31). Recorded as male; listed with tribe: Benjamin.",1,1555,"In this dataset, Zecher is described as son of Jeiel and Maacah (1CH 8:31). Recorded as male; listed with tribe: Benjamin."
Mikloth_1,Mikloth,,son of Jeiel and Maacah (1CH 8:32),male,Benjamin,"In this dataset, Mikloth is described as son of Jeiel and Maacah (1CH 8:32). Recorded as male; listed with tribe: Benjamin.",1,1556,"In this dataset, Mikloth is described as son of Jeiel and Maacah (1CH 8:32). Recorded as male; listed with tribe: Benjamin."
Shimeah_1,Shimeah,,son of Mikloth (1CH 8:32),male,Benjamin,"In this dataset, Shimeah is described as son of Mikloth (1CH 8:32). Recorded as male; listed with tribe: Benjamin.",1,1557,"In this dataset, Shimeah is described as son of Mikloth (1CH 8:32). Recorded as male; listed with tribe: Benjamin."
Pithon_1,Pithon,,son of Micah (1CH 8:35),male,Benjamin,"In this dataset, Pithon is described as son of Micah (1CH 8:35). Recorded as male; listed with tribe: Benjamin.",1,1558,"In this dataset, Pithon is described as son of Micah (1CH 8:35). Recorded as male; listed with tribe: Benjamin."
Melech_1,Melech,,son of Micah (1CH 8:35),male,Benjamin,"In this dataset, Melech is described as son of Micah (1CH 8:35). Recorded as male; listed with tribe: Benjamin.",1,1559,"In this dataset, Melech is described as son of Micah (1CH 8:35). Recorded as male; listed with tribe: Benjamin."
Tarea_1,Tarea,,son of Micah (1CH 8:35),male,Benjamin,"In this dataset, Tarea is described as son of Micah (1CH 8:35). Recorded as male; listed with tribe: Benjamin.",1,1560,"In this dataset, Tarea is described as son of Micah (1CH 8:35). Recorded as male; listed with tribe: Benjamin."
Ahaz_2,Ahaz,,son of Micah (1CH 8:35),male,Benjamin,"In this dataset, Ahaz is described as son of Micah (1CH 8:35). Recorded as male; listed with tribe: Benjamin.",2,1561,"In this dataset, Ahaz is described as son of Micah (1CH 8:35). Recorded as male; listed with tribe: Benjamin."
Jehoaddah_1,Jehoaddah,,son of Ahaz (1CH 8:36),male,Benjamin,"In this dataset, Jehoaddah is described as son of Ahaz (1CH 8:36). Recorded as male; listed with tribe: Benjamin.",1,1562,"In this dataset, Jehoaddah is described as son of Ahaz (1CH 8:36). Recorded as male; listed with tribe: Benjamin."
Alemeth_2,Alemeth,,son of Jehoadda (1CH 8:36),male,Benjamin,"In this dataset, Alemeth is described as son of Jehoadda (1CH 8:36). Recorded as male; listed with tribe: Benjamin.",2,1563,"In this dataset, Alemeth is described as son of Jehoadda (1CH 8:36). Recorded as male; listed with tribe: Benjamin."
Azmaveth_2,Azmaveth,,son of Jehoadda (1CH 8:36),male,Benjamin,"In this dataset, Azmaveth is described as son of Jehoadda (1CH 8:36). Recorded as male; listed with tribe: Benjamin.",2,1564,"In this dataset, Azmaveth is described as son of Jehoadda (1CH 8:36). Recorded as male; listed with tribe: Benjamin."
Zimri_3,Zimri,,son of Jehoadda (1CH 8:36),male,Benjamin,"In this dataset, Zimri is described as son of Jehoadda (1CH 8:36). Recorded as male; listed with tribe: Benjamin.",3,1565,"In this dataset, Zimri is described as son of Jehoadda (1CH 8:36). Recorded as male; listed with tribe: Benjamin."
Moza_2,Moza,,son of Zimri (1CH 8:36),male,Benjamin,"In this dataset, Moza is described as son of Zimri (1CH 8:36). Recorded as male; listed with tribe: Benjamin.",2,1566,"In this dataset, Moza is described as son of Zimri (1CH 8:36). Recorded as male; listed with tribe: Benjamin."
Binea_1,Binea,,son of Moza (1CH 8:37),male,Benjamin,"In this dataset, Binea is described as son of Moza (1CH 8:37). Recorded as male; listed with tribe: Benjamin.",1,1567,"In this dataset, Binea is described as son of Moza (1CH 8:37). Recorded as male; listed with tribe: Benjamin."
Raphah_2,Raphah,,son of Binea (1CH 8:37),male,Benjamin,"In this dataset, Raphah is described as son of Binea (1CH 8:37). Recorded as male; listed with tribe: Benjamin.",2,1568,"In this dataset, Raphah is described as son of Binea (1CH 8:37). Recorded as male; listed with tribe: Benjamin."
Eleasah_2,Eleasah,,son of Raphah (1CH 8:37),male,Benjamin,"In this dataset, Eleasah is described as son of Raphah (1CH 8:37). Recorded as male; listed with tribe: Benjamin.",2,1569,"In this dataset, Eleasah is described as son of Raphah (1CH 8:37). Recorded as male; listed with tribe: Benjamin."
Azel_1,Azel,,son of Eleasah (1CH 8:37),male,Benjamin,"In this dataset, Azel is described as son of Eleasah (1CH 8:37). Recorded as male; listed with tribe: Benjamin.",1,1570,"In this dataset, Azel is described as son of Eleasah (1CH 8:37). Recorded as male; listed with tribe: Benjamin."
Azrikam_2,Azrikam,,son of Azel (1CH 8:38),male,Benjamin,"In this dataset, Azrikam is described as son of Azel (1CH 8:38). Recorded as male; listed with tribe: Benjamin.",2,1571,"In this dataset, Azrikam is described as son of Azel (1CH 8:38). Recorded as male; listed with tribe: Benjamin."
Bocheru_1,Bocheru,,son of Azel (1CH 8:38),male,Benjamin,"In this dataset, Bocheru is described as son of Azel (1CH 8:38). Recorded as male; listed with tribe: Benjamin.",1,1572,"In this dataset, Bocheru is described as son of Azel (1CH 8:38). Recorded as male; listed with tribe: Benjamin."
Ishmael_3,Ishmael,,son of Azel (1CH 8:38),male,Benjamin,"In this dataset, Ishmael is described as son of Azel (1CH 8:38). Recorded as male; listed with tribe: Benjamin.",3,1573,"In this dataset, Ishmael is described as son of Azel (1CH 8:38). Recorded as male; listed with tribe: Benjamin."
Sheariah_1,Sheariah,,son of Azel (1CH 8:38),male,Benjamin,"In this dataset, Sheariah is described as son of Azel (1CH 8:38). Recorded as male; listed with tribe: Benjamin.",1,1574,"In this dataset, Sheariah is described as son of Azel (1CH 8:38). Recorded as male; listed with tribe: Benjamin."
Obadiah_4,Obadiah,,son of Azel (1CH 8:38),male,Benjamin,"In this dataset, Obadiah is described as son of Azel (1CH 8:38). Recorded as male; listed with tribe: Benjamin.",4,1575,"In this dataset, Obadiah is described as son of Azel (1CH 8:38). Recorded as male; listed with tribe: Benjamin."
Hanan_2,Hanan,,son of Azel (1CH 8:38),male,Benjamin,"In this dataset, Hanan is described as son of Azel (1CH 8:38). Recorded as male; listed with tribe: Benjamin.",2,1576,"In this dataset, Hanan is described as son of Azel (1CH 8:38). Recorded as male; listed with tribe: Benjamin."
Eshek_1,Eshek,,brother of Azel (1CH 8:39),male,Benjamin,"In this dataset, Eshek is described as brother of Azel (1CH 8:39). Recorded as male; listed with tribe: Benjamin.",1,1577,"In this dataset, Eshek is described as brother of Azel (1CH 8:39). Recorded as male; listed with tribe: Benjamin."
Ulam_2,Ulam,,son of Eshek (1CH 8:39),male,Benjamin,"In this dataset, Ulam is described as son of Eshek (1CH 8:39). Recorded as male; listed with tribe: Benjamin.",2,1578,"In this dataset, Ulam is described as son of Eshek (1CH 8:39). Recorded as male; listed with tribe: Benjamin."
Jeush_3,Jeush,,son of Eshek (1CH 8:39),male,Benjamin,"In this dataset, Jeush is described as son of Eshek (1CH 8:39). Recorded as male; listed with tribe: Benjamin.",3,1579,"In this dataset, Jeush is described as son of Eshek (1CH 8:39). Recorded as male; listed with tribe: Benjamin."
Eliphelet_4,Eliphelet,,son of Eshek (1CH 8:39),male,Benjamin,"In this dataset, Eliphelet is described as son of Eshek (1CH 8:39). Recorded as male; listed with tribe: Benjamin.",4,1580,"In this dataset, Eliphelet is described as son of Eshek (1CH 8:39). Recorded as male; listed with tribe: Benjamin."
Uthai_1,Uthai,,son of Ammihud (1CH 9:4),male,Judah,"In this dataset, Uthai is described as son of Ammihud (1CH 9:4). Recorded as male; listed with tribe: Judah.",1,1581,"In this dataset, Uthai is described as son of Ammihud (1CH 9:4). Recorded as male; listed with tribe: Judah."
Ammihud_5,Ammihud,,son of Omri (1CH 9:4),male,Judah,"In this dataset, Ammihud is described as son of Omri (1CH 9:4). Recorded as male; listed with tribe: Judah.",5,1582,"In this dataset, Ammihud is described as son of Omri (1CH 9:4). Recorded as male; listed with tribe: Judah."
Omri_3,Omri,,son of Imri (1CH 9:4),male,Judah,"In this dataset, Omri is described as son of Imri (1CH 9:4). Recorded as male; listed with tribe: Judah.",3,1583,"In this dataset, Omri is described as son of Imri (1CH 9:4). Recorded as male; listed with tribe: Judah."
Imri_1,Imri,,son of Bani (1CH 9:4),male,Judah,"In this dataset, Imri is described as son of Bani (1CH 9:4). Recorded as male; listed with tribe: Judah.",1,1584,"In this dataset, Imri is described as son of Bani (1CH 9:4). Recorded as male; listed with tribe: Judah."
Bani_3,Bani,,descendant of Perez (1CH 9:4) and leader during the return (NEH 10:14),male,Judah,"In this dataset, Bani is described as descendant of Perez (1CH 9:4) and leader during the return (NEH 10:14). Recorded as male; listed with tribe: Judah.",3,1585,"In this dataset, Bani is described as descendant of Perez (1CH 9:4) and leader during the return (NEH 10:14). Recorded as male; listed with tribe: Judah."
Asaiah_4,Asaiah,,Shilonite living in Jerusalem (1CH 9:5),male,Judah,"In this dataset, Asaiah is described as Shilonite living in Jerusalem (1CH 9:5). Recorded as male; listed with tribe: Judah.",4,1586,"In this dataset, Asaiah is described as Shilonite living in Jerusalem (1CH 9:5). Recorded as male; listed with tribe: Judah."
Jeuel_1,Jeuel,,descendant of Zerah (1CH 9:6),male,Judah,"In this dataset, Jeuel is described as descendant of Zerah (1CH 9:6). Recorded as male; listed with tribe: Judah.",1,1587,"In this dataset, Jeuel is described as descendant of Zerah (1CH 9:6). Recorded as male; listed with tribe: Judah."
Sallu_1,Sallu,,son of Meshullam (1CH 9:7),male,Benjamin,"In this dataset, Sallu is described as son of Meshullam (1CH 9:7). Recorded as male; listed with tribe: Benjamin.",1,1588,"In this dataset, Sallu is described as son of Meshullam (1CH 9:7). Recorded as male; listed with tribe: Benjamin."
Meshuallam_1,Meshuallam,,son of Hodaviah (1CH 9:7),male,Benjamin,"In this dataset, Meshuallam is described as son of Hodaviah (1CH 9:7). Recorded as male; listed with tribe: Benjamin.",1,1589,"In this dataset, Meshuallam is described as son of Hodaviah (1CH 9:7). Recorded as male; listed with tribe: Benjamin."
Hodaviah_4,Hodaviah,,son of Hassenuah (1CH 9:7),male,Benjamin,"In this dataset, Hodaviah is described as son of Hassenuah (1CH 9:7). Recorded as male; listed with tribe: Benjamin.",4,1590,"In this dataset, Hodaviah is described as son of Hassenuah (1CH 9:7). Recorded as male; listed with tribe: Benjamin."
Hassenuah_1,Hassenuah,,descendant of Benjamin (1CH 9:7),male,Benjamin,"In this dataset, Hassenuah is described as descendant of Benjamin (1CH 9:7). Recorded as male; listed with tribe: Benjamin.",1,1591,"In this dataset, Hassenuah is described as descendant of Benjamin (1CH 9:7). Recorded as male; listed with tribe: Benjamin."
Ibneiah_1,Ibneiah,,son of Jeroham (1CH 9:8),male,Benjamin,"In this dataset, Ibneiah is described as son of Jeroham (1CH 9:8). Recorded as male; listed with tribe: Benjamin.",1,1592,"In this dataset, Ibneiah is described as son of Jeroham (1CH 9:8). Recorded as male; listed with tribe: Benjamin."
Jeroham_2,Jeroham,,father of Ibneiah (1CH 9:8),male,Benjamin,"In this dataset, Jeroham is described as father of Ibneiah (1CH 9:8). Recorded as male; listed with tribe: Benjamin.",2,1593,"In this dataset, Jeroham is described as father of Ibneiah (1CH 9:8). Recorded as male; listed with tribe: Benjamin."
Elah_5,Elah,,son of Uzzi (1CH 9:8),male,Benjamin,"In this dataset, Elah is described as son of Uzzi (1CH 9:8). Recorded as male; listed with tribe: Benjamin.",5,1594,"In this dataset, Elah is described as son of Uzzi (1CH 9:8). Recorded as male; listed with tribe: Benjamin."
Uzzi_4,Uzzi,,son of Michri (1CH 9:8),male,Benjamin,"In this dataset, Uzzi is described as son of Michri (1CH 9:8). Recorded as male; listed with tribe: Benjamin.",4,1595,"In this dataset, Uzzi is described as son of Michri (1CH 9:8). Recorded as male; listed with tribe: Benjamin."
Michri_1,Michri,,father of Uzzi (1CH 9:8),male,Benjamin,"In this dataset, Michri is described as father of Uzzi (1CH 9:8). Recorded as male; listed with tribe: Benjamin.",1,1596,"In this dataset, Michri is described as father of Uzzi (1CH 9:8). Recorded as male; listed with tribe: Benjamin."
Meshullam_5,Meshullam,,son of Shephatiah (1CH 9:8),male,Benjamin,"In this dataset, Meshullam is described as son of Shephatiah (1CH 9:8). Recorded as male; listed with tribe: Benjamin.",5,1597,"In this dataset, Meshullam is described as son of Shephatiah (1CH 9:8). Recorded as male; listed with tribe: Benjamin."
Shephatiah_2,Shephatiah,,son of Reuel (1CH 9:8),male,Benjamin,"In this dataset, Shephatiah is described as son of Reuel (1CH 9:8). Recorded as male; listed with tribe: Benjamin.",2,1598,"In this dataset, Shephatiah is described as son of Reuel (1CH 9:8). Recorded as male; listed with tribe: Benjamin."
Reuel_3,Reuel,,son of Ibnijah (1CH 9:8),male,Benjamin,"In this dataset, Reuel is described as son of Ibnijah (1CH 9:8). Recorded as male; listed with tribe: Benjamin.",3,1599,"In this dataset, Reuel is described as son of Ibnijah (1CH 9:8). Recorded as male; listed with tribe: Benjamin."
Ibnijah_1,Ibnijah,,descendant of Benjamin (1CH 9:8),male,Benjamin,"In this dataset, Ibnijah is described as descendant of Benjamin (1CH 9:8). Recorded as male; listed with tribe: Benjamin.",1,1600,"In this dataset, Ibnijah is described as descendant of Benjamin (1CH 9:8). Recorded as male; listed with tribe: Benjamin."
Jedaiah_2,Jedaiah,,"priest (1CH 9:10, NEH 7:39, NEH 12:6), of the house of Jeshua (EZR 2:36)",male,Levi,"In this dataset, Jedaiah is described as priest (1CH 9:10, NEH 7:39, NEH 12:6), of the house of Jeshua (EZR 2:36). Recorded as male; listed with tribe: Levi.",2,1601,"In this dataset, Jedaiah is described as priest (1CH 9:10, NEH 7:39, NEH 12:6), of the house of Jeshua (EZR 2:36). Recorded as male; listed with tribe: Levi."
Jehoiarib_1,Jehoiarib,,"priest (1CH 9:10), Joiarib in NEH 12:6",male,Levi,"In this dataset, Jehoiarib is described as priest (1CH 9:10), Joiarib in NEH 12:6. Recorded as male; listed with tribe: Levi.",1,1602,"In this dataset, Jehoiarib is described as priest (1CH 9:10), Joiarib in NEH 12:6. Recorded as male; listed with tribe: Levi."
Jachin_2,Jachin,,"priest (1CH 9:10, NEH 11:10)",male,Levi,"In this dataset, Jachin is described as priest (1CH 9:10, NEH 11:10). Recorded as male; listed with tribe: Levi.",2,1603,"In this dataset, Jachin is described as priest (1CH 9:10, NEH 11:10). Recorded as male; listed with tribe: Levi."
Meraioth_2,Meraioth,,son of Ahitub (1CH 9:11),male,Levi,"In this dataset, Meraioth is described as son of Ahitub (1CH 9:11). Recorded as male; listed with tribe: Levi.",2,1604,"In this dataset, Meraioth is described as son of Ahitub (1CH 9:11). Recorded as male; listed with tribe: Levi."
Adaiah_4,Adaiah,,son of Jeroham (1CH 9:12),male,Levi,"In this dataset, Adaiah is described as son of Jeroham (1CH 9:12). Recorded as male; listed with tribe: Levi.",4,1605,"In this dataset, Adaiah is described as son of Jeroham (1CH 9:12). Recorded as male; listed with tribe: Levi."
Jeroham_3,Jeroham,,son of Pashhur (1CH 9:12),male,Levi,"In this dataset, Jeroham is described as son of Pashhur (1CH 9:12). Recorded as male; listed with tribe: Levi.",3,1606,"In this dataset, Jeroham is described as son of Pashhur (1CH 9:12). Recorded as male; listed with tribe: Levi."
Pashhur_1,Pashhur,,"son of Malchijah (1CH 9:12), priest (EZR 2:38, NEH 7:41)",male,Levi,"In this dataset, Pashhur is described as son of Malchijah (1CH 9:12), priest (EZR 2:38, NEH 7:41). Recorded as male; listed with tribe: Levi.",1,1607,"In this dataset, Pashhur is described as son of Malchijah (1CH 9:12), priest (EZR 2:38, NEH 7:41). Recorded as male; listed with tribe: Levi."
Malchijah_2,Malchijah,,"father of Pashhur (1CH 9:12), stood on Ezra's left hand as he read from the Law (NEH 8:4)",male,Levi,"In this dataset, Malchijah is described as father of Pashhur (1CH 9:12), stood on Ezra's left hand as he read from the Law (NEH 8:4). Recorded as male; listed with tribe: Levi.",2,1608,"In this dataset, Malchijah is described as father of Pashhur (1CH 9:12), stood on Ezra's left hand as he read from the Law (NEH 8:4). Recorded as male; listed with tribe: Levi."
Maasai_1,Maasai,,son of Adiel (1CH 9:12),male,Levi,"In this dataset, Maasai is described as son of Adiel (1CH 9:12). Recorded as male; listed with tribe: Levi.",1,1609,"In this dataset, Maasai is described as son of Adiel (1CH 9:12). Recorded as male; listed with tribe: Levi."
Adiel_2,Adiel,,son of Jahzerah (1CH 9:12),male,Levi,"In this dataset, Adiel is described as son of Jahzerah (1CH 9:12). Recorded as male; listed with tribe: Levi.",2,1610,"In this dataset, Adiel is described as son of Jahzerah (1CH 9:12). Recorded as male; listed with tribe: Levi."
Jahzerah_1,Jahzerah,,son of Meshullam (1CH 9:12),male,Levi,"In this dataset, Jahzerah is described as son of Meshullam (1CH 9:12). Recorded as male; listed with tribe: Levi.",1,1611,"In this dataset, Jahzerah is described as son of Meshullam (1CH 9:12). Recorded as male; listed with tribe: Levi."
Meshullam_6,Meshullam,,son of Meshillemith (1CH 9:12),male,Levi,"In this dataset, Meshullam is described as son of Meshillemith (1CH 9:12). Recorded as male; listed with tribe: Levi.",6,1612,"In this dataset, Meshullam is described as son of Meshillemith (1CH 9:12). Recorded as male; listed with tribe: Levi."
Meshillemith_1,Meshillemith,,son of Immer (1CH 9:12),male,Levi,"In this dataset, Meshillemith is described as son of Immer (1CH 9:12). Recorded as male; listed with tribe: Levi.",1,1613,"In this dataset, Meshillemith is described as son of Immer (1CH 9:12). Recorded as male; listed with tribe: Levi."
Immer_1,Immer,,"father of Meshillemith (1CH 9:12), priest (EZR 2:37, NEH 7:40)",male,Levi,"In this dataset, Immer is described as father of Meshillemith (1CH 9:12), priest (EZR 2:37, NEH 7:40). Recorded as male; listed with tribe: Levi.",1,1614,"In this dataset, Immer is described as father of Meshillemith (1CH 9:12), priest (EZR 2:37, NEH 7:40). Recorded as male; listed with tribe: Levi."
Shemaiah_5,Shemaiah,,son of Hasshub (1CH 9:14),male,Levi,"In this dataset, Shemaiah is described as son of Hasshub (1CH 9:14). Recorded as male; listed with tribe: Levi.",5,1615,"In this dataset, Shemaiah is described as son of Hasshub (1CH 9:14). Recorded as male; listed with tribe: Levi."
Hasshub_1,Hasshub,,son of Azrikam (1CH 9:14),male,Levi,"In this dataset, Hasshub is described as son of Azrikam (1CH 9:14). Recorded as male; listed with tribe: Levi.",1,1616,"In this dataset, Hasshub is described as son of Azrikam (1CH 9:14). Recorded as male; listed with tribe: Levi."
Azrikam_3,Azrikam,,son of Hashabiah (1CH 9:14),male,Levi,"In this dataset, Azrikam is described as son of Hashabiah (1CH 9:14). Recorded as male; listed with tribe: Levi.",3,1617,"In this dataset, Azrikam is described as son of Hashabiah (1CH 9:14). Recorded as male; listed with tribe: Levi."
Bakbakkar_1,Bakbakkar,,counted among the Levites carried into exile (1CH 9:15),male,Levi,"In this dataset, Bakbakkar is described as counted among the Levites carried into exile (1CH 9:15). Recorded as male; listed with tribe: Levi.",1,1618,"In this dataset, Bakbakkar is described as counted among the Levites carried into exile (1CH 9:15). Recorded as male; listed with tribe: Levi."
Heresh_1,Heresh,,counted among the Levites carried into exile (1CH 9:15),male,Levi,"In this dataset, Heresh is described as counted among the Levites carried into exile (1CH 9:15). Recorded as male; listed with tribe: Levi.",1,1619,"In this dataset, Heresh is described as counted among the Levites carried into exile (1CH 9:15). Recorded as male; listed with tribe: Levi."
Galal_1,Galal,,counted among the Levites carried into exile (1CH 9:15)- son of Jeduthun (1CH 9:16),male,Levi,"In this dataset, Galal is described as counted among the Levites carried into exile (1CH 9:15)- son of Jeduthun (1CH 9:16). Recorded as male; listed with tribe: Levi.",1,1620,"In this dataset, Galal is described as counted among the Levites carried into exile (1CH 9:15)- son of Jeduthun (1CH 9:16). Recorded as male; listed with tribe: Levi."
Mattaniah_2,Mattaniah,,"son of Mica (1CH 9:15), Levite (NEH 12:8)",male,Levi,"In this dataset, Mattaniah is described as son of Mica (1CH 9:15), Levite (NEH 12:8). Recorded as male; listed with tribe: Levi.",2,1621,"In this dataset, Mattaniah is described as son of Mica (1CH 9:15), Levite (NEH 12:8). Recorded as male; listed with tribe: Levi."
Mica_2,Mica,,son of Zichri (1CH 9:15),male,Levi,"In this dataset, Mica is described as son of Zichri (1CH 9:15). Recorded as male; listed with tribe: Levi.",2,1622,"In this dataset, Mica is described as son of Zichri (1CH 9:15). Recorded as male; listed with tribe: Levi."
Zichri_5,Zichri,,son of Asaph (1CH 9:15),male,Levi,"In this dataset, Zichri is described as son of Asaph (1CH 9:15). Recorded as male; listed with tribe: Levi.",5,1623,"In this dataset, Zichri is described as son of Asaph (1CH 9:15). Recorded as male; listed with tribe: Levi."
Asaph_3,Asaph,,"father of Zichri (1CH 9:15), singer (EZR 2:41, NEH 7:44)",male,Levi,"In this dataset, Asaph is described as father of Zichri (1CH 9:15), singer (EZR 2:41, NEH 7:44). Recorded as male; listed with tribe: Levi.",3,1624,"In this dataset, Asaph is described as father of Zichri (1CH 9:15), singer (EZR 2:41, NEH 7:44). Recorded as male; listed with tribe: Levi."
Obadiah_5,Obadiah,,son of Shemaiah (1CH 9:16),male,Levi,"In this dataset, Obadiah is described as son of Shemaiah (1CH 9:16). Recorded as male; listed with tribe: Levi.",5,1625,"In this dataset, Obadiah is described as son of Shemaiah (1CH 9:16). Recorded as male; listed with tribe: Levi."
Shemaiah_6,Shemaiah,,son of Galal (1CH 9:16),male,Levi,"In this dataset, Shemaiah is described as son of Galal (1CH 9:16). Recorded as male; listed with tribe: Levi.",6,1626,"In this dataset, Shemaiah is described as son of Galal (1CH 9:16). Recorded as male; listed with tribe: Levi."
Jeduthun_1,Jeduthun,,father of Galal (1CH 9:16),male,Levi,"In this dataset, Jeduthun is described as father of Galal (1CH 9:16). Recorded as male; listed with tribe: Levi.",1,1627,"In this dataset, Jeduthun is described as father of Galal (1CH 9:16). Recorded as male; listed with tribe: Levi."
Berechiah_3,Berechiah,,son of Asa (1CH 9:16),male,Levi,"In this dataset, Berechiah is described as son of Asa (1CH 9:16). Recorded as male; listed with tribe: Levi.",3,1628,"In this dataset, Berechiah is described as son of Asa (1CH 9:16). Recorded as male; listed with tribe: Levi."
Asa_2,Asa,,son of Elkanah (1CH 9:16),male,Levi,"In this dataset, Asa is described as son of Elkanah (1CH 9:16). Recorded as male; listed with tribe: Levi.",2,1629,"In this dataset, Asa is described as son of Elkanah (1CH 9:16). Recorded as male; listed with tribe: Levi."
Elkanah_6,Elkanah,,lived in the villages of the Netophathites (1CH 9:16),male,Levi,"In this dataset, Elkanah is described as lived in the villages of the Netophathites (1CH 9:16). Recorded as male; listed with tribe: Levi.",6,1630,"In this dataset, Elkanah is described as lived in the villages of the Netophathites (1CH 9:16). Recorded as male; listed with tribe: Levi."
Shallum_7,Shallum,,"one of the gatekeepers (1CH 9:17), to the east (1CH 26:14), gatekeeper (EZR 2:42, NEH 7:45, NEH 12:25)",male,Levi,"In this dataset, Shallum is described as one of the gatekeepers (1CH 9:17), to the east (1CH 26:14), gatekeeper (EZR 2:42, NEH 7:45, NEH 12:25). Recorded as male; listed with tribe: Levi.",7,1631,"In this dataset, Shallum is described as one of the gatekeepers (1CH 9:17), to the east (1CH 26:14), gatekeeper (EZR 2:42, NEH 7:45, NEH 12:25). Recorded as male; listed with tribe: Levi."
Akkub_2,Akkub,,"one of the gatekeepers (1CH 9:17, EZR 2:42, NEH 7:45, NEH 12:25)",male,Levi,"In this dataset, Akkub is described as one of the gatekeepers (1CH 9:17, EZR 2:42, NEH 7:45, NEH 12:25). Recorded as male; listed with tribe: Levi.",2,1632,"In this dataset, Akkub is described as one of the gatekeepers (1CH 9:17, EZR 2:42, NEH 7:45, NEH 12:25). Recorded as male; listed with tribe: Levi."
Talmon_1,Talmon,,"one of the gatekeepers (1CH 9:17, EZR 2:42, NEH 7:45, NEH 12:25)",male,Levi,"In this dataset, Talmon is described as one of the gatekeepers (1CH 9:17, EZR 2:42, NEH 7:45, NEH 12:25). Recorded as male; listed with tribe: Levi.",1,1633,"In this dataset, Talmon is described as one of the gatekeepers (1CH 9:17, EZR 2:42, NEH 7:45, NEH 12:25). Recorded as male; listed with tribe: Levi."
Ahiman_2,Ahiman,,one of the gatekeepers (1CH 9:17),male,Levi,"In this dataset, Ahiman is described as one of the gatekeepers (1CH 9:17). Recorded as male; listed with tribe: Levi.",2,1634,"In this dataset, Ahiman is described as one of the gatekeepers (1CH 9:17). Recorded as male; listed with tribe: Levi."
Kore_1,Kore,,"father of Shallum, descendant of Korah (1CH 9:19)",male,Levi,"In this dataset, Kore is described as father of Shallum, descendant of Korah (1CH 9:19). Recorded as male; listed with tribe: Levi.",1,1635,"In this dataset, Kore is described as father of Shallum, descendant of Korah (1CH 9:19). Recorded as male; listed with tribe: Levi."
Zechariah_4,Zechariah,,"son of Meshelemiah [Shallum] (1CH 9:21), gatekeeper (1CH 26:14)",male,Levi,"In this dataset, Zechariah is described as son of Meshelemiah [Shallum] (1CH 9:21), gatekeeper (1CH 26:14). Recorded as male; listed with tribe: Levi.",4,1636,"In this dataset, Zechariah is described as son of Meshelemiah [Shallum] (1CH 9:21), gatekeeper (1CH 26:14). Recorded as male; listed with tribe: Levi."
Mattithiah_1,Mattithiah,,firstborn of Shallum (1CH 9:31),male,Levi,"In this dataset, Mattithiah is described as firstborn of Shallum (1CH 9:31). Recorded as male; listed with tribe: Levi.",1,1637,"In this dataset, Mattithiah is described as firstborn of Shallum (1CH 9:31). Recorded as male; listed with tribe: Levi."
Jeiel_2,Jeiel,,the father of [the city of ] Gibeon (1CH 9:35),male,Benjamin,"In this dataset, Jeiel is described as the father of [the city of ] Gibeon (1CH 9:35). Recorded as male; listed with tribe: Benjamin.",2,1638,"In this dataset, Jeiel is described as the father of [the city of ] Gibeon (1CH 9:35). Recorded as male; listed with tribe: Benjamin."
Ahijah_6,Ahijah,,the Pelonite (1CH 11:36),male,,"In this dataset, Ahijah is described as the Pelonite (1CH 11:36). Recorded as male.",6,1639,"In this dataset, Ahijah is described as the Pelonite (1CH 11:36). Recorded as male."
Ezbai_1,Ezbai,,father of Naarai (1CH 11:37) [Paarai in 2SA 23:35],male,,"In this dataset, Ezbai is described as father of Naarai (1CH 11:37) [Paarai in 2SA 23:35]. Recorded as male.",1,1640,"In this dataset, Ezbai is described as father of Naarai (1CH 11:37) [Paarai in 2SA 23:35]. Recorded as male."
Hagri_1,Hagri,,father of Mibhar (Bani_1) (1CH 11:38),male,,"In this dataset, Hagri is described as father of Mibhar (Bani_1) (1CH 11:38). Recorded as male.",1,1641,"In this dataset, Hagri is described as father of Mibhar (Bani_1) (1CH 11:38). Recorded as male."
Zabad_3,Zabad,,son of Ahlai (1CH 11:41),male,,"In this dataset, Zabad is described as son of Ahlai (1CH 11:41). Recorded as male.",3,1642,"In this dataset, Zabad is described as son of Ahlai (1CH 11:41). Recorded as male."
Ahlai_2,Ahlai,,father of Zabad (1CH 11:41),male,,"In this dataset, Ahlai is described as father of Zabad (1CH 11:41). Recorded as male.",2,1643,"In this dataset, Ahlai is described as father of Zabad (1CH 11:41). Recorded as male."
Adina_1,Adina,,son of Shiza (1CH 11:42),male,Reuben,"In this dataset, Adina is described as son of Shiza (1CH 11:42). Recorded as male; listed with tribe: Reuben.",1,1644,"In this dataset, Adina is described as son of Shiza (1CH 11:42). Recorded as male; listed with tribe: Reuben."
Shiza_1,Shiza,,the Reubenite (1CH 11:42),male,Reuben,"In this dataset, Shiza is described as the Reubenite (1CH 11:42). Recorded as male; listed with tribe: Reuben.",1,1645,"In this dataset, Shiza is described as the Reubenite (1CH 11:42). Recorded as male; listed with tribe: Reuben."
Hanan_3,Hanan,,son of Maacah and Joshaphat the Mithnite (1CH 11:43),male,,"In this dataset, Hanan is described as son of Maacah and Joshaphat the Mithnite (1CH 11:43). Recorded as male.",3,1646,"In this dataset, Hanan is described as son of Maacah and Joshaphat the Mithnite (1CH 11:43). Recorded as male."
Maacah_7,Maacah,,mother of Hanan (1CH 11:43),female,,"In this dataset, Maacah is described as mother of Hanan (1CH 11:43). Recorded as female.",7,1647,"In this dataset, Maacah is described as mother of Hanan (1CH 11:43). Recorded as female."
Joshaphat_1,Joshaphat,,the Mithnite (1CH 11:43),male,,"In this dataset, Joshaphat is described as the Mithnite (1CH 11:43). Recorded as male.",1,1648,"In this dataset, Joshaphat is described as the Mithnite (1CH 11:43). Recorded as male."
Uzzia_1,Uzzia,,the Ashterathite (1CH 11:44),male,,"In this dataset, Uzzia is described as the Ashterathite (1CH 11:44). Recorded as male.",1,1649,"In this dataset, Uzzia is described as the Ashterathite (1CH 11:44). Recorded as male."
Shama_1,Shama,,son of Hotham the Aroerite (1CH 11:44),male,,"In this dataset, Shama is described as son of Hotham the Aroerite (1CH 11:44). Recorded as male.",1,1650,"In this dataset, Shama is described as son of Hotham the Aroerite (1CH 11:44). Recorded as male."
Jeiel_3,Jeiel,,son of Hotham the Aroerite (1CH 11:44),male,,"In this dataset, Jeiel is described as son of Hotham the Aroerite (1CH 11:44). Recorded as male.",3,1651,"In this dataset, Jeiel is described as son of Hotham the Aroerite (1CH 11:44). Recorded as male."
Hotham_2,Hotham,,the Aroerite (1CH 11:44),male,,"In this dataset, Hotham is described as the Aroerite (1CH 11:44). Recorded as male.",2,1652,"In this dataset, Hotham is described as the Aroerite (1CH 11:44). Recorded as male."
Jediael_1,Jediael,,son of Shimri (1CH 11:45),male,,"In this dataset, Jediael is described as son of Shimri (1CH 11:45). Recorded as male.",1,1653,"In this dataset, Jediael is described as son of Shimri (1CH 11:45). Recorded as male."
Shimri_2,Shimri,,father of Jediael (1CH 11:45),male,,"In this dataset, Shimri is described as father of Jediael (1CH 11:45). Recorded as male.",2,1654,"In this dataset, Shimri is described as father of Jediael (1CH 11:45). Recorded as male."
Joha_2,Joha,,"the Tizite, brother of Jediael (1CH 11:45)",male,,"In this dataset, Joha is described as the Tizite, brother of Jediael (1CH 11:45). Recorded as male.",2,1655,"In this dataset, Joha is described as the Tizite, brother of Jediael (1CH 11:45). Recorded as male."
Eliel_4,Eliel,,the Mahavite (1CH 11:46),male,,"In this dataset, Eliel is described as the Mahavite (1CH 11:46). Recorded as male.",4,1656,"In this dataset, Eliel is described as the Mahavite (1CH 11:46). Recorded as male."
Jeribai_1,Jeribai,,son of Elnaam (1CH 11:46),male,,"In this dataset, Jeribai is described as son of Elnaam (1CH 11:46). Recorded as male.",1,1657,"In this dataset, Jeribai is described as son of Elnaam (1CH 11:46). Recorded as male."
Joshaviah_1,Joshaviah,,son of Elnaam (1CH 11:46),male,,"In this dataset, Joshaviah is described as son of Elnaam (1CH 11:46). Recorded as male.",1,1658,"In this dataset, Joshaviah is described as son of Elnaam (1CH 11:46). Recorded as male."
Elnaam_1,Elnaam,,father of Jeribai and Joshaviah (1CH 11:46),male,,"In this dataset, Elnaam is described as father of Jeribai and Joshaviah (1CH 11:46). Recorded as male.",1,1659,"In this dataset, Elnaam is described as father of Jeribai and Joshaviah (1CH 11:46). Recorded as male."
Ithmah_1,Ithmah,,the Moabite (1CH 11:46),male,,"In this dataset, Ithmah is described as the Moabite (1CH 11:46). Recorded as male.",1,1660,"In this dataset, Ithmah is described as the Moabite (1CH 11:46). Recorded as male."
Eliel_5,Eliel,,counted among the mighty men of David's armies (1CH 11:47),male,,"In this dataset, Eliel is described as counted among the mighty men of David's armies (1CH 11:47). Recorded as male.",5,1661,"In this dataset, Eliel is described as counted among the mighty men of David's armies (1CH 11:47). Recorded as male."
Obed_3,Obed,,counted among the mighty men of David's armies (1CH 11:47),male,,"In this dataset, Obed is described as counted among the mighty men of David's armies (1CH 11:47). Recorded as male.",3,1662,"In this dataset, Obed is described as counted among the mighty men of David's armies (1CH 11:47). Recorded as male."
Jaasiel_1,Jaasiel,,the Mezobaite (1CH 11:47),male,,"In this dataset, Jaasiel is described as the Mezobaite (1CH 11:47). Recorded as male.",1,1663,"In this dataset, Jaasiel is described as the Mezobaite (1CH 11:47). Recorded as male."
Ahiezer_2,Ahiezer,,chief of the Benjamites who came to David at Ziklag (1CH 12:3),male,Benjamin,"In this dataset, Ahiezer is described as chief of the Benjamites who came to David at Ziklag (1CH 12:3). Recorded as male; listed with tribe: Benjamin.",2,1664,"In this dataset, Ahiezer is described as chief of the Benjamites who came to David at Ziklag (1CH 12:3). Recorded as male; listed with tribe: Benjamin."
Joash_7,Joash,,son of Shemaah (1CH 12:3),male,Benjamin,"In this dataset, Joash is described as son of Shemaah (1CH 12:3). Recorded as male; listed with tribe: Benjamin.",7,1665,"In this dataset, Joash is described as son of Shemaah (1CH 12:3). Recorded as male; listed with tribe: Benjamin."
Shemaah_1,Shemaah,,the Gibeathite (1CH 12:3),male,Benjamin,"In this dataset, Shemaah is described as the Gibeathite (1CH 12:3). Recorded as male; listed with tribe: Benjamin.",1,1666,"In this dataset, Shemaah is described as the Gibeathite (1CH 12:3). Recorded as male; listed with tribe: Benjamin."
Jeziel_1,Jeziel,,son of Azmaveth (1CH 12:3),male,Benjamin,"In this dataset, Jeziel is described as son of Azmaveth (1CH 12:3). Recorded as male; listed with tribe: Benjamin.",1,1667,"In this dataset, Jeziel is described as son of Azmaveth (1CH 12:3). Recorded as male; listed with tribe: Benjamin."
Pelet_2,Pelet,,son of Azmaveth (1CH 12:3),male,Benjamin,"In this dataset, Pelet is described as son of Azmaveth (1CH 12:3). Recorded as male; listed with tribe: Benjamin.",2,1668,"In this dataset, Pelet is described as son of Azmaveth (1CH 12:3). Recorded as male; listed with tribe: Benjamin."
Beracah_1,Beracah,,the Anathothite (1CH 12:3),male,Benjamin,"In this dataset, Beracah is described as the Anathothite (1CH 12:3). Recorded as male; listed with tribe: Benjamin.",1,1669,"In this dataset, Beracah is described as the Anathothite (1CH 12:3). Recorded as male; listed with tribe: Benjamin."
Jehu_5,Jehu,,the Anathothite (1CH 12:3),male,Benjamin,"In this dataset, Jehu is described as the Anathothite (1CH 12:3). Recorded as male; listed with tribe: Benjamin.",5,1670,"In this dataset, Jehu is described as the Anathothite (1CH 12:3). Recorded as male; listed with tribe: Benjamin."
Jeremiah_3,Jeremiah,,Benjamite who came to David's aid at Ziklag (1CH 12:4),male,Benjamin,"In this dataset, Jeremiah is described as Benjamite who came to David's aid at Ziklag (1CH 12:4). Recorded as male; listed with tribe: Benjamin.",3,1671,"In this dataset, Jeremiah is described as Benjamite who came to David's aid at Ziklag (1CH 12:4). Recorded as male; listed with tribe: Benjamin."
Jahaziel_1,Jahaziel,,Benjamite who came to David's aid at Ziklag (1CH 12:4),male,Benjamin,"In this dataset, Jahaziel is described as Benjamite who came to David's aid at Ziklag (1CH 12:4). Recorded as male; listed with tribe: Benjamin.",1,1672,"In this dataset, Jahaziel is described as Benjamite who came to David's aid at Ziklag (1CH 12:4). Recorded as male; listed with tribe: Benjamin."
Johanan_4,Johanan,,Benjamite who came to David's aid at Ziklag (1CH 12:4),male,Benjamin,"In this dataset, Johanan is described as Benjamite who came to David's aid at Ziklag (1CH 12:4). Recorded as male; listed with tribe: Benjamin.",4,1673,"In this dataset, Johanan is described as Benjamite who came to David's aid at Ziklag (1CH 12:4). Recorded as male; listed with tribe: Benjamin."
Jozabad_1,Jozabad,,the Gederathite (1CH 12:4),male,Benjamin,"In this dataset, Jozabad is described as the Gederathite (1CH 12:4). Recorded as male; listed with tribe: Benjamin.",1,1674,"In this dataset, Jozabad is described as the Gederathite (1CH 12:4). Recorded as male; listed with tribe: Benjamin."
Eluzai_1,Eluzai,,came to David's aid at Ziklag (1CH 12:5),male,,"In this dataset, Eluzai is described as came to David's aid at Ziklag (1CH 12:5). Recorded as male.",1,1675,"In this dataset, Eluzai is described as came to David's aid at Ziklag (1CH 12:5). Recorded as male."
Jerimoth_2,Jerimoth,,came to David's aid at Ziklag (1CH 12:5),male,,"In this dataset, Jerimoth is described as came to David's aid at Ziklag (1CH 12:5). Recorded as male.",2,1676,"In this dataset, Jerimoth is described as came to David's aid at Ziklag (1CH 12:5). Recorded as male."
Bealiah_1,Bealiah,,came to David's aid at Ziklag (1CH 12:5),male,,"In this dataset, Bealiah is described as came to David's aid at Ziklag (1CH 12:5). Recorded as male.",1,1677,"In this dataset, Bealiah is described as came to David's aid at Ziklag (1CH 12:5). Recorded as male."
Shemariah_1,Shemariah,,came to David's aid at Ziklag (1CH 12:5),male,,"In this dataset, Shemariah is described as came to David's aid at Ziklag (1CH 12:5). Recorded as male.",1,1678,"In this dataset, Shemariah is described as came to David's aid at Ziklag (1CH 12:5). Recorded as male."
Shephatiah_3,Shephatiah,,the Haruphite (1CH 12:5),male,,"In this dataset, Shephatiah is described as the Haruphite (1CH 12:5). Recorded as male.",3,1679,"In this dataset, Shephatiah is described as the Haruphite (1CH 12:5). Recorded as male."
Elkanah_7,Elkanah,,the Korahite (1CH 12:6),male,Levi,"In this dataset, Elkanah is described as the Korahite (1CH 12:6). Recorded as male; listed with tribe: Levi.",7,1680,"In this dataset, Elkanah is described as the Korahite (1CH 12:6). Recorded as male; listed with tribe: Levi."
Isshiah_2,Isshiah,,the Korahite (1CH 12:6),male,Levi,"In this dataset, Isshiah is described as the Korahite (1CH 12:6). Recorded as male; listed with tribe: Levi.",2,1681,"In this dataset, Isshiah is described as the Korahite (1CH 12:6). Recorded as male; listed with tribe: Levi."
Azarel_1,Azarel,,"the Korahite (1CH 12:6), chosen eleventh by lot (1CH 25:18)",male,Levi,"In this dataset, Azarel is described as the Korahite (1CH 12:6), chosen eleventh by lot (1CH 25:18). Recorded as male; listed with tribe: Levi.",1,1682,"In this dataset, Azarel is described as the Korahite (1CH 12:6), chosen eleventh by lot (1CH 25:18). Recorded as male; listed with tribe: Levi."
Joezer_1,Joezer,,the Korahite (1CH 12:6),male,Levi,"In this dataset, Joezer is described as the Korahite (1CH 12:6). Recorded as male; listed with tribe: Levi.",1,1683,"In this dataset, Joezer is described as the Korahite (1CH 12:6). Recorded as male; listed with tribe: Levi."
Jashobeam_1,Jashobeam,,the Korahite (1CH 12:6),male,Levi,"In this dataset, Jashobeam is described as the Korahite (1CH 12:6). Recorded as male; listed with tribe: Levi.",1,1684,"In this dataset, Jashobeam is described as the Korahite (1CH 12:6). Recorded as male; listed with tribe: Levi."
Joelah_1,Joelah,,son of Jeroham of Gedor (1CH 12:7),male,,"In this dataset, Joelah is described as son of Jeroham of Gedor (1CH 12:7). Recorded as male.",1,1685,"In this dataset, Joelah is described as son of Jeroham of Gedor (1CH 12:7). Recorded as male."
Zebadiah_3,Zebadiah,,son of Jeroham of Gedor (1CH 12:7),male,,"In this dataset, Zebadiah is described as son of Jeroham of Gedor (1CH 12:7). Recorded as male.",3,1686,"In this dataset, Zebadiah is described as son of Jeroham of Gedor (1CH 12:7). Recorded as male."
Jeroham_4,Jeroham,,from Gedor (1CH 12:7),male,,"In this dataset, Jeroham is described as from Gedor (1CH 12:7). Recorded as male.",4,1687,"In this dataset, Jeroham is described as from Gedor (1CH 12:7). Recorded as male."
Ezer_4,Ezer,,first among the Gadites to go to David (1CH 12:9),male,Gad,"In this dataset, Ezer is described as first among the Gadites to go to David (1CH 12:9). Recorded as male; listed with tribe: Gad.",4,1688,"In this dataset, Ezer is described as first among the Gadites to go to David (1CH 12:9). Recorded as male; listed with tribe: Gad."
Obadiah_6,Obadiah,,second among the Gadites to go to David (1CH 12:9),male,Gad,"In this dataset, Obadiah is described as second among the Gadites to go to David (1CH 12:9). Recorded as male; listed with tribe: Gad.",6,1689,"In this dataset, Obadiah is described as second among the Gadites to go to David (1CH 12:9). Recorded as male; listed with tribe: Gad."
Eliab_4,Eliab,,third among the Gadites to go to David (1CH 12:9),male,Gad,"In this dataset, Eliab is described as third among the Gadites to go to David (1CH 12:9). Recorded as male; listed with tribe: Gad.",4,1690,"In this dataset, Eliab is described as third among the Gadites to go to David (1CH 12:9). Recorded as male; listed with tribe: Gad."
Mishmannah_1,Mishmannah,,fourth among the Gadites to go to David (1CH 12:10),male,Gad,"In this dataset, Mishmannah is described as fourth among the Gadites to go to David (1CH 12:10). Recorded as male; listed with tribe: Gad.",1,1691,"In this dataset, Mishmannah is described as fourth among the Gadites to go to David (1CH 12:10). Recorded as male; listed with tribe: Gad."
Jeremiah_4,Jeremiah,,fifth among the Gadites to go to David (1CH 12:10),male,Gad,"In this dataset, Jeremiah is described as fifth among the Gadites to go to David (1CH 12:10). Recorded as male; listed with tribe: Gad.",4,1692,"In this dataset, Jeremiah is described as fifth among the Gadites to go to David (1CH 12:10). Recorded as male; listed with tribe: Gad."
Attai_2,Attai,,sixth among the Gadites to go to David (1CH 12:11),male,Gad,"In this dataset, Attai is described as sixth among the Gadites to go to David (1CH 12:11). Recorded as male; listed with tribe: Gad.",2,1693,"In this dataset, Attai is described as sixth among the Gadites to go to David (1CH 12:11). Recorded as male; listed with tribe: Gad."
Eliel_6,Eliel,,seventh among the Gadites to go to David (1CH 12:11),male,Gad,"In this dataset, Eliel is described as seventh among the Gadites to go to David (1CH 12:11). Recorded as male; listed with tribe: Gad.",6,1694,"In this dataset, Eliel is described as seventh among the Gadites to go to David (1CH 12:11). Recorded as male; listed with tribe: Gad."
Johanan_5,Johanan,,eighth among the Gadites to go to David (1CH 12:12),male,Gad,"In this dataset, Johanan is described as eighth among the Gadites to go to David (1CH 12:12). Recorded as male; listed with tribe: Gad.",5,1695,"In this dataset, Johanan is described as eighth among the Gadites to go to David (1CH 12:12). Recorded as male; listed with tribe: Gad."
Elzabad_1,Elzabad,,ninth among the Gadites to go to David (1CH 12:12),male,Gad,"In this dataset, Elzabad is described as ninth among the Gadites to go to David (1CH 12:12). Recorded as male; listed with tribe: Gad.",1,1696,"In this dataset, Elzabad is described as ninth among the Gadites to go to David (1CH 12:12). Recorded as male; listed with tribe: Gad."
Jeremiah_5,Jeremiah,,tenth among the Gadites to go to David (1CH 12:13),male,Gad,"In this dataset, Jeremiah is described as tenth among the Gadites to go to David (1CH 12:13). Recorded as male; listed with tribe: Gad.",5,1697,"In this dataset, Jeremiah is described as tenth among the Gadites to go to David (1CH 12:13). Recorded as male; listed with tribe: Gad."
Machbannai_1,Machbannai,,eleventh among the Gadites to go to David (1CH 12:13),male,Gad,"In this dataset, Machbannai is described as eleventh among the Gadites to go to David (1CH 12:13). Recorded as male; listed with tribe: Gad.",1,1698,"In this dataset, Machbannai is described as eleventh among the Gadites to go to David (1CH 12:13). Recorded as male; listed with tribe: Gad."
Adnah_1,Adnah,,captain of thousands who defected to David (1CH 12:20),male,Manasseh,"In this dataset, Adnah is described as captain of thousands who defected to David (1CH 12:20). Recorded as male; listed with tribe: Manasseh.",1,1699,"In this dataset, Adnah is described as captain of thousands who defected to David (1CH 12:20). Recorded as male; listed with tribe: Manasseh."
Jozabad_2,Jozabad,,captain of thousands who defected to David (1CH 12:20),male,Manasseh,"In this dataset, Jozabad is described as captain of thousands who defected to David (1CH 12:20). Recorded as male; listed with tribe: Manasseh.",2,1700,"In this dataset, Jozabad is described as captain of thousands who defected to David (1CH 12:20). Recorded as male; listed with tribe: Manasseh."
Jediael_2,Jediael,,captain of thousands who defected to David (1CH 12:20),male,Manasseh,"In this dataset, Jediael is described as captain of thousands who defected to David (1CH 12:20). Recorded as male; listed with tribe: Manasseh.",2,1701,"In this dataset, Jediael is described as captain of thousands who defected to David (1CH 12:20). Recorded as male; listed with tribe: Manasseh."
Michael_6,Michael,,captain of thousands who defected to David (1CH 12:20),male,Manasseh,"In this dataset, Michael is described as captain of thousands who defected to David (1CH 12:20). Recorded as male; listed with tribe: Manasseh.",6,1702,"In this dataset, Michael is described as captain of thousands who defected to David (1CH 12:20). Recorded as male; listed with tribe: Manasseh."
Jozabad_3,Jozabad,,captain of thousands who defected to David (1CH 12:20),male,Manasseh,"In this dataset, Jozabad is described as captain of thousands who defected to David (1CH 12:20). Recorded as male; listed with tribe: Manasseh.",3,1703,"In this dataset, Jozabad is described as captain of thousands who defected to David (1CH 12:20). Recorded as male; listed with tribe: Manasseh."
Elihu_2,Elihu,,captain of thousands who defected to David (1CH 12:20),male,Manasseh,"In this dataset, Elihu is described as captain of thousands who defected to David (1CH 12:20). Recorded as male; listed with tribe: Manasseh.",2,1704,"In this dataset, Elihu is described as captain of thousands who defected to David (1CH 12:20). Recorded as male; listed with tribe: Manasseh."
Zillethai_2,Zillethai,,captain of thousands who defected to David (1CH 12:20),male,Manasseh,"In this dataset, Zillethai is described as captain of thousands who defected to David (1CH 12:20). Recorded as male; listed with tribe: Manasseh.",2,1705,"In this dataset, Zillethai is described as captain of thousands who defected to David (1CH 12:20). Recorded as male; listed with tribe: Manasseh."
Joel_6,Joel,,"chief of the sons of Gershom (1CH 15:7), son of Ladan (1CH 23:8)",male,Levi,"In this dataset, Joel is described as chief of the sons of Gershom (1CH 15:7), son of Ladan (1CH 23:8). Recorded as male; listed with tribe: Levi.",6,1706,"In this dataset, Joel is described as chief of the sons of Gershom (1CH 15:7), son of Ladan (1CH 23:8). Recorded as male; listed with tribe: Levi."
Shemaiah_7,Shemaiah,,chief of the sons of Elizaphan (1CH 15:8),male,Levi,"In this dataset, Shemaiah is described as chief of the sons of Elizaphan (1CH 15:8). Recorded as male; listed with tribe: Levi.",7,1707,"In this dataset, Shemaiah is described as chief of the sons of Elizaphan (1CH 15:8). Recorded as male; listed with tribe: Levi."
Eliel_7,Eliel,,chief of the sons of Hebron (1CH 15:9),male,Levi,"In this dataset, Eliel is described as chief of the sons of Hebron (1CH 15:9). Recorded as male; listed with tribe: Levi.",7,1708,"In this dataset, Eliel is described as chief of the sons of Hebron (1CH 15:9). Recorded as male; listed with tribe: Levi."
Amminadab_2,Amminadab,,chief of the sons of Uzziel (1CH 15:10),male,Levi,"In this dataset, Amminadab is described as chief of the sons of Uzziel (1CH 15:10). Recorded as male; listed with tribe: Levi.",2,1709,"In this dataset, Amminadab is described as chief of the sons of Uzziel (1CH 15:10). Recorded as male; listed with tribe: Levi."
Zechariah_5,Zechariah,,"second rank Levite, gatekeeper (1CH 15:18), a trumpeter (1CH 15:24)",male,Levi,"In this dataset, Zechariah is described as second rank Levite, gatekeeper (1CH 15:18), a trumpeter (1CH 15:24). Recorded as male; listed with tribe: Levi.",5,1710,"In this dataset, Zechariah is described as second rank Levite, gatekeeper (1CH 15:18), a trumpeter (1CH 15:24). Recorded as male; listed with tribe: Levi."
Ben_1,Ben,,"second rank Levite, gatekeeper (1CH 15:18)",male,Levi,"In this dataset, Ben is described as second rank Levite, gatekeeper (1CH 15:18). Recorded as male; listed with tribe: Levi.",1,1711,"In this dataset, Ben is described as second rank Levite, gatekeeper (1CH 15:18). Recorded as male; listed with tribe: Levi."
Jaaziel_1,Jaaziel,,"second rank Levite, gatekeeper (1CH 15:18)",male,Levi,"In this dataset, Jaaziel is described as second rank Levite, gatekeeper (1CH 15:18). Recorded as male; listed with tribe: Levi.",1,1712,"In this dataset, Jaaziel is described as second rank Levite, gatekeeper (1CH 15:18). Recorded as male; listed with tribe: Levi."
Shemiramoth_1,Shemiramoth,,"second rank Levite, gatekeeper (1CH 15:18)",male,Levi,"In this dataset, Shemiramoth is described as second rank Levite, gatekeeper (1CH 15:18). Recorded as male; listed with tribe: Levi.",1,1713,"In this dataset, Shemiramoth is described as second rank Levite, gatekeeper (1CH 15:18). Recorded as male; listed with tribe: Levi."
Jehiel_1,Jehiel,,"second rank Levite, gatekeeper (1CH 15:18), son of Ladan [Libni_1] (1CH 23:8)",male,Levi,"In this dataset, Jehiel is described as second rank Levite, gatekeeper (1CH 15:18), son of Ladan [Libni_1] (1CH 23:8). Recorded as male; listed with tribe: Levi.",1,1714,"In this dataset, Jehiel is described as second rank Levite, gatekeeper (1CH 15:18), son of Ladan [Libni_1] (1CH 23:8). Recorded as male; listed with tribe: Levi."
Unni_1,Unni,,"second rank Levite, gatekeeper (1CH 15:18)",male,Levi,"In this dataset, Unni is described as second rank Levite, gatekeeper (1CH 15:18). Recorded as male; listed with tribe: Levi.",1,1715,"In this dataset, Unni is described as second rank Levite, gatekeeper (1CH 15:18). Recorded as male; listed with tribe: Levi."
Eliab_5,Eliab,,"second rank Levite, gatekeeper (1CH 15:18)",male,Levi,"In this dataset, Eliab is described as second rank Levite, gatekeeper (1CH 15:18). Recorded as male; listed with tribe: Levi.",5,1716,"In this dataset, Eliab is described as second rank Levite, gatekeeper (1CH 15:18). Recorded as male; listed with tribe: Levi."
Benaiah_4,Benaiah,,"second rank Levite, gatekeeper (1CH 15:18), a trumpeter (1CH 15:24)",male,Levi,"In this dataset, Benaiah is described as second rank Levite, gatekeeper (1CH 15:18), a trumpeter (1CH 15:24). Recorded as male; listed with tribe: Levi.",4,1717,"In this dataset, Benaiah is described as second rank Levite, gatekeeper (1CH 15:18), a trumpeter (1CH 15:24). Recorded as male; listed with tribe: Levi."
Maaseiah_1,Maaseiah,,"second rank Levite, gatekeeper (1CH 15:18)",male,Levi,"In this dataset, Maaseiah is described as second rank Levite, gatekeeper (1CH 15:18). Recorded as male; listed with tribe: Levi.",1,1718,"In this dataset, Maaseiah is described as second rank Levite, gatekeeper (1CH 15:18). Recorded as male; listed with tribe: Levi."
Mattithiah_2,Mattithiah,,"second rank Levite, gatekeeper (1CH 15:18)",male,Levi,"In this dataset, Mattithiah is described as second rank Levite, gatekeeper (1CH 15:18). Recorded as male; listed with tribe: Levi.",2,1719,"In this dataset, Mattithiah is described as second rank Levite, gatekeeper (1CH 15:18). Recorded as male; listed with tribe: Levi."
Eliphelehu_1,Eliphelehu,,"second rank Levite, gatekeeper (1CH 15:18)",male,Levi,"In this dataset, Eliphelehu is described as second rank Levite, gatekeeper (1CH 15:18). Recorded as male; listed with tribe: Levi.",1,1720,"In this dataset, Eliphelehu is described as second rank Levite, gatekeeper (1CH 15:18). Recorded as male; listed with tribe: Levi."
Mikneiah_1,Mikneiah,,"second rank Levite, gatekeeper (1CH 15:18)",male,Levi,"In this dataset, Mikneiah is described as second rank Levite, gatekeeper (1CH 15:18). Recorded as male; listed with tribe: Levi.",1,1721,"In this dataset, Mikneiah is described as second rank Levite, gatekeeper (1CH 15:18). Recorded as male; listed with tribe: Levi."
Obed-edom_2,Obed-edom,,"second rank Levite, gatekeeper (1CH 15:18), the south gate (1CH 26:15)",male,Levi,"In this dataset, Obed-edom is described as second rank Levite, gatekeeper (1CH 15:18), the south gate (1CH 26:15). Recorded as male; listed with tribe: Levi.",2,1722,"In this dataset, Obed-edom is described as second rank Levite, gatekeeper (1CH 15:18), the south gate (1CH 26:15). Recorded as male; listed with tribe: Levi."
Jeiel_4,Jeiel,,"second rank Levite, gatekeeper (1CH 15:18)",male,Levi,"In this dataset, Jeiel is described as second rank Levite, gatekeeper (1CH 15:18). Recorded as male; listed with tribe: Levi.",4,1723,"In this dataset, Jeiel is described as second rank Levite, gatekeeper (1CH 15:18). Recorded as male; listed with tribe: Levi."
Aziel_1,Aziel,,harp-playing Levite (1CH 15:20),male,Levi,"In this dataset, Aziel is described as harp-playing Levite (1CH 15:20). Recorded as male; listed with tribe: Levi.",1,1724,"In this dataset, Aziel is described as harp-playing Levite (1CH 15:20). Recorded as male; listed with tribe: Levi."
Azaziah_1,Azaziah,,lyre-playing Levite (1CH 15:21),male,Levi,"In this dataset, Azaziah is described as lyre-playing Levite (1CH 15:21). Recorded as male; listed with tribe: Levi.",1,1725,"In this dataset, Azaziah is described as lyre-playing Levite (1CH 15:21). Recorded as male; listed with tribe: Levi."
Chenaniah_1,Chenaniah,,"chief of the Levites (1CH 15:22), descendant of Izhar (1CH 26:29)",male,Levi,"In this dataset, Chenaniah is described as chief of the Levites (1CH 15:22), descendant of Izhar (1CH 26:29). Recorded as male; listed with tribe: Levi.",1,1726,"In this dataset, Chenaniah is described as chief of the Levites (1CH 15:22), descendant of Izhar (1CH 26:29). Recorded as male; listed with tribe: Levi."
Jehiah_1,Jehiah,,one of the gatekeepers for the ark (1CH 15:23),male,Levi,"In this dataset, Jehiah is described as one of the gatekeepers for the ark (1CH 15:23). Recorded as male; listed with tribe: Levi.",1,1727,"In this dataset, Jehiah is described as one of the gatekeepers for the ark (1CH 15:23). Recorded as male; listed with tribe: Levi."
Shebaniah_1,Shebaniah,,trumpeter (1CH 15:24),male,Levi,"In this dataset, Shebaniah is described as trumpeter (1CH 15:24). Recorded as male; listed with tribe: Levi.",1,1728,"In this dataset, Shebaniah is described as trumpeter (1CH 15:24). Recorded as male; listed with tribe: Levi."
Joshaphat_2,Joshaphat,,trumpeter (1CH 15:24),male,Levi,"In this dataset, Joshaphat is described as trumpeter (1CH 15:24). Recorded as male; listed with tribe: Levi.",2,1729,"In this dataset, Joshaphat is described as trumpeter (1CH 15:24). Recorded as male; listed with tribe: Levi."
Nethanel_3,Nethanel,,trumpeter (1CH 15:24),male,Levi,"In this dataset, Nethanel is described as trumpeter (1CH 15:24). Recorded as male; listed with tribe: Levi.",3,1730,"In this dataset, Nethanel is described as trumpeter (1CH 15:24). Recorded as male; listed with tribe: Levi."
Eliezer_4,Eliezer,,trumpeter (1CH 15:24),male,Levi,"In this dataset, Eliezer is described as trumpeter (1CH 15:24). Recorded as male; listed with tribe: Levi.",4,1731,"In this dataset, Eliezer is described as trumpeter (1CH 15:24). Recorded as male; listed with tribe: Levi."
Hosah_1,Hosah,,"one of the gatekeepers (1CH 16:38), to the west (1CH 26:16)",male,Levi,"In this dataset, Hosah is described as one of the gatekeepers (1CH 16:38), to the west (1CH 26:16). Recorded as male; listed with tribe: Levi.",1,1732,"In this dataset, Hosah is described as one of the gatekeepers (1CH 16:38), to the west (1CH 26:16). Recorded as male; listed with tribe: Levi."
Lahmi_1,Lahmi,,the brother of Goliath the Gittite (1CH 20:5),male,,"In this dataset, Lahmi is described as the brother of Goliath the Gittite (1CH 20:5). Recorded as male.",1,1733,"In this dataset, Lahmi is described as the brother of Goliath the Gittite (1CH 20:5). Recorded as male."
Satan_1,Satan,,stood up against Israel and moved David to number Israel (1CH 21:1),male,,"In this dataset, Satan is described as stood up against Israel and moved David to number Israel (1CH 21:1). Recorded as male.",1,1734,"In this dataset, Satan is described as stood up against Israel and moved David to number Israel (1CH 21:1). Recorded as male."
Zetham_1,Zetham,,son of Ladan [Libni_1] (1CH 23:8),male,Levi,"In this dataset, Zetham is described as son of Ladan [Libni_1] (1CH 23:8). Recorded as male; listed with tribe: Levi.",1,1735,"In this dataset, Zetham is described as son of Ladan [Libni_1] (1CH 23:8). Recorded as male; listed with tribe: Levi."
Shimei_9,Shimei,,"son of Ladan [Libni_1] as he was included in the ""fathers' households of Ladan"" (1CH 23:9)",male,Levi,"In this dataset, Shimei is described as son of Ladan [Libni_1] as he was included in the ""fathers' households of Ladan"" (1CH 23:9). Recorded as male; listed with tribe: Levi.",9,1736,"In this dataset, Shimei is described as son of Ladan [Libni_1] as he was included in the ""fathers' households of Ladan"" (1CH 23:9). Recorded as male; listed with tribe: Levi."
Shelomoth_1,Shelomoth,,son of Shimei_8 within the family of Ladan (1CH 23:9),male,Levi,"In this dataset, Shelomoth is described as son of Shimei_8 within the family of Ladan (1CH 23:9). Recorded as male; listed with tribe: Levi.",1,1737,"In this dataset, Shelomoth is described as son of Shimei_8 within the family of Ladan (1CH 23:9). Recorded as male; listed with tribe: Levi."
Haziel_1,Haziel,,son of Shimei_8 within the family of Ladan (1CH 23:9),male,Levi,"In this dataset, Haziel is described as son of Shimei_8 within the family of Ladan (1CH 23:9). Recorded as male; listed with tribe: Levi.",1,1738,"In this dataset, Haziel is described as son of Shimei_8 within the family of Ladan (1CH 23:9). Recorded as male; listed with tribe: Levi."
Haran_3,Haran,,son of Shimei_8 within the family of Ladan (1CH 23:9),male,Levi,"In this dataset, Haran is described as son of Shimei_8 within the family of Ladan (1CH 23:9). Recorded as male; listed with tribe: Levi.",3,1739,"In this dataset, Haran is described as son of Shimei_8 within the family of Ladan (1CH 23:9). Recorded as male; listed with tribe: Levi."
Jahath_4,Jahath,,descendant of Shimei_1 (1CH 23:10),male,Levi,"In this dataset, Jahath is described as descendant of Shimei_1 (1CH 23:10). Recorded as male; listed with tribe: Levi.",4,1740,"In this dataset, Jahath is described as descendant of Shimei_1 (1CH 23:10). Recorded as male; listed with tribe: Levi."
Zina_1,Zina,,descendant of Shimei_1 (1CH 23:10),male,Levi,"In this dataset, Zina is described as descendant of Shimei_1 (1CH 23:10). Recorded as male; listed with tribe: Levi.",1,1741,"In this dataset, Zina is described as descendant of Shimei_1 (1CH 23:10). Recorded as male; listed with tribe: Levi."
Jeush_4,Jeush,,descendant of Shimei_1 (1CH 23:10),male,Levi,"In this dataset, Jeush is described as descendant of Shimei_1 (1CH 23:10). Recorded as male; listed with tribe: Levi.",4,1742,"In this dataset, Jeush is described as descendant of Shimei_1 (1CH 23:10). Recorded as male; listed with tribe: Levi."
Beriah_4,Beriah,,descendant of Shimei_1 (1CH 23:10),male,Levi,"In this dataset, Beriah is described as descendant of Shimei_1 (1CH 23:10). Recorded as male; listed with tribe: Levi.",4,1743,"In this dataset, Beriah is described as descendant of Shimei_1 (1CH 23:10). Recorded as male; listed with tribe: Levi."
Shebuel_1,Shebuel,,"descendant of Gershom (1CH 23:16), officer over the treasures (1CH 26:24)",male,Levi,"In this dataset, Shebuel is described as descendant of Gershom (1CH 23:16), officer over the treasures (1CH 26:24). Recorded as male; listed with tribe: Levi.",1,1744,"In this dataset, Shebuel is described as descendant of Gershom (1CH 23:16), officer over the treasures (1CH 26:24). Recorded as male; listed with tribe: Levi."
Rehabiah_1,Rehabiah,,descendant of Eliezer (1CH 23:17),male,Levi,"In this dataset, Rehabiah is described as descendant of Eliezer (1CH 23:17). Recorded as male; listed with tribe: Levi.",1,1745,"In this dataset, Rehabiah is described as descendant of Eliezer (1CH 23:17). Recorded as male; listed with tribe: Levi."
Shelomith_3,Shelomith,,descendant of Izhar (1CH 23:18),male,Levi,"In this dataset, Shelomith is described as descendant of Izhar (1CH 23:18). Recorded as male; listed with tribe: Levi.",3,1746,"In this dataset, Shelomith is described as descendant of Izhar (1CH 23:18). Recorded as male; listed with tribe: Levi."
Jeriah_1,Jeriah,,"descendant of Hebron (1CH 23:19), chief among the Hebronites from Jazer of Gilead (1CH 26:31)",male,Levi,"In this dataset, Jeriah is described as descendant of Hebron (1CH 23:19), chief among the Hebronites from Jazer of Gilead (1CH 26:31). Recorded as male; listed with tribe: Levi.",1,1747,"In this dataset, Jeriah is described as descendant of Hebron (1CH 23:19), chief among the Hebronites from Jazer of Gilead (1CH 26:31). Recorded as male; listed with tribe: Levi."
Amariah_3,Amariah,,descendant of Hebron (1CH 23:19),male,Levi,"In this dataset, Amariah is described as descendant of Hebron (1CH 23:19). Recorded as male; listed with tribe: Levi.",3,1748,"In this dataset, Amariah is described as descendant of Hebron (1CH 23:19). Recorded as male; listed with tribe: Levi."
Jahaziel_2,Jahaziel,,descendant of Hebron (1CH 23:19),male,Levi,"In this dataset, Jahaziel is described as descendant of Hebron (1CH 23:19). Recorded as male; listed with tribe: Levi.",2,1749,"In this dataset, Jahaziel is described as descendant of Hebron (1CH 23:19). Recorded as male; listed with tribe: Levi."
Jekameam_1,Jekameam,,descendant of Hebron (1CH 23:19),male,Levi,"In this dataset, Jekameam is described as descendant of Hebron (1CH 23:19). Recorded as male; listed with tribe: Levi.",1,1750,"In this dataset, Jekameam is described as descendant of Hebron (1CH 23:19). Recorded as male; listed with tribe: Levi."
Micah_3,Micah,,descendant of Uzziel (1CH 23:20),male,Levi,"In this dataset, Micah is described as descendant of Uzziel (1CH 23:20). Recorded as male; listed with tribe: Levi.",3,1751,"In this dataset, Micah is described as descendant of Uzziel (1CH 23:20). Recorded as male; listed with tribe: Levi."
Isshiah_3,Isshiah,,descendant of Uzziel (1CH 23:20),male,Levi,"In this dataset, Isshiah is described as descendant of Uzziel (1CH 23:20). Recorded as male; listed with tribe: Levi.",3,1752,"In this dataset, Isshiah is described as descendant of Uzziel (1CH 23:20). Recorded as male; listed with tribe: Levi."
Eleazar_4,Eleazar,,descendant of Mahli (1CH 23:21),male,Levi,"In this dataset, Eleazar is described as descendant of Mahli (1CH 23:21). Recorded as male; listed with tribe: Levi.",4,1753,"In this dataset, Eleazar is described as descendant of Mahli (1CH 23:21). Recorded as male; listed with tribe: Levi."
Kish_3,Kish,,descendant of Mahli (1CH 23:21),male,Levi,"In this dataset, Kish is described as descendant of Mahli (1CH 23:21). Recorded as male; listed with tribe: Levi.",3,1754,"In this dataset, Kish is described as descendant of Mahli (1CH 23:21). Recorded as male; listed with tribe: Levi."
Mahli_3,Mahli,,descendant of Mushi (1CH 23:23),male,Levi,"In this dataset, Mahli is described as descendant of Mushi (1CH 23:23). Recorded as male; listed with tribe: Levi.",3,1755,"In this dataset, Mahli is described as descendant of Mushi (1CH 23:23). Recorded as male; listed with tribe: Levi."
Eder_2,Eder,,descendant of Mushi (1CH 23:23),male,Levi,"In this dataset, Eder is described as descendant of Mushi (1CH 23:23). Recorded as male; listed with tribe: Levi.",2,1756,"In this dataset, Eder is described as descendant of Mushi (1CH 23:23). Recorded as male; listed with tribe: Levi."
Jeremoth_3,Jeremoth,,descendant of Mushi (1CH 23:23),male,Levi,"In this dataset, Jeremoth is described as descendant of Mushi (1CH 23:23). Recorded as male; listed with tribe: Levi.",3,1757,"In this dataset, Jeremoth is described as descendant of Mushi (1CH 23:23). Recorded as male; listed with tribe: Levi."
Shemaiah_8,Shemaiah,,son of Nethanel the scribe (1CH 24:6),male,Levi,"In this dataset, Shemaiah is described as son of Nethanel the scribe (1CH 24:6). Recorded as male; listed with tribe: Levi.",8,1758,"In this dataset, Shemaiah is described as son of Nethanel the scribe (1CH 24:6). Recorded as male; listed with tribe: Levi."
Nethanel_4,Nethanel,,"the scribe, father of Shemaiah (1CH 24:6)",male,Levi,"In this dataset, Nethanel is described as the scribe, father of Shemaiah (1CH 24:6). Recorded as male; listed with tribe: Levi.",4,1759,"In this dataset, Nethanel is described as the scribe, father of Shemaiah (1CH 24:6). Recorded as male; listed with tribe: Levi."
Jehoiarib_2,Jehoiarib,,first-chosen priest for the twenty-four courses (1CH 24:7),male,Levi,"In this dataset, Jehoiarib is described as first-chosen priest for the twenty-four courses (1CH 24:7). Recorded as male; listed with tribe: Levi.",2,1760,"In this dataset, Jehoiarib is described as first-chosen priest for the twenty-four courses (1CH 24:7). Recorded as male; listed with tribe: Levi."
Jedaiah_3,Jedaiah,,second-chosen priest for the twenty-four courses (1CH 24:7),male,Levi,"In this dataset, Jedaiah is described as second-chosen priest for the twenty-four courses (1CH 24:7). Recorded as male; listed with tribe: Levi.",3,1761,"In this dataset, Jedaiah is described as second-chosen priest for the twenty-four courses (1CH 24:7). Recorded as male; listed with tribe: Levi."
Harim_1,Harim,,third-chosen priest for the twenty-four courses (1CH 24:8),male,Levi,"In this dataset, Harim is described as third-chosen priest for the twenty-four courses (1CH 24:8). Recorded as male; listed with tribe: Levi.",1,1762,"In this dataset, Harim is described as third-chosen priest for the twenty-four courses (1CH 24:8). Recorded as male; listed with tribe: Levi."
Seorim_1,Seorim,,fourth-chosen priest for the twenty-four courses (1CH 24:8),male,Levi,"In this dataset, Seorim is described as fourth-chosen priest for the twenty-four courses (1CH 24:8). Recorded as male; listed with tribe: Levi.",1,1763,"In this dataset, Seorim is described as fourth-chosen priest for the twenty-four courses (1CH 24:8). Recorded as male; listed with tribe: Levi."
Malchijah_3,Malchijah,,fifth-chosen priest for the twenty-four courses (1CH 24:9),male,Levi,"In this dataset, Malchijah is described as fifth-chosen priest for the twenty-four courses (1CH 24:9). Recorded as male; listed with tribe: Levi.",3,1764,"In this dataset, Malchijah is described as fifth-chosen priest for the twenty-four courses (1CH 24:9). Recorded as male; listed with tribe: Levi."
Mijamin_1,Mijamin,,sixth-chosen priest for the twenty-four courses (1CH 24:9),male,Levi,"In this dataset, Mijamin is described as sixth-chosen priest for the twenty-four courses (1CH 24:9). Recorded as male; listed with tribe: Levi.",1,1765,"In this dataset, Mijamin is described as sixth-chosen priest for the twenty-four courses (1CH 24:9). Recorded as male; listed with tribe: Levi."
Hakkoz_1,Hakkoz,,"seventh-chosen priest for the twenty-four courses (1CH 24:10), his descendants could not show proof of lineage (NEH 7:63)",male,Levi,"In this dataset, Hakkoz is described as seventh-chosen priest for the twenty-four courses (1CH 24:10), his descendants could not show proof of lineage (NEH 7:63). Recorded as male; listed with tribe: Levi.",1,1766,"In this dataset, Hakkoz is described as seventh-chosen priest for the twenty-four courses (1CH 24:10), his descendants could not show proof of lineage (NEH 7:63). Recorded as male; listed with tribe: Levi."
Abijah_5,Abijah,,eighth-chosen priest for the twenty-four courses (1CH 24:10),male,Levi,"In this dataset, Abijah is described as eighth-chosen priest for the twenty-four courses (1CH 24:10). Recorded as male; listed with tribe: Levi.",5,1767,"In this dataset, Abijah is described as eighth-chosen priest for the twenty-four courses (1CH 24:10). Recorded as male; listed with tribe: Levi."
Jeshua_1,Jeshua,,ninth-chosen priest for the twenty-four courses (1CH 24:11),male,Levi,"In this dataset, Jeshua is described as ninth-chosen priest for the twenty-four courses (1CH 24:11). Recorded as male; listed with tribe: Levi.",1,1768,"In this dataset, Jeshua is described as ninth-chosen priest for the twenty-four courses (1CH 24:11). Recorded as male; listed with tribe: Levi."
Shecaniah_2,Shecaniah,,tenth-chosen priest for the twenty-four courses (1CH 24:11),male,Levi,"In this dataset, Shecaniah is described as tenth-chosen priest for the twenty-four courses (1CH 24:11). Recorded as male; listed with tribe: Levi.",2,1769,"In this dataset, Shecaniah is described as tenth-chosen priest for the twenty-four courses (1CH 24:11). Recorded as male; listed with tribe: Levi."
Eliashib_2,Eliashib,,eleventh-chosen priest for the twenty-four courses (1CH 24:12),male,Levi,"In this dataset, Eliashib is described as eleventh-chosen priest for the twenty-four courses (1CH 24:12). Recorded as male; listed with tribe: Levi.",2,1770,"In this dataset, Eliashib is described as eleventh-chosen priest for the twenty-four courses (1CH 24:12). Recorded as male; listed with tribe: Levi."
Jakim_2,Jakim,,twelfth-chosen priest for the twenty-four courses (1CH 24:12),male,Levi,"In this dataset, Jakim is described as twelfth-chosen priest for the twenty-four courses (1CH 24:12). Recorded as male; listed with tribe: Levi.",2,1771,"In this dataset, Jakim is described as twelfth-chosen priest for the twenty-four courses (1CH 24:12). Recorded as male; listed with tribe: Levi."
Huppah_1,Huppah,,thirteenth-chosen priest for the twenty-four courses (1CH 24:13),male,Levi,"In this dataset, Huppah is described as thirteenth-chosen priest for the twenty-four courses (1CH 24:13). Recorded as male; listed with tribe: Levi.",1,1772,"In this dataset, Huppah is described as thirteenth-chosen priest for the twenty-four courses (1CH 24:13). Recorded as male; listed with tribe: Levi."
Jeshebeab_1,Jeshebeab,,fourteenth-chosen priest for the twenty-four courses (1CH 24:13),male,Levi,"In this dataset, Jeshebeab is described as fourteenth-chosen priest for the twenty-four courses (1CH 24:13). Recorded as male; listed with tribe: Levi.",1,1773,"In this dataset, Jeshebeab is described as fourteenth-chosen priest for the twenty-four courses (1CH 24:13). Recorded as male; listed with tribe: Levi."
Bilgah_1,Bilgah,,fifteenth-chosen priest for the twenty-four courses (1CH 24:14),male,Levi,"In this dataset, Bilgah is described as fifteenth-chosen priest for the twenty-four courses (1CH 24:14). Recorded as male; listed with tribe: Levi.",1,1774,"In this dataset, Bilgah is described as fifteenth-chosen priest for the twenty-four courses (1CH 24:14). Recorded as male; listed with tribe: Levi."
Immer_2,Immer,,sixteenth-chosen priest for the twenty-four courses (1CH 24:14),male,Levi,"In this dataset, Immer is described as sixteenth-chosen priest for the twenty-four courses (1CH 24:14). Recorded as male; listed with tribe: Levi.",2,1775,"In this dataset, Immer is described as sixteenth-chosen priest for the twenty-four courses (1CH 24:14). Recorded as male; listed with tribe: Levi."
Hezir_1,Hezir,,seventeenth-chosen priest for the twenty-four courses (1CH 24:15),male,Levi,"In this dataset, Hezir is described as seventeenth-chosen priest for the twenty-four courses (1CH 24:15). Recorded as male; listed with tribe: Levi.",1,1776,"In this dataset, Hezir is described as seventeenth-chosen priest for the twenty-four courses (1CH 24:15). Recorded as male; listed with tribe: Levi."
Happizzez_1,Happizzez,,eighteenth-chosen priest for the twenty-four courses (1CH 24:15),male,Levi,"In this dataset, Happizzez is described as eighteenth-chosen priest for the twenty-four courses (1CH 24:15). Recorded as male; listed with tribe: Levi.",1,1777,"In this dataset, Happizzez is described as eighteenth-chosen priest for the twenty-four courses (1CH 24:15). Recorded as male; listed with tribe: Levi."
Pethahiah_1,Pethahiah,,nineteenth-chosen priest for the twenty-four courses (1CH 24:16),male,Levi,"In this dataset, Pethahiah is described as nineteenth-chosen priest for the twenty-four courses (1CH 24:16). Recorded as male; listed with tribe: Levi.",1,1778,"In this dataset, Pethahiah is described as nineteenth-chosen priest for the twenty-four courses (1CH 24:16). Recorded as male; listed with tribe: Levi."
Jehezkel_1,Jehezkel,,twentieth-chosen priest for the twenty-four courses (1CH 24:16),male,Levi,"In this dataset, Jehezkel is described as twentieth-chosen priest for the twenty-four courses (1CH 24:16). Recorded as male; listed with tribe: Levi.",1,1779,"In this dataset, Jehezkel is described as twentieth-chosen priest for the twenty-four courses (1CH 24:16). Recorded as male; listed with tribe: Levi."
Jachin_3,Jachin,,twenty-first-chosen priest for the twenty-four courses (1CH 24:17),male,Levi,"In this dataset, Jachin is described as twenty-first-chosen priest for the twenty-four courses (1CH 24:17). Recorded as male; listed with tribe: Levi.",3,1780,"In this dataset, Jachin is described as twenty-first-chosen priest for the twenty-four courses (1CH 24:17). Recorded as male; listed with tribe: Levi."
Gamul_1,Gamul,,twenty-second-chosen priest for the twenty-four courses (1CH 24:17),male,Levi,"In this dataset, Gamul is described as twenty-second-chosen priest for the twenty-four courses (1CH 24:17). Recorded as male; listed with tribe: Levi.",1,1781,"In this dataset, Gamul is described as twenty-second-chosen priest for the twenty-four courses (1CH 24:17). Recorded as male; listed with tribe: Levi."
Delaiah_2,Delaiah,,twenty-third-chosen priest for the twenty-four courses (1CH 24:18),male,Levi,"In this dataset, Delaiah is described as twenty-third-chosen priest for the twenty-four courses (1CH 24:18). Recorded as male; listed with tribe: Levi.",2,1782,"In this dataset, Delaiah is described as twenty-third-chosen priest for the twenty-four courses (1CH 24:18). Recorded as male; listed with tribe: Levi."
Maaziah_1,Maaziah,,twenty-fourth-chosen priest for the twenty-four courses (1CH 24:18),male,Levi,"In this dataset, Maaziah is described as twenty-fourth-chosen priest for the twenty-four courses (1CH 24:18). Recorded as male; listed with tribe: Levi.",1,1783,"In this dataset, Maaziah is described as twenty-fourth-chosen priest for the twenty-four courses (1CH 24:18). Recorded as male; listed with tribe: Levi."
Jehdeiah_1,Jehdeiah,,"son of Shebuel (Shubael), son of Gershom, son of Moses (1CH 24:20)",male,Levi,"In this dataset, Jehdeiah is described as son of Shebuel (Shubael), son of Gershom, son of Moses (1CH 24:20). Recorded as male; listed with tribe: Levi.",1,1784,"In this dataset, Jehdeiah is described as son of Shebuel (Shubael), son of Gershom, son of Moses (1CH 24:20). Recorded as male; listed with tribe: Levi."
Isshiah_4,Isshiah,,"son of Rehabiah, son of Eliezer, son of Moses (1CH 24:21)",male,Levi,"In this dataset, Isshiah is described as son of Rehabiah, son of Eliezer, son of Moses (1CH 24:21). Recorded as male; listed with tribe: Levi.",4,1785,"In this dataset, Isshiah is described as son of Rehabiah, son of Eliezer, son of Moses (1CH 24:21). Recorded as male; listed with tribe: Levi."
Jahath_5,Jahath,,"son of Shelomith (Shelomoth), son of Izhar (1CH 24:22)",male,Levi,"In this dataset, Jahath is described as son of Shelomith (Shelomoth), son of Izhar (1CH 24:22). Recorded as male; listed with tribe: Levi.",5,1786,"In this dataset, Jahath is described as son of Shelomith (Shelomoth), son of Izhar (1CH 24:22). Recorded as male; listed with tribe: Levi."
Shamir_1,Shamir,,"son of Micah, son of Uzziel (1CH 24:24)",male,Levi,"In this dataset, Shamir is described as son of Micah, son of Uzziel (1CH 24:24). Recorded as male; listed with tribe: Levi.",1,1787,"In this dataset, Shamir is described as son of Micah, son of Uzziel (1CH 24:24). Recorded as male; listed with tribe: Levi."
Zechariah_6,Zechariah,,son of Isshiah (1CH 24:25),male,Levi,"In this dataset, Zechariah is described as son of Isshiah (1CH 24:25). Recorded as male; listed with tribe: Levi.",6,1788,"In this dataset, Zechariah is described as son of Isshiah (1CH 24:25). Recorded as male; listed with tribe: Levi."
Jaaziah_1,Jaaziah,,descendant of Merari (1CH 24:27),male,Levi,"In this dataset, Jaaziah is described as descendant of Merari (1CH 24:27). Recorded as male; listed with tribe: Levi.",1,1789,"In this dataset, Jaaziah is described as descendant of Merari (1CH 24:27). Recorded as male; listed with tribe: Levi."
Beno_1,Beno,,son of Jaaziah (1CH 24:27),male,Levi,"In this dataset, Beno is described as son of Jaaziah (1CH 24:27). Recorded as male; listed with tribe: Levi.",1,1790,"In this dataset, Beno is described as son of Jaaziah (1CH 24:27). Recorded as male; listed with tribe: Levi."
Shoham_1,Shoham,,son of Jaaziah (1CH 24:27),male,Levi,"In this dataset, Shoham is described as son of Jaaziah (1CH 24:27). Recorded as male; listed with tribe: Levi.",1,1791,"In this dataset, Shoham is described as son of Jaaziah (1CH 24:27). Recorded as male; listed with tribe: Levi."
Zaccur_3,Zaccur,,son of Jaaziah (1CH 24:27),male,Levi,"In this dataset, Zaccur is described as son of Jaaziah (1CH 24:27). Recorded as male; listed with tribe: Levi.",3,1792,"In this dataset, Zaccur is described as son of Jaaziah (1CH 24:27). Recorded as male; listed with tribe: Levi."
Ibri_1,Ibri,,son of Jaaziah (1CH 24:27),male,Levi,"In this dataset, Ibri is described as son of Jaaziah (1CH 24:27). Recorded as male; listed with tribe: Levi.",1,1793,"In this dataset, Ibri is described as son of Jaaziah (1CH 24:27). Recorded as male; listed with tribe: Levi."
Eleazar_5,Eleazar,,descendant of Mahli (1CH 24:28),male,Levi,"In this dataset, Eleazar is described as descendant of Mahli (1CH 24:28). Recorded as male; listed with tribe: Levi.",5,1794,"In this dataset, Eleazar is described as descendant of Mahli (1CH 24:28). Recorded as male; listed with tribe: Levi."
Jerahmeel_2,Jerahmeel,,"son of Kish, descendant of Mahli (1CH 24:29)",male,Levi,"In this dataset, Jerahmeel is described as son of Kish, descendant of Mahli (1CH 24:29). Recorded as male; listed with tribe: Levi.",2,1795,"In this dataset, Jerahmeel is described as son of Kish, descendant of Mahli (1CH 24:29). Recorded as male; listed with tribe: Levi."
Zaccur_4,Zaccur,,"son of Asaph_2 (1CH 25:2), chosen third by lot (1CH 25:10)",male,Levi,"In this dataset, Zaccur is described as son of Asaph_2 (1CH 25:2), chosen third by lot (1CH 25:10). Recorded as male; listed with tribe: Levi.",4,1796,"In this dataset, Zaccur is described as son of Asaph_2 (1CH 25:2), chosen third by lot (1CH 25:10). Recorded as male; listed with tribe: Levi."
Joseph_3,Joseph,,son of Asaph_2 (1CH 25:2),male,Levi,"In this dataset, Joseph is described as son of Asaph_2 (1CH 25:2). Recorded as male; listed with tribe: Levi.",3,1797,"In this dataset, Joseph is described as son of Asaph_2 (1CH 25:2). Recorded as male; listed with tribe: Levi."
Nethaniah_2,Nethaniah,,"son of Asaph_2 (1CH 25:2), chosen fifth by lot (1CH 25:12)",male,Levi,"In this dataset, Nethaniah is described as son of Asaph_2 (1CH 25:2), chosen fifth by lot (1CH 25:12). Recorded as male; listed with tribe: Levi.",2,1798,"In this dataset, Nethaniah is described as son of Asaph_2 (1CH 25:2), chosen fifth by lot (1CH 25:12). Recorded as male; listed with tribe: Levi."
Asharelah_1,Asharelah,,"son of Asaph_2 (1CH 25:2), chosen seventh by lot (1CH 25:14)",male,Levi,"In this dataset, Asharelah is described as son of Asaph_2 (1CH 25:2), chosen seventh by lot (1CH 25:14). Recorded as male; listed with tribe: Levi.",1,1799,"In this dataset, Asharelah is described as son of Asaph_2 (1CH 25:2), chosen seventh by lot (1CH 25:14). Recorded as male; listed with tribe: Levi."
Gedaliah_2,Gedaliah,,"son of Jeduthun (1CH 25:3), chosen second by lot (1CH 25:9)",male,Levi,"In this dataset, Gedaliah is described as son of Jeduthun (1CH 25:3), chosen second by lot (1CH 25:9). Recorded as male; listed with tribe: Levi.",2,1800,"In this dataset, Gedaliah is described as son of Jeduthun (1CH 25:3), chosen second by lot (1CH 25:9). Recorded as male; listed with tribe: Levi."
Zeri_1,Zeri,,"son of Jeduthun (1CH 25:3), chosen fourth by log (1CH 25:11)",male,Levi,"In this dataset, Zeri is described as son of Jeduthun (1CH 25:3), chosen fourth by log (1CH 25:11). Recorded as male; listed with tribe: Levi.",1,1801,"In this dataset, Zeri is described as son of Jeduthun (1CH 25:3), chosen fourth by log (1CH 25:11). Recorded as male; listed with tribe: Levi."
Jeshaiah_2,Jeshaiah,,"son of Jeduthun (1CH 25:3), chosen eighth by lot (1CH 25:15)",male,Levi,"In this dataset, Jeshaiah is described as son of Jeduthun (1CH 25:3), chosen eighth by lot (1CH 25:15). Recorded as male; listed with tribe: Levi.",2,1802,"In this dataset, Jeshaiah is described as son of Jeduthun (1CH 25:3), chosen eighth by lot (1CH 25:15). Recorded as male; listed with tribe: Levi."
Shimei_10,Shimei,,"son of Jeduthun (1CH 25:3), chosen tenth by lot (1CH 25:17)",male,Levi,"In this dataset, Shimei is described as son of Jeduthun (1CH 25:3), chosen tenth by lot (1CH 25:17). Recorded as male; listed with tribe: Levi.",10,1803,"In this dataset, Shimei is described as son of Jeduthun (1CH 25:3), chosen tenth by lot (1CH 25:17). Recorded as male; listed with tribe: Levi."
Hashabiah_2,Hashabiah,,"son of Jeduthun (1CH 25:3), chosen twelfth by lot (1CH 25:19), descendant of Hebron (1CH 26:30)",male,Levi,"In this dataset, Hashabiah is described as son of Jeduthun (1CH 25:3), chosen twelfth by lot (1CH 25:19), descendant of Hebron (1CH 26:30). Recorded as male; listed with tribe: Levi.",2,1804,"In this dataset, Hashabiah is described as son of Jeduthun (1CH 25:3), chosen twelfth by lot (1CH 25:19), descendant of Hebron (1CH 26:30). Recorded as male; listed with tribe: Levi."
Mattithiah_3,Mattithiah,,"son of Jeduthun (1CH 25:3), chosen fourteenth by lot (1CH 25:21)",male,Levi,"In this dataset, Mattithiah is described as son of Jeduthun (1CH 25:3), chosen fourteenth by lot (1CH 25:21). Recorded as male; listed with tribe: Levi.",3,1805,"In this dataset, Mattithiah is described as son of Jeduthun (1CH 25:3), chosen fourteenth by lot (1CH 25:21). Recorded as male; listed with tribe: Levi."
Bukkiah_1,Bukkiah,,"son of Heman_3 (1CH 25:4), chosen sixth by lot (1CH 25:13)",male,Levi,"In this dataset, Bukkiah is described as son of Heman_3 (1CH 25:4), chosen sixth by lot (1CH 25:13). Recorded as male; listed with tribe: Levi.",1,1806,"In this dataset, Bukkiah is described as son of Heman_3 (1CH 25:4), chosen sixth by lot (1CH 25:13). Recorded as male; listed with tribe: Levi."
Mattaniah_3,Mattaniah,,"son of Heman_3 (1CH 25:4), chosen ninth by lot (1CH 25:16)",male,Levi,"In this dataset, Mattaniah is described as son of Heman_3 (1CH 25:4), chosen ninth by lot (1CH 25:16). Recorded as male; listed with tribe: Levi.",3,1807,"In this dataset, Mattaniah is described as son of Heman_3 (1CH 25:4), chosen ninth by lot (1CH 25:16). Recorded as male; listed with tribe: Levi."
Uzziel_4,Uzziel,,son of Heman_3 (1CH 25:4),male,Levi,"In this dataset, Uzziel is described as son of Heman_3 (1CH 25:4). Recorded as male; listed with tribe: Levi.",4,1808,"In this dataset, Uzziel is described as son of Heman_3 (1CH 25:4). Recorded as male; listed with tribe: Levi."
Shebuel_2,Shebuel,,"son of Heman_3 (1CH 25:4), chosen thirteenth by lot (1CH 25:20)",male,Levi,"In this dataset, Shebuel is described as son of Heman_3 (1CH 25:4), chosen thirteenth by lot (1CH 25:20). Recorded as male; listed with tribe: Levi.",2,1809,"In this dataset, Shebuel is described as son of Heman_3 (1CH 25:4), chosen thirteenth by lot (1CH 25:20). Recorded as male; listed with tribe: Levi."
Jerimoth_3,Jerimoth,,"son of Heman_3 (1CH 25:4), chosen fifteenth by lot (1CH 25:22)",male,Levi,"In this dataset, Jerimoth is described as son of Heman_3 (1CH 25:4), chosen fifteenth by lot (1CH 25:22). Recorded as male; listed with tribe: Levi.",3,1810,"In this dataset, Jerimoth is described as son of Heman_3 (1CH 25:4), chosen fifteenth by lot (1CH 25:22). Recorded as male; listed with tribe: Levi."
Hananiah_3,Hananiah,,"son of Heman_3 (1CH 25:4), chosen sixteenth by lot (1CH 25:23)",male,Levi,"In this dataset, Hananiah is described as son of Heman_3 (1CH 25:4), chosen sixteenth by lot (1CH 25:23). Recorded as male; listed with tribe: Levi.",3,1811,"In this dataset, Hananiah is described as son of Heman_3 (1CH 25:4), chosen sixteenth by lot (1CH 25:23). Recorded as male; listed with tribe: Levi."
Hanani_2,Hanani,,"son of Heman_3 (1CH 25:4), chosen eighteenth by lot (1CH 25:25)",male,Levi,"In this dataset, Hanani is described as son of Heman_3 (1CH 25:4), chosen eighteenth by lot (1CH 25:25). Recorded as male; listed with tribe: Levi.",2,1812,"In this dataset, Hanani is described as son of Heman_3 (1CH 25:4), chosen eighteenth by lot (1CH 25:25). Recorded as male; listed with tribe: Levi."
Eliathah_1,Eliathah,,"son of Heman_3 (1CH 25:4), chosen twentieth by lot (1CH 25:27)",male,Levi,"In this dataset, Eliathah is described as son of Heman_3 (1CH 25:4), chosen twentieth by lot (1CH 25:27). Recorded as male; listed with tribe: Levi.",1,1813,"In this dataset, Eliathah is described as son of Heman_3 (1CH 25:4), chosen twentieth by lot (1CH 25:27). Recorded as male; listed with tribe: Levi."
Giddalti_1,Giddalti,,"son of Heman_3 (1CH 25:4), chosen twenty-second by lot (1CH 25:29)",male,Levi,"In this dataset, Giddalti is described as son of Heman_3 (1CH 25:4), chosen twenty-second by lot (1CH 25:29). Recorded as male; listed with tribe: Levi.",1,1814,"In this dataset, Giddalti is described as son of Heman_3 (1CH 25:4), chosen twenty-second by lot (1CH 25:29). Recorded as male; listed with tribe: Levi."
Romamti-ezer_1,Romamti-ezer,,"son of Heman_3 (1CH 25:4), chosen twenty-fourth by lot (1CH 25:31)",male,Levi,"In this dataset, Romamti-ezer is described as son of Heman_3 (1CH 25:4), chosen twenty-fourth by lot (1CH 25:31). Recorded as male; listed with tribe: Levi.",1,1815,"In this dataset, Romamti-ezer is described as son of Heman_3 (1CH 25:4), chosen twenty-fourth by lot (1CH 25:31). Recorded as male; listed with tribe: Levi."
Joshbekashah_1,Joshbekashah,,"son of Heman_3 (1CH 25:4), chosen seventeenth by lot (1CH 25:24)",male,Levi,"In this dataset, Joshbekashah is described as son of Heman_3 (1CH 25:4), chosen seventeenth by lot (1CH 25:24). Recorded as male; listed with tribe: Levi.",1,1816,"In this dataset, Joshbekashah is described as son of Heman_3 (1CH 25:4), chosen seventeenth by lot (1CH 25:24). Recorded as male; listed with tribe: Levi."
Mallothi_1,Mallothi,,"son of Heman_3 (1CH 25:4), chosen nineteenth by lot (1CH 25:26)",male,Levi,"In this dataset, Mallothi is described as son of Heman_3 (1CH 25:4), chosen nineteenth by lot (1CH 25:26). Recorded as male; listed with tribe: Levi.",1,1817,"In this dataset, Mallothi is described as son of Heman_3 (1CH 25:4), chosen nineteenth by lot (1CH 25:26). Recorded as male; listed with tribe: Levi."
Hothir_1,Hothir,,"son of Heman_3 (1CH 25:4), chosen twenty-first by lot (1CH 25:28)",male,Levi,"In this dataset, Hothir is described as son of Heman_3 (1CH 25:4), chosen twenty-first by lot (1CH 25:28). Recorded as male; listed with tribe: Levi.",1,1818,"In this dataset, Hothir is described as son of Heman_3 (1CH 25:4), chosen twenty-first by lot (1CH 25:28). Recorded as male; listed with tribe: Levi."
Mahazioth_1,Mahazioth,,"son of Heman_3 (1CH 25:4), chosen twenty-third by lot (1CH 25:30)",male,Levi,"In this dataset, Mahazioth is described as son of Heman_3 (1CH 25:4), chosen twenty-third by lot (1CH 25:30). Recorded as male; listed with tribe: Levi.",1,1819,"In this dataset, Mahazioth is described as son of Heman_3 (1CH 25:4), chosen twenty-third by lot (1CH 25:30). Recorded as male; listed with tribe: Levi."
Jediael_3,Jediael,,second-born son of Meshelemiah [Shallum_7] (1CH 26:2),male,Levi,"In this dataset, Jediael is described as second-born son of Meshelemiah [Shallum_7] (1CH 26:2). Recorded as male; listed with tribe: Levi.",3,1820,"In this dataset, Jediael is described as second-born son of Meshelemiah [Shallum_7] (1CH 26:2). Recorded as male; listed with tribe: Levi."
Zebadiah_4,Zebadiah,,third-born son of Meshelemiah [Shallum_7] (1CH 26:2),male,Levi,"In this dataset, Zebadiah is described as third-born son of Meshelemiah [Shallum_7] (1CH 26:2). Recorded as male; listed with tribe: Levi.",4,1821,"In this dataset, Zebadiah is described as third-born son of Meshelemiah [Shallum_7] (1CH 26:2). Recorded as male; listed with tribe: Levi."
Jathniel_1,Jathniel,,fourth-born son of Meshelemiah [Shallum_7] (1CH 26:2),male,Levi,"In this dataset, Jathniel is described as fourth-born son of Meshelemiah [Shallum_7] (1CH 26:2). Recorded as male; listed with tribe: Levi.",1,1822,"In this dataset, Jathniel is described as fourth-born son of Meshelemiah [Shallum_7] (1CH 26:2). Recorded as male; listed with tribe: Levi."
Elam_3,Elam,,fifth-born son of Meshelemiah [Shallum_7] (1CH 26:3),male,Levi,"In this dataset, Elam is described as fifth-born son of Meshelemiah [Shallum_7] (1CH 26:3). Recorded as male; listed with tribe: Levi.",3,1823,"In this dataset, Elam is described as fifth-born son of Meshelemiah [Shallum_7] (1CH 26:3). Recorded as male; listed with tribe: Levi."
Johanan_6,Johanan,,sixth-born son of Meshelemiah [Shallum_7] (1CH 26:3),male,Levi,"In this dataset, Johanan is described as sixth-born son of Meshelemiah [Shallum_7] (1CH 26:3). Recorded as male; listed with tribe: Levi.",6,1824,"In this dataset, Johanan is described as sixth-born son of Meshelemiah [Shallum_7] (1CH 26:3). Recorded as male; listed with tribe: Levi."
Eliehoenai_1,Eliehoenai,,seventh-born son of Meshelemiah [Shallum_7] (1CH 26:3),male,Levi,"In this dataset, Eliehoenai is described as seventh-born son of Meshelemiah [Shallum_7] (1CH 26:3). Recorded as male; listed with tribe: Levi.",1,1825,"In this dataset, Eliehoenai is described as seventh-born son of Meshelemiah [Shallum_7] (1CH 26:3). Recorded as male; listed with tribe: Levi."
Shemaiah_9,Shemaiah,,firstborn son of Obed-edom (1CH 26:4),male,Levi,"In this dataset, Shemaiah is described as firstborn son of Obed-edom (1CH 26:4). Recorded as male; listed with tribe: Levi.",9,1826,"In this dataset, Shemaiah is described as firstborn son of Obed-edom (1CH 26:4). Recorded as male; listed with tribe: Levi."
Jehozabad_2,Jehozabad,,second-born son of Obed-edom (1CH 26:4),male,Levi,"In this dataset, Jehozabad is described as second-born son of Obed-edom (1CH 26:4). Recorded as male; listed with tribe: Levi.",2,1827,"In this dataset, Jehozabad is described as second-born son of Obed-edom (1CH 26:4). Recorded as male; listed with tribe: Levi."
Joah_3,Joah,,third-born son of Obed-edom (1CH 26:4),male,Levi,"In this dataset, Joah is described as third-born son of Obed-edom (1CH 26:4). Recorded as male; listed with tribe: Levi.",3,1828,"In this dataset, Joah is described as third-born son of Obed-edom (1CH 26:4). Recorded as male; listed with tribe: Levi."
Sacar_1,Sacar,,fourth-born son of Obed-edom (1CH 26:4),male,Levi,"In this dataset, Sacar is described as fourth-born son of Obed-edom (1CH 26:4). Recorded as male; listed with tribe: Levi.",1,1829,"In this dataset, Sacar is described as fourth-born son of Obed-edom (1CH 26:4). Recorded as male; listed with tribe: Levi."
Nethanel_5,Nethanel,,fifth-born son of Obed-edom (1CH 26:4),male,Levi,"In this dataset, Nethanel is described as fifth-born son of Obed-edom (1CH 26:4). Recorded as male; listed with tribe: Levi.",5,1830,"In this dataset, Nethanel is described as fifth-born son of Obed-edom (1CH 26:4). Recorded as male; listed with tribe: Levi."
Ammiel_3,Ammiel,,sixth-born son of Obed-edom (1CH 26:4),male,Levi,"In this dataset, Ammiel is described as sixth-born son of Obed-edom (1CH 26:4). Recorded as male; listed with tribe: Levi.",3,1831,"In this dataset, Ammiel is described as sixth-born son of Obed-edom (1CH 26:4). Recorded as male; listed with tribe: Levi."
Issachar_2,Issachar,,seventh-born son of Obed-edom (1CH 26:4),male,Levi,"In this dataset, Issachar is described as seventh-born son of Obed-edom (1CH 26:4). Recorded as male; listed with tribe: Levi.",2,1832,"In this dataset, Issachar is described as seventh-born son of Obed-edom (1CH 26:4). Recorded as male; listed with tribe: Levi."
Peullethai_1,Peullethai,,eighth-born son of Obed-edom (1CH 26:4),male,Levi,"In this dataset, Peullethai is described as eighth-born son of Obed-edom (1CH 26:4). Recorded as male; listed with tribe: Levi.",1,1833,"In this dataset, Peullethai is described as eighth-born son of Obed-edom (1CH 26:4). Recorded as male; listed with tribe: Levi."
Othni_1,Othni,,son of Shemaiah [Shemaiah_9] (1CH 26:7),male,Levi,"In this dataset, Othni is described as son of Shemaiah [Shemaiah_9] (1CH 26:7). Recorded as male; listed with tribe: Levi.",1,1834,"In this dataset, Othni is described as son of Shemaiah [Shemaiah_9] (1CH 26:7). Recorded as male; listed with tribe: Levi."
Rephael_1,Rephael,,son of Shemaiah [Shemaiah_9] (1CH 26:7),male,Levi,"In this dataset, Rephael is described as son of Shemaiah [Shemaiah_9] (1CH 26:7). Recorded as male; listed with tribe: Levi.",1,1835,"In this dataset, Rephael is described as son of Shemaiah [Shemaiah_9] (1CH 26:7). Recorded as male; listed with tribe: Levi."
Obed_4,Obed,,son of Shemaiah [Shemaiah_9] (1CH 26:7),male,Levi,"In this dataset, Obed is described as son of Shemaiah [Shemaiah_9] (1CH 26:7). Recorded as male; listed with tribe: Levi.",4,1836,"In this dataset, Obed is described as son of Shemaiah [Shemaiah_9] (1CH 26:7). Recorded as male; listed with tribe: Levi."
Elzabad_2,Elzabad,,son of Shemaiah [Shemaiah_9] (1CH 26:7),male,Levi,"In this dataset, Elzabad is described as son of Shemaiah [Shemaiah_9] (1CH 26:7). Recorded as male; listed with tribe: Levi.",2,1837,"In this dataset, Elzabad is described as son of Shemaiah [Shemaiah_9] (1CH 26:7). Recorded as male; listed with tribe: Levi."
Elihu_3,Elihu,,"son of Shemaiah [Shemaiah_9], a valiant man (1CH 26:7)",male,Levi,"In this dataset, Elihu is described as son of Shemaiah [Shemaiah_9], a valiant man (1CH 26:7). Recorded as male; listed with tribe: Levi.",3,1838,"In this dataset, Elihu is described as son of Shemaiah [Shemaiah_9], a valiant man (1CH 26:7). Recorded as male; listed with tribe: Levi."
Semachiah_1,Semachiah,,"son of Shemaiah [Shemaiah_9], a valiant man (1CH 26:7)",male,Levi,"In this dataset, Semachiah is described as son of Shemaiah [Shemaiah_9], a valiant man (1CH 26:7). Recorded as male; listed with tribe: Levi.",1,1839,"In this dataset, Semachiah is described as son of Shemaiah [Shemaiah_9], a valiant man (1CH 26:7). Recorded as male; listed with tribe: Levi."
Shimri_3,Shimri,,son of Hosah- made firstborn (1CH 26:10),male,Levi,"In this dataset, Shimri is described as son of Hosah- made firstborn (1CH 26:10). Recorded as male; listed with tribe: Levi.",3,1840,"In this dataset, Shimri is described as son of Hosah- made firstborn (1CH 26:10). Recorded as male; listed with tribe: Levi."
Hilkiah_5,Hilkiah,,second-born son of Hosah (1CH 26:11),male,Levi,"In this dataset, Hilkiah is described as second-born son of Hosah (1CH 26:11). Recorded as male; listed with tribe: Levi.",5,1841,"In this dataset, Hilkiah is described as second-born son of Hosah (1CH 26:11). Recorded as male; listed with tribe: Levi."
Tebaliah_1,Tebaliah,,third-born son of Hosah (1CH 26:11),male,Levi,"In this dataset, Tebaliah is described as third-born son of Hosah (1CH 26:11). Recorded as male; listed with tribe: Levi.",1,1842,"In this dataset, Tebaliah is described as third-born son of Hosah (1CH 26:11). Recorded as male; listed with tribe: Levi."
Zechariah_7,Zechariah,,fourth-born son of Hosah (1CH 26:11),male,Levi,"In this dataset, Zechariah is described as fourth-born son of Hosah (1CH 26:11). Recorded as male; listed with tribe: Levi.",7,1843,"In this dataset, Zechariah is described as fourth-born son of Hosah (1CH 26:11). Recorded as male; listed with tribe: Levi."
Shuppim_1,Shuppim,,gatekeeper to the west (1CH 26:16),male,Levi,"In this dataset, Shuppim is described as gatekeeper to the west (1CH 26:16). Recorded as male; listed with tribe: Levi.",1,1844,"In this dataset, Shuppim is described as gatekeeper to the west (1CH 26:16). Recorded as male; listed with tribe: Levi."
Joram_2,Joram,,son of Jeshaiah [Isshiah_4] (1CH 26:25),male,Levi,"In this dataset, Joram is described as son of Jeshaiah [Isshiah_4] (1CH 26:25). Recorded as male; listed with tribe: Levi.",2,1845,"In this dataset, Joram is described as son of Jeshaiah [Isshiah_4] (1CH 26:25). Recorded as male; listed with tribe: Levi."
Zichri_6,Zichri,,son of Joram (1CH 26:25),male,Levi,"In this dataset, Zichri is described as son of Joram (1CH 26:25). Recorded as male; listed with tribe: Levi.",6,1846,"In this dataset, Zichri is described as son of Joram (1CH 26:25). Recorded as male; listed with tribe: Levi."
Shelomoth_2,Shelomoth,,son of Zichri (1CH 26:25)- had charge of treasures and gifts from David and others (1CH 26:26),male,Levi,"In this dataset, Shelomoth is described as son of Zichri (1CH 26:25)- had charge of treasures and gifts from David and others (1CH 26:26). Recorded as male; listed with tribe: Levi.",2,1847,"In this dataset, Shelomoth is described as son of Zichri (1CH 26:25)- had charge of treasures and gifts from David and others (1CH 26:26). Recorded as male; listed with tribe: Levi."
Zabdiel_1,Zabdiel,,"father of Jashobeam (1CH 27:2), descendant of Perez (1CH 27:3)",male,Judah,"In this dataset, Zabdiel is described as father of Jashobeam (1CH 27:2), descendant of Perez (1CH 27:3). Recorded as male; listed with tribe: Judah.",1,1848,"In this dataset, Zabdiel is described as father of Jashobeam (1CH 27:2), descendant of Perez (1CH 27:3). Recorded as male; listed with tribe: Judah."
Dodai_1,Dodai,,the Ahohite (1CH 27:4),male,,"In this dataset, Dodai is described as the Ahohite (1CH 27:4). Recorded as male.",1,1849,"In this dataset, Dodai is described as the Ahohite (1CH 27:4). Recorded as male."
Mikloth_2,Mikloth,,chief officer of Dodai's second division (1CH 27:4),male,,"In this dataset, Mikloth is described as chief officer of Dodai's second division (1CH 27:4). Recorded as male.",2,1850,"In this dataset, Mikloth is described as chief officer of Dodai's second division (1CH 27:4). Recorded as male."
Ammizabad_1,Ammizabad,,son of Benaiah (1CH 27:6),male,,"In this dataset, Ammizabad is described as son of Benaiah (1CH 27:6). Recorded as male.",1,1851,"In this dataset, Ammizabad is described as son of Benaiah (1CH 27:6). Recorded as male."
Zebadiah_5,Zebadiah,,son of Asahel (1CH 27:7),male,,"In this dataset, Zebadiah is described as son of Asahel (1CH 27:7). Recorded as male.",5,1852,"In this dataset, Zebadiah is described as son of Asahel (1CH 27:7). Recorded as male."
Shamhuth_1,Shamhuth,,the Izrahite (1CH 27:8),male,,"In this dataset, Shamhuth is described as the Izrahite (1CH 27:8). Recorded as male.",1,1853,"In this dataset, Shamhuth is described as the Izrahite (1CH 27:8). Recorded as male."
Heldai_1,Heldai,,the Netophathite of Othniel (1CH 27:15),male,Judah,"In this dataset, Heldai is described as the Netophathite of Othniel (1CH 27:15). Recorded as male; listed with tribe: Judah.",1,1854,"In this dataset, Heldai is described as the Netophathite of Othniel (1CH 27:15). Recorded as male; listed with tribe: Judah."
Eliezer_5,Eliezer,,"chief officer for the Reubenites, son of Zichri (1CH 27:16)",male,Reuben,"In this dataset, Eliezer is described as chief officer for the Reubenites, son of Zichri (1CH 27:16). Recorded as male; listed with tribe: Reuben.",5,1855,"In this dataset, Eliezer is described as chief officer for the Reubenites, son of Zichri (1CH 27:16). Recorded as male; listed with tribe: Reuben."
Zichri_7,Zichri,,father of Eliezer (1CH 27:16),male,Reuben,"In this dataset, Zichri is described as father of Eliezer (1CH 27:16). Recorded as male; listed with tribe: Reuben.",7,1856,"In this dataset, Zichri is described as father of Eliezer (1CH 27:16). Recorded as male; listed with tribe: Reuben."
Shephatiah_4,Shephatiah,,"chief officer for the Simeonites, son of Maacah (1CH 27:16)",male,Simeon,"In this dataset, Shephatiah is described as chief officer for the Simeonites, son of Maacah (1CH 27:16). Recorded as male; listed with tribe: Simeon.",4,1857,"In this dataset, Shephatiah is described as chief officer for the Simeonites, son of Maacah (1CH 27:16). Recorded as male; listed with tribe: Simeon."
Maacah_8,Maacah,,father of Shephatiah (1CH 27:16),male,Simeon,"In this dataset, Maacah is described as father of Shephatiah (1CH 27:16). Recorded as male; listed with tribe: Simeon.",8,1858,"In this dataset, Maacah is described as father of Shephatiah (1CH 27:16). Recorded as male; listed with tribe: Simeon."
Hashabiah_3,Hashabiah,,"chief officer for the Levites, son of Kemuel (1CH 27:17)",male,Levi,"In this dataset, Hashabiah is described as chief officer for the Levites, son of Kemuel (1CH 27:17). Recorded as male; listed with tribe: Levi.",3,1859,"In this dataset, Hashabiah is described as chief officer for the Levites, son of Kemuel (1CH 27:17). Recorded as male; listed with tribe: Levi."
Kemuel_3,Kemuel,,father of Hashabiah (1CH 27:17),male,Levi,"In this dataset, Kemuel is described as father of Hashabiah (1CH 27:17). Recorded as male; listed with tribe: Levi.",3,1860,"In this dataset, Kemuel is described as father of Hashabiah (1CH 27:17). Recorded as male; listed with tribe: Levi."
Elihu_4,Elihu,,"chief officer for the Judahites, brother of David (1CH 27:18)",male,Judah,"In this dataset, Elihu is described as chief officer for the Judahites, brother of David (1CH 27:18). Recorded as male; listed with tribe: Judah.",4,1861,"In this dataset, Elihu is described as chief officer for the Judahites, brother of David (1CH 27:18). Recorded as male; listed with tribe: Judah."
Omri_4,Omri,,"chief officer for the Issacharites, son of Michael_4 (1CH 27:18)",male,Issachar,"In this dataset, Omri is described as chief officer for the Issacharites, son of Michael_4 (1CH 27:18). Recorded as male; listed with tribe: Issachar.",4,1862,"In this dataset, Omri is described as chief officer for the Issacharites, son of Michael_4 (1CH 27:18). Recorded as male; listed with tribe: Issachar."
Ishmaiah_1,Ishmaiah,,"chief officer for the Zebulunites, son of Obadiah (1CH 27:19)",male,Zebulun,"In this dataset, Ishmaiah is described as chief officer for the Zebulunites, son of Obadiah (1CH 27:19). Recorded as male; listed with tribe: Zebulun.",1,1863,"In this dataset, Ishmaiah is described as chief officer for the Zebulunites, son of Obadiah (1CH 27:19). Recorded as male; listed with tribe: Zebulun."
Obadiah_7,Obadiah,,father of Ishmaiah (1CH 27:19),male,Zebulun,"In this dataset, Obadiah is described as father of Ishmaiah (1CH 27:19). Recorded as male; listed with tribe: Zebulun.",7,1864,"In this dataset, Obadiah is described as father of Ishmaiah (1CH 27:19). Recorded as male; listed with tribe: Zebulun."
Jeremoth_4,Jeremoth,,"chief officer for the Naphtalites, son of Azriel (1CH 27:19)",male,Naphtali,"In this dataset, Jeremoth is described as chief officer for the Naphtalites, son of Azriel (1CH 27:19). Recorded as male; listed with tribe: Naphtali.",4,1865,"In this dataset, Jeremoth is described as chief officer for the Naphtalites, son of Azriel (1CH 27:19). Recorded as male; listed with tribe: Naphtali."
Azriel_2,Azriel,,father of Jeremoth (1CH 27:19),male,Naphtali,"In this dataset, Azriel is described as father of Jeremoth (1CH 27:19). Recorded as male; listed with tribe: Naphtali.",2,1866,"In this dataset, Azriel is described as father of Jeremoth (1CH 27:19). Recorded as male; listed with tribe: Naphtali."
Hoshea_2,Hoshea,,"chief officer for the Ephraimites, son of Azaziah (1CH 27:20)",male,Ephraim,"In this dataset, Hoshea is described as chief officer for the Ephraimites, son of Azaziah (1CH 27:20). Recorded as male; listed with tribe: Ephraim.",2,1867,"In this dataset, Hoshea is described as chief officer for the Ephraimites, son of Azaziah (1CH 27:20). Recorded as male; listed with tribe: Ephraim."
Azaziah_2,Azaziah,,father of Hoshea (1CH 27:20),male,Ephraim,"In this dataset, Azaziah is described as father of Hoshea (1CH 27:20). Recorded as male; listed with tribe: Ephraim.",2,1868,"In this dataset, Azaziah is described as father of Hoshea (1CH 27:20). Recorded as male; listed with tribe: Ephraim."
Joel_7,Joel,,"chief officer for the Manassehites, son of Pedaiah (1CH 27:20)",male,Manasseh,"In this dataset, Joel is described as chief officer for the Manassehites, son of Pedaiah (1CH 27:20). Recorded as male; listed with tribe: Manasseh.",7,1869,"In this dataset, Joel is described as chief officer for the Manassehites, son of Pedaiah (1CH 27:20). Recorded as male; listed with tribe: Manasseh."
Pedaiah_3,Pedaiah,,father of Joel (1CH 27:20),male,Manasseh,"In this dataset, Pedaiah is described as father of Joel (1CH 27:20). Recorded as male; listed with tribe: Manasseh.",3,1870,"In this dataset, Pedaiah is described as father of Joel (1CH 27:20). Recorded as male; listed with tribe: Manasseh."
Iddo_3,Iddo,,"chief officer for the Manassehites in Gilead, son of Zechariah (1CH 27:21)",male,Manasseh,"In this dataset, Iddo is described as chief officer for the Manassehites in Gilead, son of Zechariah (1CH 27:21). Recorded as male; listed with tribe: Manasseh.",3,1871,"In this dataset, Iddo is described as chief officer for the Manassehites in Gilead, son of Zechariah (1CH 27:21). Recorded as male; listed with tribe: Manasseh."
Zechariah_8,Zechariah,,father of Iddo (1CH 27:21),male,Manasseh,"In this dataset, Zechariah is described as father of Iddo (1CH 27:21). Recorded as male; listed with tribe: Manasseh.",8,1872,"In this dataset, Zechariah is described as father of Iddo (1CH 27:21). Recorded as male; listed with tribe: Manasseh."
Jaasiel_2,Jaasiel,,"chief officer for the Benjaminites, son of Abner (1CH 27:21)",male,Benjamin,"In this dataset, Jaasiel is described as chief officer for the Benjaminites, son of Abner (1CH 27:21). Recorded as male; listed with tribe: Benjamin.",2,1873,"In this dataset, Jaasiel is described as chief officer for the Benjaminites, son of Abner (1CH 27:21). Recorded as male; listed with tribe: Benjamin."
Azarel_2,Azarel,,"chief officer for the Danites, son of Jeroham (1CH 27:22)",male,Dan,"In this dataset, Azarel is described as chief officer for the Danites, son of Jeroham (1CH 27:22). Recorded as male; listed with tribe: Dan.",2,1874,"In this dataset, Azarel is described as chief officer for the Danites, son of Jeroham (1CH 27:22). Recorded as male; listed with tribe: Dan."
Jeroham_5,Jeroham,,father of Azarel (1CH 27:22),male,Dan,"In this dataset, Jeroham is described as father of Azarel (1CH 27:22). Recorded as male; listed with tribe: Dan.",5,1875,"In this dataset, Jeroham is described as father of Azarel (1CH 27:22). Recorded as male; listed with tribe: Dan."
Azmaveth_3,Azmaveth,,"in charge of the king's storehouses, son of Adiel (1CH 27:25)",male,Levi,"In this dataset, Azmaveth is described as in charge of the king's storehouses, son of Adiel (1CH 27:25). Recorded as male; listed with tribe: Levi.",3,1876,"In this dataset, Azmaveth is described as in charge of the king's storehouses, son of Adiel (1CH 27:25). Recorded as male; listed with tribe: Levi."
Jonathan_7,Jonathan,,"in charge of the other storehouses, son of Uzziah (1CH 27:25)",male,Levi,"In this dataset, Jonathan is described as in charge of the other storehouses, son of Uzziah (1CH 27:25). Recorded as male; listed with tribe: Levi.",7,1877,"In this dataset, Jonathan is described as in charge of the other storehouses, son of Uzziah (1CH 27:25). Recorded as male; listed with tribe: Levi."
Ezri_1,Ezri,,"in charge of David's agricultural workers, son of Chelub (1CH 27:26)",male,Judah,"In this dataset, Ezri is described as in charge of David's agricultural workers, son of Chelub (1CH 27:26). Recorded as male; listed with tribe: Judah.",1,1878,"In this dataset, Ezri is described as in charge of David's agricultural workers, son of Chelub (1CH 27:26). Recorded as male; listed with tribe: Judah."
Shimei_11,Shimei,,the Ramathite in charge of David's vineyards (1CH 27:26),male,,"In this dataset, Shimei is described as the Ramathite in charge of David's vineyards (1CH 27:26). Recorded as male.",11,1879,"In this dataset, Shimei is described as the Ramathite in charge of David's vineyards (1CH 27:26). Recorded as male."
Zabdi_3,Zabdi,,the Shiphmite in charge of David's vineyard produce (1CH 27:27),male,,"In this dataset, Zabdi is described as the Shiphmite in charge of David's vineyard produce (1CH 27:27). Recorded as male.",3,1880,"In this dataset, Zabdi is described as the Shiphmite in charge of David's vineyard produce (1CH 27:27). Recorded as male."
Baal-hanan_2,Baal-hanan,,the Gederite in charge of David's olive & sycamore trees (1CH 27:28),male,,"In this dataset, Baal-hanan is described as the Gederite in charge of David's olive & sycamore trees (1CH 27:28). Recorded as male.",2,1881,"In this dataset, Baal-hanan is described as the Gederite in charge of David's olive & sycamore trees (1CH 27:28). Recorded as male."
Joash_8,Joash,,in charge of the David's stores of oil (1CH 27:28),male,,"In this dataset, Joash is described as in charge of the David's stores of oil (1CH 27:28). Recorded as male.",8,1882,"In this dataset, Joash is described as in charge of the David's stores of oil (1CH 27:28). Recorded as male."
Shitrai_1,Shitrai,,the Sharonite in charge of David's cattle in Sharon (1CH 27:29),male,,"In this dataset, Shitrai is described as the Sharonite in charge of David's cattle in Sharon (1CH 27:29). Recorded as male.",1,1883,"In this dataset, Shitrai is described as the Sharonite in charge of David's cattle in Sharon (1CH 27:29). Recorded as male."
Shaphat_5,Shaphat,,"in charge of David's cattle in the valleys, son of Adlai (1CH 27:29)",male,,"In this dataset, Shaphat is described as in charge of David's cattle in the valleys, son of Adlai (1CH 27:29). Recorded as male.",5,1884,"In this dataset, Shaphat is described as in charge of David's cattle in the valleys, son of Adlai (1CH 27:29). Recorded as male."
Adlai_1,Adlai,,father of Shaphat (1CH 27:29),male,,"In this dataset, Adlai is described as father of Shaphat (1CH 27:29). Recorded as male.",1,1885,"In this dataset, Adlai is described as father of Shaphat (1CH 27:29). Recorded as male."
Obil_1,Obil,,Ishmaelite in charge of David's camels (1CH 27:30),male,Ishmael,"In this dataset, Obil is described as Ishmaelite in charge of David's camels (1CH 27:30). Recorded as male; listed with tribe: Ishmael.",1,1886,"In this dataset, Obil is described as Ishmaelite in charge of David's camels (1CH 27:30). Recorded as male; listed with tribe: Ishmael."
Jehdeiah_2,Jehdeiah,,the Meronothite in charge of David's donkeys (1CH 27:30),male,,"In this dataset, Jehdeiah is described as the Meronothite in charge of David's donkeys (1CH 27:30). Recorded as male.",2,1887,"In this dataset, Jehdeiah is described as the Meronothite in charge of David's donkeys (1CH 27:30). Recorded as male."
Jaziz_1,Jaziz,,the Hagrite in charge of David's flocks (1CH 27:31),male,,"In this dataset, Jaziz is described as the Hagrite in charge of David's flocks (1CH 27:31). Recorded as male.",1,1888,"In this dataset, Jaziz is described as the Hagrite in charge of David's flocks (1CH 27:31). Recorded as male."
Jehiel_2,Jehiel,,"son of Hachmoni, tutored David's sons (1CH 27:32)",male,,"In this dataset, Jehiel is described as son of Hachmoni, tutored David's sons (1CH 27:32). Recorded as male.",2,1889,"In this dataset, Jehiel is described as son of Hachmoni, tutored David's sons (1CH 27:32). Recorded as male."
Hachmoni_1,Hachmoni,,"father of Jehiel, the tutor of David's sons (1CH 27:32)",male,,"In this dataset, Hachmoni is described as father of Jehiel, the tutor of David's sons (1CH 27:32). Recorded as male.",1,1890,"In this dataset, Hachmoni is described as father of Jehiel, the tutor of David's sons (1CH 27:32). Recorded as male."
Huram-abi_1,Huram-abi,,"skilled craftsman, son of a Danite woman and Tyrian father (2CH 2:13)",male,,"In this dataset, Huram-abi is described as skilled craftsman, son of a Danite woman and Tyrian father (2CH 2:13). Recorded as male.",1,1891,"In this dataset, Huram-abi is described as skilled craftsman, son of a Danite woman and Tyrian father (2CH 2:13). Recorded as male."
Iddo_4,Iddo,,the seer who had visions concerning Jeroboam (2CH 9:29),male,,"In this dataset, Iddo is described as the seer who had visions concerning Jeroboam (2CH 9:29). Recorded as male.",4,1892,"In this dataset, Iddo is described as the seer who had visions concerning Jeroboam (2CH 9:29). Recorded as male."
Mahalath_2,Mahalath,,daughter of Jerimoth and Abihail and wife of Rehoboam (2CH 11:18),male,,"In this dataset, Mahalath is described as daughter of Jerimoth and Abihail and wife of Rehoboam (2CH 11:18). Recorded as male.",2,1893,"In this dataset, Mahalath is described as daughter of Jerimoth and Abihail and wife of Rehoboam (2CH 11:18). Recorded as male."
Jerimoth_4,Jerimoth,,the son of David (2CH 11:18),male,,"In this dataset, Jerimoth is described as the son of David (2CH 11:18). Recorded as male.",4,1894,"In this dataset, Jerimoth is described as the son of David (2CH 11:18). Recorded as male."
Abihail_4,Abihail,,the daughter of Eliab_3 (2CH 11:18),female,,"In this dataset, Abihail is described as the daughter of Eliab_3 (2CH 11:18). Recorded as female.",4,1895,"In this dataset, Abihail is described as the daughter of Eliab_3 (2CH 11:18). Recorded as female."
Jeush_5,Jeush,,son of Rehoboam and Mahalath (2CH 11:18),male,Judah,"In this dataset, Jeush is described as son of Rehoboam and Mahalath (2CH 11:18). Recorded as male; listed with tribe: Judah.",5,1896,"In this dataset, Jeush is described as son of Rehoboam and Mahalath (2CH 11:18). Recorded as male; listed with tribe: Judah."
Shemariah_2,Shemariah,,son of Rehoboam and Mahalath (2CH 11:18),male,Judah,"In this dataset, Shemariah is described as son of Rehoboam and Mahalath (2CH 11:18). Recorded as male; listed with tribe: Judah.",2,1897,"In this dataset, Shemariah is described as son of Rehoboam and Mahalath (2CH 11:18). Recorded as male; listed with tribe: Judah."
Zaham_1,Zaham,,son of Rehoboam and Mahalath (2CH 11:18),male,Judah,"In this dataset, Zaham is described as son of Rehoboam and Mahalath (2CH 11:18). Recorded as male; listed with tribe: Judah.",1,1898,"In this dataset, Zaham is described as son of Rehoboam and Mahalath (2CH 11:18). Recorded as male; listed with tribe: Judah."
Attai_3,Attai,,son of Rehoboam and Maacah (2CH 11:20),male,Judah,"In this dataset, Attai is described as son of Rehoboam and Maacah (2CH 11:20). Recorded as male; listed with tribe: Judah.",3,1899,"In this dataset, Attai is described as son of Rehoboam and Maacah (2CH 11:20). Recorded as male; listed with tribe: Judah."
Ziza_2,Ziza,,son of Rehoboam and Maacah (2CH 11:20),male,Judah,"In this dataset, Ziza is described as son of Rehoboam and Maacah (2CH 11:20). Recorded as male; listed with tribe: Judah.",2,1900,"In this dataset, Ziza is described as son of Rehoboam and Maacah (2CH 11:20). Recorded as male; listed with tribe: Judah."
Shelomith_4,Shelomith,,son of Rehoboam and Maacah (2CH 11:20),male,Judah,"In this dataset, Shelomith is described as son of Rehoboam and Maacah (2CH 11:20). Recorded as male; listed with tribe: Judah.",4,1901,"In this dataset, Shelomith is described as son of Rehoboam and Maacah (2CH 11:20). Recorded as male; listed with tribe: Judah."
Zerah_6,Zerah,,the Ethiopian (2CH 14:9),male,,"In this dataset, Zerah is described as the Ethiopian (2CH 14:9). Recorded as male.",6,1902,"In this dataset, Zerah is described as the Ethiopian (2CH 14:9). Recorded as male."
Azariah_8,Azariah,,"the prophet, son of Oded (2CH 15:1)",male,,"In this dataset, Azariah is described as the prophet, son of Oded (2CH 15:1). Recorded as male.",8,1903,"In this dataset, Azariah is described as the prophet, son of Oded (2CH 15:1). Recorded as male."
Oded_1,Oded,,father of Azariah (2CH 15:1),male,,"In this dataset, Oded is described as father of Azariah (2CH 15:1). Recorded as male.",1,1904,"In this dataset, Oded is described as father of Azariah (2CH 15:1). Recorded as male."
Ben-hail_1,Ben-hail,,"official of Jehoshaphat, sent to teach (2CH 17:7)",male,,"In this dataset, Ben-hail is described as official of Jehoshaphat, sent to teach (2CH 17:7). Recorded as male.",1,1905,"In this dataset, Ben-hail is described as official of Jehoshaphat, sent to teach (2CH 17:7). Recorded as male."
Zechariah_9,Zechariah,,"official of Jehoshaphat, sent to teach (2CH 17:7)",male,,"In this dataset, Zechariah is described as official of Jehoshaphat, sent to teach (2CH 17:7). Recorded as male.",9,1906,"In this dataset, Zechariah is described as official of Jehoshaphat, sent to teach (2CH 17:7). Recorded as male."
Nethanel_6,Nethanel,,"official of Jehoshaphat, sent to teach (2CH 17:7)",male,,"In this dataset, Nethanel is described as official of Jehoshaphat, sent to teach (2CH 17:7). Recorded as male.",6,1907,"In this dataset, Nethanel is described as official of Jehoshaphat, sent to teach (2CH 17:7). Recorded as male."
Micaiah_3,Micaiah,,"official of Jehoshaphat, sent to teach (2CH 17:7)",male,,"In this dataset, Micaiah is described as official of Jehoshaphat, sent to teach (2CH 17:7). Recorded as male.",3,1908,"In this dataset, Micaiah is described as official of Jehoshaphat, sent to teach (2CH 17:7). Recorded as male."
Shemaiah_10,Shemaiah,,Levite sent by Jehoshaphat (2CH 17:8),male,Levi,"In this dataset, Shemaiah is described as Levite sent by Jehoshaphat (2CH 17:8). Recorded as male; listed with tribe: Levi.",10,1909,"In this dataset, Shemaiah is described as Levite sent by Jehoshaphat (2CH 17:8). Recorded as male; listed with tribe: Levi."
Nethaniah_3,Nethaniah,,Levite sent by Jehoshaphat (2CH 17:8),male,Levi,"In this dataset, Nethaniah is described as Levite sent by Jehoshaphat (2CH 17:8). Recorded as male; listed with tribe: Levi.",3,1910,"In this dataset, Nethaniah is described as Levite sent by Jehoshaphat (2CH 17:8). Recorded as male; listed with tribe: Levi."
Zebadiah_6,Zebadiah,,Levite sent by Jehoshaphat (2CH 17:8),male,Levi,"In this dataset, Zebadiah is described as Levite sent by Jehoshaphat (2CH 17:8). Recorded as male; listed with tribe: Levi.",6,1911,"In this dataset, Zebadiah is described as Levite sent by Jehoshaphat (2CH 17:8). Recorded as male; listed with tribe: Levi."
Asahel_2,Asahel,,Levite sent by Jehoshaphat (2CH 17:8),male,Levi,"In this dataset, Asahel is described as Levite sent by Jehoshaphat (2CH 17:8). Recorded as male; listed with tribe: Levi.",2,1912,"In this dataset, Asahel is described as Levite sent by Jehoshaphat (2CH 17:8). Recorded as male; listed with tribe: Levi."
Shemiramoth_2,Shemiramoth,,Levite sent by Jehoshaphat (2CH 17:8),male,Levi,"In this dataset, Shemiramoth is described as Levite sent by Jehoshaphat (2CH 17:8). Recorded as male; listed with tribe: Levi.",2,1913,"In this dataset, Shemiramoth is described as Levite sent by Jehoshaphat (2CH 17:8). Recorded as male; listed with tribe: Levi."
Jehonathan_1,Jehonathan,,Levite sent by Jehoshaphat (2CH 17:8),male,Levi,"In this dataset, Jehonathan is described as Levite sent by Jehoshaphat (2CH 17:8). Recorded as male; listed with tribe: Levi.",1,1914,"In this dataset, Jehonathan is described as Levite sent by Jehoshaphat (2CH 17:8). Recorded as male; listed with tribe: Levi."
Adonijah_2,Adonijah,,Levite sent by Jehoshaphat (2CH 17:8),male,Levi,"In this dataset, Adonijah is described as Levite sent by Jehoshaphat (2CH 17:8). Recorded as male; listed with tribe: Levi.",2,1915,"In this dataset, Adonijah is described as Levite sent by Jehoshaphat (2CH 17:8). Recorded as male; listed with tribe: Levi."
Tobijah_1,Tobijah,,Levite sent by Jehoshaphat (2CH 17:8),male,Levi,"In this dataset, Tobijah is described as Levite sent by Jehoshaphat (2CH 17:8). Recorded as male; listed with tribe: Levi.",1,1916,"In this dataset, Tobijah is described as Levite sent by Jehoshaphat (2CH 17:8). Recorded as male; listed with tribe: Levi."
Tobadonijah_1,Tobadonijah,,Levite sent by Jehoshaphat (2CH 17:8),male,Levi,"In this dataset, Tobadonijah is described as Levite sent by Jehoshaphat (2CH 17:8). Recorded as male; listed with tribe: Levi.",1,1917,"In this dataset, Tobadonijah is described as Levite sent by Jehoshaphat (2CH 17:8). Recorded as male; listed with tribe: Levi."
Elishama_5,Elishama,,priest sent by Jehoshaphat (2CH 17:8),male,Levi,"In this dataset, Elishama is described as priest sent by Jehoshaphat (2CH 17:8). Recorded as male; listed with tribe: Levi.",5,1918,"In this dataset, Elishama is described as priest sent by Jehoshaphat (2CH 17:8). Recorded as male; listed with tribe: Levi."
Jehoram_3,Jehoram,,priest sent by Jehoshaphat (2CH 17:8),male,Levi,"In this dataset, Jehoram is described as priest sent by Jehoshaphat (2CH 17:8). Recorded as male; listed with tribe: Levi.",3,1919,"In this dataset, Jehoram is described as priest sent by Jehoshaphat (2CH 17:8). Recorded as male; listed with tribe: Levi."
Adnah_2,Adnah,,"commander of 300,000 under Jehoshaphat (2CH 17:14)",male,,"In this dataset, Adnah is described as commander of 300,000 under Jehoshaphat (2CH 17:14). Recorded as male.",2,1920,"In this dataset, Adnah is described as commander of 300,000 under Jehoshaphat (2CH 17:14). Recorded as male."
Johanan_7,Johanan,,"commander of 280,000 under Jehoshaphat (2CH 17:15)",male,,"In this dataset, Johanan is described as commander of 280,000 under Jehoshaphat (2CH 17:15). Recorded as male.",7,1921,"In this dataset, Johanan is described as commander of 280,000 under Jehoshaphat (2CH 17:15). Recorded as male."
Amasiah_1,Amasiah,,"son of Zichri, commander of 200,000 under Jehoshaphat (2CH 17:16)",male,,"In this dataset, Amasiah is described as son of Zichri, commander of 200,000 under Jehoshaphat (2CH 17:16). Recorded as male.",1,1922,"In this dataset, Amasiah is described as son of Zichri, commander of 200,000 under Jehoshaphat (2CH 17:16). Recorded as male."
Zichri_8,Zichri,,father of Amasiah (2CH 17:16),male,,"In this dataset, Zichri is described as father of Amasiah (2CH 17:16). Recorded as male.",8,1923,"In this dataset, Zichri is described as father of Amasiah (2CH 17:16). Recorded as male."
Eliada_3,Eliada,,"commander of 200,000 under Jehoshaphat (2CH 17:17)",male,Benjamin,"In this dataset, Eliada is described as commander of 200,000 under Jehoshaphat (2CH 17:17). Recorded as male; listed with tribe: Benjamin.",3,1924,"In this dataset, Eliada is described as commander of 200,000 under Jehoshaphat (2CH 17:17). Recorded as male; listed with tribe: Benjamin."
Jehozabad_3,Jehozabad,,"commander of 180,000 under Jehoshaphat (2CH 17:18)",male,,"In this dataset, Jehozabad is described as commander of 180,000 under Jehoshaphat (2CH 17:18). Recorded as male.",3,1925,"In this dataset, Jehozabad is described as commander of 180,000 under Jehoshaphat (2CH 17:18). Recorded as male."
Zebadiah_7,Zebadiah,,"son of Ishmael, in charge of all that pertains to the king (2CH 19:11)",male,,"In this dataset, Zebadiah is described as son of Ishmael, in charge of all that pertains to the king (2CH 19:11). Recorded as male.",7,1926,"In this dataset, Zebadiah is described as son of Ishmael, in charge of all that pertains to the king (2CH 19:11). Recorded as male."
Ishmael_4,Ishmael,,father of Zebadiah (2CH 19:11),male,,"In this dataset, Ishmael is described as father of Zebadiah (2CH 19:11). Recorded as male.",4,1927,"In this dataset, Ishmael is described as father of Zebadiah (2CH 19:11). Recorded as male."
Jahaziel_3,Jahaziel,,the Spirit of the Lord came upon him during Jehoshaphat's reign (2CH 20:14),male,Levi,"In this dataset, Jahaziel is described as the Spirit of the Lord came upon him during Jehoshaphat's reign (2CH 20:14). Recorded as male; listed with tribe: Levi.",3,1928,"In this dataset, Jahaziel is described as the Spirit of the Lord came upon him during Jehoshaphat's reign (2CH 20:14). Recorded as male; listed with tribe: Levi."
Zechariah_10,Zechariah,,father of Jahaziel and son of Benaiah (2CH 20:14),male,Levi,"In this dataset, Zechariah is described as father of Jahaziel and son of Benaiah (2CH 20:14). Recorded as male; listed with tribe: Levi.",10,1929,"In this dataset, Zechariah is described as father of Jahaziel and son of Benaiah (2CH 20:14). Recorded as male; listed with tribe: Levi."
Benaiah_5,Benaiah,,son of Jeiel (2CH 20:14),male,Levi,"In this dataset, Benaiah is described as son of Jeiel (2CH 20:14). Recorded as male; listed with tribe: Levi.",5,1930,"In this dataset, Benaiah is described as son of Jeiel (2CH 20:14). Recorded as male; listed with tribe: Levi."
Jeiel_5,Jeiel,,son of Mattaniah (2CH 20:14),male,Levi,"In this dataset, Jeiel is described as son of Mattaniah (2CH 20:14). Recorded as male; listed with tribe: Levi.",5,1931,"In this dataset, Jeiel is described as son of Mattaniah (2CH 20:14). Recorded as male; listed with tribe: Levi."
Eliezer_6,Eliezer,,"prophet, son of Dodavahu (2CH 20:37)",male,,"In this dataset, Eliezer is described as prophet, son of Dodavahu (2CH 20:37). Recorded as male.",6,1932,"In this dataset, Eliezer is described as prophet, son of Dodavahu (2CH 20:37). Recorded as male."
Dodavahu_1,Dodavahu,,"of Mareshah, father of Eliezer the prophet (2CH 20:37)",male,,"In this dataset, Dodavahu is described as of Mareshah, father of Eliezer the prophet (2CH 20:37). Recorded as male.",1,1933,"In this dataset, Dodavahu is described as of Mareshah, father of Eliezer the prophet (2CH 20:37). Recorded as male."
Azariah_9,Azariah,,son of Jehoshaphat (2CH 21:2),male,Judah,"In this dataset, Azariah is described as son of Jehoshaphat (2CH 21:2). Recorded as male; listed with tribe: Judah.",9,1934,"In this dataset, Azariah is described as son of Jehoshaphat (2CH 21:2). Recorded as male; listed with tribe: Judah."
Jehiel_3,Jehiel,,son of Jehoshaphat (2CH 21:2),male,Judah,"In this dataset, Jehiel is described as son of Jehoshaphat (2CH 21:2). Recorded as male; listed with tribe: Judah.",3,1935,"In this dataset, Jehiel is described as son of Jehoshaphat (2CH 21:2). Recorded as male; listed with tribe: Judah."
Zechariah_11,Zechariah,,son of Jehoshaphat (2CH 21:2),male,Judah,"In this dataset, Zechariah is described as son of Jehoshaphat (2CH 21:2). Recorded as male; listed with tribe: Judah.",11,1936,"In this dataset, Zechariah is described as son of Jehoshaphat (2CH 21:2). Recorded as male; listed with tribe: Judah."
Azaryahu_1,Azaryahu,,son of Jehoshaphat (2CH 21:2),male,Judah,"In this dataset, Azaryahu is described as son of Jehoshaphat (2CH 21:2). Recorded as male; listed with tribe: Judah.",1,1937,"In this dataset, Azaryahu is described as son of Jehoshaphat (2CH 21:2). Recorded as male; listed with tribe: Judah."
Michael_7,Michael,,son of Jehoshaphat (2CH 21:2),male,Judah,"In this dataset, Michael is described as son of Jehoshaphat (2CH 21:2). Recorded as male; listed with tribe: Judah.",7,1938,"In this dataset, Michael is described as son of Jehoshaphat (2CH 21:2). Recorded as male; listed with tribe: Judah."
Sephatiah_1,Sephatiah,,son of Jehoshaphat (2CH 21:2),male,Judah,"In this dataset, Sephatiah is described as son of Jehoshaphat (2CH 21:2). Recorded as male; listed with tribe: Judah.",1,1939,"In this dataset, Sephatiah is described as son of Jehoshaphat (2CH 21:2). Recorded as male; listed with tribe: Judah."
Azariah_10,Azariah,,"son of Jeroham (2CH 23:1), supported Joash as king of Judah",male,,"In this dataset, Azariah is described as son of Jeroham (2CH 23:1), supported Joash as king of Judah. Recorded as male.",10,1940,"In this dataset, Azariah is described as son of Jeroham (2CH 23:1), supported Joash as king of Judah. Recorded as male."
Jeroham_6,Jeroham,,father of Azariah (2CH 23:1),male,,"In this dataset, Jeroham is described as father of Azariah (2CH 23:1). Recorded as male.",6,1941,"In this dataset, Jeroham is described as father of Azariah (2CH 23:1). Recorded as male."
Ishmael_5,Ishmael,,"son of Johanan (2CH 23:1), supported Joash as king of Judah",male,,"In this dataset, Ishmael is described as son of Johanan (2CH 23:1), supported Joash as king of Judah. Recorded as male.",5,1942,"In this dataset, Ishmael is described as son of Johanan (2CH 23:1), supported Joash as king of Judah. Recorded as male."
Johanan_8,Johanan,,father of Ishmael (2CH 23:1),male,,"In this dataset, Johanan is described as father of Ishmael (2CH 23:1). Recorded as male.",8,1943,"In this dataset, Johanan is described as father of Ishmael (2CH 23:1). Recorded as male."
Azariah_11,Azariah,,"son of Obed (2CH 23:1), supported Joash as king of Judah",male,,"In this dataset, Azariah is described as son of Obed (2CH 23:1), supported Joash as king of Judah. Recorded as male.",11,1944,"In this dataset, Azariah is described as son of Obed (2CH 23:1), supported Joash as king of Judah. Recorded as male."
Obed_5,Obed,,father of Azariah (2CH 23:1),male,,"In this dataset, Obed is described as father of Azariah (2CH 23:1). Recorded as male.",5,1945,"In this dataset, Obed is described as father of Azariah (2CH 23:1). Recorded as male."
Maaseiah_2,Maaseiah,,"son of Adaiah (2CH 23:1), supported Joash as king of Judah",male,,"In this dataset, Maaseiah is described as son of Adaiah (2CH 23:1), supported Joash as king of Judah. Recorded as male.",2,1946,"In this dataset, Maaseiah is described as son of Adaiah (2CH 23:1), supported Joash as king of Judah. Recorded as male."
Adaiah_5,Adaiah,,father of Maaseiah (2CH 23:1),male,,"In this dataset, Adaiah is described as father of Maaseiah (2CH 23:1). Recorded as male.",5,1947,"In this dataset, Adaiah is described as father of Maaseiah (2CH 23:1). Recorded as male."
Elishaphat_1,Elishaphat,,"son of Zichri (2CH 23:1), supported Joash as king of Judah",male,,"In this dataset, Elishaphat is described as son of Zichri (2CH 23:1), supported Joash as king of Judah. Recorded as male.",1,1948,"In this dataset, Elishaphat is described as son of Zichri (2CH 23:1), supported Joash as king of Judah. Recorded as male."
Zichri_9,Zichri,,father of Elishaphat (2CH 23:1),male,,"In this dataset, Zichri is described as father of Elishaphat (2CH 23:1). Recorded as male.",9,1949,"In this dataset, Zichri is described as father of Elishaphat (2CH 23:1). Recorded as male."
Zechariah_12,Zechariah,,son of Jehoiada the priest (2CH 24:20),male,Levi,"In this dataset, Zechariah is described as son of Jehoiada the priest (2CH 24:20). Recorded as male; listed with tribe: Levi.",12,1950,"In this dataset, Zechariah is described as son of Jehoiada the priest (2CH 24:20). Recorded as male; listed with tribe: Levi."
King of Damascus_1,King of Damascus,,received the spoil of Judah from the Arameans (2CH 24:23),male,,"In this dataset, King of Damascus is described as received the spoil of Judah from the Arameans (2CH 24:23). Recorded as male.",1,1951,"In this dataset, King of Damascus is described as received the spoil of Judah from the Arameans (2CH 24:23). Recorded as male."
Zechariah_13,Zechariah,,"2CH 26:5, the prophet (EZR 5:1) of the book of Zechariah, who went up with Ezra (EZR 8:2)",male,Levi,"In this dataset, Zechariah is described as 2CH 26:5, the prophet (EZR 5:1) of the book of Zechariah, who went up with Ezra (EZR 8:2). Recorded as male; listed with tribe: Levi.",13,1952,"In this dataset, Zechariah is described as 2CH 26:5, the prophet (EZR 5:1) of the book of Zechariah, who went up with Ezra (EZR 8:2). Recorded as male; listed with tribe: Levi."
Jeiel_6,Jeiel,,the scribe who prepared Uzziah's army divisions (2CH 26:11),male,,"In this dataset, Jeiel is described as the scribe who prepared Uzziah's army divisions (2CH 26:11). Recorded as male.",6,1953,"In this dataset, Jeiel is described as the scribe who prepared Uzziah's army divisions (2CH 26:11). Recorded as male."
Maaseiah_3,Maaseiah,,the official who prepared Uzziah's army divisions (2CH 26:11),male,,"In this dataset, Maaseiah is described as the official who prepared Uzziah's army divisions (2CH 26:11). Recorded as male.",3,1954,"In this dataset, Maaseiah is described as the official who prepared Uzziah's army divisions (2CH 26:11). Recorded as male."
Hananiah_4,Hananiah,,the king's officer over Jeiel and Maaseiah (2CH 26:11),male,,"In this dataset, Hananiah is described as the king's officer over Jeiel and Maaseiah (2CH 26:11). Recorded as male.",4,1955,"In this dataset, Hananiah is described as the king's officer over Jeiel and Maaseiah (2CH 26:11). Recorded as male."
King of the Ammonites_1,King of the Ammonites,,defeated by King Jotham (2CH 27:5),male,,"In this dataset, King of the Ammonites is described as defeated by King Jotham (2CH 27:5). Recorded as male.",1,1956,"In this dataset, King of the Ammonites is described as defeated by King Jotham (2CH 27:5). Recorded as male."
King of Aram_1,King of Aram,,defeated King Ahaz of Judah (2CH 28:5),male,,"In this dataset, King of Aram is described as defeated King Ahaz of Judah (2CH 28:5). Recorded as male.",1,1957,"In this dataset, King of Aram is described as defeated King Ahaz of Judah (2CH 28:5). Recorded as male."
Zichri_10,Zichri,,a mighty man of Ephraim (2CH 28:7),male,Ephraim,"In this dataset, Zichri is described as a mighty man of Ephraim (2CH 28:7). Recorded as male; listed with tribe: Ephraim.",10,1958,"In this dataset, Zichri is described as a mighty man of Ephraim (2CH 28:7). Recorded as male; listed with tribe: Ephraim."
Maaseiah_4,Maaseiah,,son of King Ahaz (2CH 28:7),male,Judah,"In this dataset, Maaseiah is described as son of King Ahaz (2CH 28:7). Recorded as male; listed with tribe: Judah.",4,1959,"In this dataset, Maaseiah is described as son of King Ahaz (2CH 28:7). Recorded as male; listed with tribe: Judah."
Azrikam_4,Azrikam,,ruler of the house (2CH 28:7),male,,"In this dataset, Azrikam is described as ruler of the house (2CH 28:7). Recorded as male.",4,1960,"In this dataset, Azrikam is described as ruler of the house (2CH 28:7). Recorded as male."
Elkanah_8,Elkanah,,second to King Ahaz (2CH 28:7),male,,"In this dataset, Elkanah is described as second to King Ahaz (2CH 28:7). Recorded as male.",8,1961,"In this dataset, Elkanah is described as second to King Ahaz (2CH 28:7). Recorded as male."
Azariah_12,Azariah,,"son of Johanan, aided defeated Judaites (2CH 28:12)",male,Ephraim,"In this dataset, Azariah is described as son of Johanan, aided defeated Judaites (2CH 28:12). Recorded as male; listed with tribe: Ephraim.",12,1962,"In this dataset, Azariah is described as son of Johanan, aided defeated Judaites (2CH 28:12). Recorded as male; listed with tribe: Ephraim."
Johanan_9,Johanan,,"father of Azariah, who aided defeated Judaites (2CH 28:12)",male,Ephraim,"In this dataset, Johanan is described as father of Azariah, who aided defeated Judaites (2CH 28:12). Recorded as male; listed with tribe: Ephraim.",9,1963,"In this dataset, Johanan is described as father of Azariah, who aided defeated Judaites (2CH 28:12). Recorded as male; listed with tribe: Ephraim."
Berechiah_4,Berechiah,,"son of Meshillemoth, aided defeated Judaites (2CH 28:12)",male,Ephraim,"In this dataset, Berechiah is described as son of Meshillemoth, aided defeated Judaites (2CH 28:12). Recorded as male; listed with tribe: Ephraim.",4,1964,"In this dataset, Berechiah is described as son of Meshillemoth, aided defeated Judaites (2CH 28:12). Recorded as male; listed with tribe: Ephraim."
Meshillemoth_1,Meshillemoth,,"father of Berechiah, who aided defeated Judaites (2CH 28:12)",male,Ephraim,"In this dataset, Meshillemoth is described as father of Berechiah, who aided defeated Judaites (2CH 28:12). Recorded as male; listed with tribe: Ephraim.",1,1965,"In this dataset, Meshillemoth is described as father of Berechiah, who aided defeated Judaites (2CH 28:12). Recorded as male; listed with tribe: Ephraim."
Jehikhiah_1,Jehikhiah,,"son of Shallum, aided defeated Judaites (2CH 28:12)",male,Ephraim,"In this dataset, Jehikhiah is described as son of Shallum, aided defeated Judaites (2CH 28:12). Recorded as male; listed with tribe: Ephraim.",1,1966,"In this dataset, Jehikhiah is described as son of Shallum, aided defeated Judaites (2CH 28:12). Recorded as male; listed with tribe: Ephraim."
Shallum_8,Shallum,,"father of Jehikhiah, who aided defeated Judaites (2CH 28:12)",male,Ephraim,"In this dataset, Shallum is described as father of Jehikhiah, who aided defeated Judaites (2CH 28:12). Recorded as male; listed with tribe: Ephraim.",8,1967,"In this dataset, Shallum is described as father of Jehikhiah, who aided defeated Judaites (2CH 28:12). Recorded as male; listed with tribe: Ephraim."
Amasa_2,Amasa,,"son of Hadlai, aided defeated Judaites (2CH 28:12)",male,Ephraim,"In this dataset, Amasa is described as son of Hadlai, aided defeated Judaites (2CH 28:12). Recorded as male; listed with tribe: Ephraim.",2,1968,"In this dataset, Amasa is described as son of Hadlai, aided defeated Judaites (2CH 28:12). Recorded as male; listed with tribe: Ephraim."
Hadlai_1,Hadlai,,"father of Amasa, who aided defeated Judaites (2CH 28:12)",male,Ephraim,"In this dataset, Hadlai is described as father of Amasa, who aided defeated Judaites (2CH 28:12). Recorded as male; listed with tribe: Ephraim.",1,1969,"In this dataset, Hadlai is described as father of Amasa, who aided defeated Judaites (2CH 28:12). Recorded as male; listed with tribe: Ephraim."
Joel_8,Joel,,Kohathite during reign of Hezekiah (2CH 29:12),male,Levi,"In this dataset, Joel is described as Kohathite during reign of Hezekiah (2CH 29:12). Recorded as male; listed with tribe: Levi.",8,1970,"In this dataset, Joel is described as Kohathite during reign of Hezekiah (2CH 29:12). Recorded as male; listed with tribe: Levi."
Azariah_13,Azariah,,"father of Joel, Kohathite during reign of Hezekiah (2CH 29:12)",male,Levi,"In this dataset, Azariah is described as father of Joel, Kohathite during reign of Hezekiah (2CH 29:12). Recorded as male; listed with tribe: Levi.",13,1971,"In this dataset, Azariah is described as father of Joel, Kohathite during reign of Hezekiah (2CH 29:12). Recorded as male; listed with tribe: Levi."
Azariah_14,Azariah,,"son of Jehallelel, Merarite during reign of Hezekiah (2CH 29:12)",male,Levi,"In this dataset, Azariah is described as son of Jehallelel, Merarite during reign of Hezekiah (2CH 29:12). Recorded as male; listed with tribe: Levi.",14,1972,"In this dataset, Azariah is described as son of Jehallelel, Merarite during reign of Hezekiah (2CH 29:12). Recorded as male; listed with tribe: Levi."
Jehallelel_2,Jehallelel,,"father of Azariah, Merarite during reign of Hezekiah (2CH 29:12)",male,Levi,"In this dataset, Jehallelel is described as father of Azariah, Merarite during reign of Hezekiah (2CH 29:12). Recorded as male; listed with tribe: Levi.",2,1973,"In this dataset, Jehallelel is described as father of Azariah, Merarite during reign of Hezekiah (2CH 29:12). Recorded as male; listed with tribe: Levi."
Eden_1,Eden,,son of Joah (2CH 29:12),male,Levi,"In this dataset, Eden is described as son of Joah (2CH 29:12). Recorded as male; listed with tribe: Levi.",1,1974,"In this dataset, Eden is described as son of Joah (2CH 29:12). Recorded as male; listed with tribe: Levi."
Shimri_4,Shimri,,descendant of Elizaphan [Elzaphan] (2CH 29:13),male,Levi,"In this dataset, Shimri is described as descendant of Elizaphan [Elzaphan] (2CH 29:13). Recorded as male; listed with tribe: Levi.",4,1975,"In this dataset, Shimri is described as descendant of Elizaphan [Elzaphan] (2CH 29:13). Recorded as male; listed with tribe: Levi."
Jeiel_7,Jeiel,,descendant of Elizaphan [Elzaphan] (2CH 29:13),male,Levi,"In this dataset, Jeiel is described as descendant of Elizaphan [Elzaphan] (2CH 29:13). Recorded as male; listed with tribe: Levi.",7,1976,"In this dataset, Jeiel is described as descendant of Elizaphan [Elzaphan] (2CH 29:13). Recorded as male; listed with tribe: Levi."
Zechariah_14,Zechariah,,descendant of Asaph (2CH 29:13),male,Levi,"In this dataset, Zechariah is described as descendant of Asaph (2CH 29:13). Recorded as male; listed with tribe: Levi.",14,1977,"In this dataset, Zechariah is described as descendant of Asaph (2CH 29:13). Recorded as male; listed with tribe: Levi."
Mattaniah_4,Mattaniah,,descendant of Asaph (2CH 29:13),male,Levi,"In this dataset, Mattaniah is described as descendant of Asaph (2CH 29:13). Recorded as male; listed with tribe: Levi.",4,1978,"In this dataset, Mattaniah is described as descendant of Asaph (2CH 29:13). Recorded as male; listed with tribe: Levi."
Jehiel_4,Jehiel,,descendant of Heman (2CH 29:13),male,Levi,"In this dataset, Jehiel is described as descendant of Heman (2CH 29:13). Recorded as male; listed with tribe: Levi.",4,1979,"In this dataset, Jehiel is described as descendant of Heman (2CH 29:13). Recorded as male; listed with tribe: Levi."
Shimei_12,Shimei,,descendant of Heman (2CH 29:13),male,Levi,"In this dataset, Shimei is described as descendant of Heman (2CH 29:13). Recorded as male; listed with tribe: Levi.",12,1980,"In this dataset, Shimei is described as descendant of Heman (2CH 29:13). Recorded as male; listed with tribe: Levi."
Shemaiah_11,Shemaiah,,descendant of Jeduthun (2CH 29:13),male,Levi,"In this dataset, Shemaiah is described as descendant of Jeduthun (2CH 29:13). Recorded as male; listed with tribe: Levi.",11,1981,"In this dataset, Shemaiah is described as descendant of Jeduthun (2CH 29:13). Recorded as male; listed with tribe: Levi."
Uzziel_5,Uzziel,,descendant of Jeduthun (2CH 29:13),male,Levi,"In this dataset, Uzziel is described as descendant of Jeduthun (2CH 29:13). Recorded as male; listed with tribe: Levi.",5,1982,"In this dataset, Uzziel is described as descendant of Jeduthun (2CH 29:13). Recorded as male; listed with tribe: Levi."
Azariah_15,Azariah,,chief priest of the house of Zadok (2CH 31:10),male,Levi,"In this dataset, Azariah is described as chief priest of the house of Zadok (2CH 31:10). Recorded as male; listed with tribe: Levi.",15,1983,"In this dataset, Azariah is described as chief priest of the house of Zadok (2CH 31:10). Recorded as male; listed with tribe: Levi."
Conaniah_1,Conaniah,,officer in charge of the consecrated things (2CH 31:12),male,Levi,"In this dataset, Conaniah is described as officer in charge of the consecrated things (2CH 31:12). Recorded as male; listed with tribe: Levi.",1,1984,"In this dataset, Conaniah is described as officer in charge of the consecrated things (2CH 31:12). Recorded as male; listed with tribe: Levi."
Shimei_13,Shimei,,officer in charge of the consecrated things (2CH 31:12),male,Levi,"In this dataset, Shimei is described as officer in charge of the consecrated things (2CH 31:12). Recorded as male; listed with tribe: Levi.",13,1985,"In this dataset, Shimei is described as officer in charge of the consecrated things (2CH 31:12). Recorded as male; listed with tribe: Levi."
Azaziah_3,Azaziah,,overseer of the consecrated things under Conaniah (2CH 31:13),male,Levi,"In this dataset, Azaziah is described as overseer of the consecrated things under Conaniah (2CH 31:13). Recorded as male; listed with tribe: Levi.",3,1986,"In this dataset, Azaziah is described as overseer of the consecrated things under Conaniah (2CH 31:13). Recorded as male; listed with tribe: Levi."
Nahath_2,Nahath,,overseer of the consecrated things under Conaniah (2CH 31:13),male,Levi,"In this dataset, Nahath is described as overseer of the consecrated things under Conaniah (2CH 31:13). Recorded as male; listed with tribe: Levi.",2,1987,"In this dataset, Nahath is described as overseer of the consecrated things under Conaniah (2CH 31:13). Recorded as male; listed with tribe: Levi."
Asahel_3,Asahel,,overseer of the consecrated things under Conaniah (2CH 31:13),male,Levi,"In this dataset, Asahel is described as overseer of the consecrated things under Conaniah (2CH 31:13). Recorded as male; listed with tribe: Levi.",3,1988,"In this dataset, Asahel is described as overseer of the consecrated things under Conaniah (2CH 31:13). Recorded as male; listed with tribe: Levi."
Jerimoth_5,Jerimoth,,overseer of the consecrated things under Conaniah (2CH 31:13),male,Levi,"In this dataset, Jerimoth is described as overseer of the consecrated things under Conaniah (2CH 31:13). Recorded as male; listed with tribe: Levi.",5,1989,"In this dataset, Jerimoth is described as overseer of the consecrated things under Conaniah (2CH 31:13). Recorded as male; listed with tribe: Levi."
Jozabad_4,Jozabad,,overseer of the consecrated things under Conaniah (2CH 31:13),male,Levi,"In this dataset, Jozabad is described as overseer of the consecrated things under Conaniah (2CH 31:13). Recorded as male; listed with tribe: Levi.",4,1990,"In this dataset, Jozabad is described as overseer of the consecrated things under Conaniah (2CH 31:13). Recorded as male; listed with tribe: Levi."
Eliel_8,Eliel,,overseer of the consecrated things under Conaniah (2CH 31:13),male,Levi,"In this dataset, Eliel is described as overseer of the consecrated things under Conaniah (2CH 31:13). Recorded as male; listed with tribe: Levi.",8,1991,"In this dataset, Eliel is described as overseer of the consecrated things under Conaniah (2CH 31:13). Recorded as male; listed with tribe: Levi."
Ismachiah_1,Ismachiah,,overseer of the consecrated things under Conaniah (2CH 31:13),male,Levi,"In this dataset, Ismachiah is described as overseer of the consecrated things under Conaniah (2CH 31:13). Recorded as male; listed with tribe: Levi.",1,1992,"In this dataset, Ismachiah is described as overseer of the consecrated things under Conaniah (2CH 31:13). Recorded as male; listed with tribe: Levi."
Mahath_2,Mahath,,overseer of the consecrated things under Conaniah (2CH 31:13),male,Levi,"In this dataset, Mahath is described as overseer of the consecrated things under Conaniah (2CH 31:13). Recorded as male; listed with tribe: Levi.",2,1993,"In this dataset, Mahath is described as overseer of the consecrated things under Conaniah (2CH 31:13). Recorded as male; listed with tribe: Levi."
Benaiah_6,Benaiah,,overseer of the consecrated things under Conaniah (2CH 31:13),male,Levi,"In this dataset, Benaiah is described as overseer of the consecrated things under Conaniah (2CH 31:13). Recorded as male; listed with tribe: Levi.",6,1994,"In this dataset, Benaiah is described as overseer of the consecrated things under Conaniah (2CH 31:13). Recorded as male; listed with tribe: Levi."
Kore_2,Kore,,Levite gatekeeper of the eastern gate (2CH 31:14),male,Levi,"In this dataset, Kore is described as Levite gatekeeper of the eastern gate (2CH 31:14). Recorded as male; listed with tribe: Levi.",2,1995,"In this dataset, Kore is described as Levite gatekeeper of the eastern gate (2CH 31:14). Recorded as male; listed with tribe: Levi."
Imnah_2,Imnah,,"father of Kore, the gatekeeper (2CH 31:14)",male,Levi,"In this dataset, Imnah is described as father of Kore, the gatekeeper (2CH 31:14). Recorded as male; listed with tribe: Levi.",2,1996,"In this dataset, Imnah is described as father of Kore, the gatekeeper (2CH 31:14). Recorded as male; listed with tribe: Levi."
Miniamin_1,Miniamin,,distributed portions to their brothers (2CH 31:15),male,Levi,"In this dataset, Miniamin is described as distributed portions to their brothers (2CH 31:15). Recorded as male; listed with tribe: Levi.",1,1997,"In this dataset, Miniamin is described as distributed portions to their brothers (2CH 31:15). Recorded as male; listed with tribe: Levi."
Jeshua_2,Jeshua,,distributed portions to their brothers (2CH 31:15),male,Levi,"In this dataset, Jeshua is described as distributed portions to their brothers (2CH 31:15). Recorded as male; listed with tribe: Levi.",2,1998,"In this dataset, Jeshua is described as distributed portions to their brothers (2CH 31:15). Recorded as male; listed with tribe: Levi."
Shemaiah_12,Shemaiah,,distributed portions to their brothers (2CH 31:15),male,Levi,"In this dataset, Shemaiah is described as distributed portions to their brothers (2CH 31:15). Recorded as male; listed with tribe: Levi.",12,1999,"In this dataset, Shemaiah is described as distributed portions to their brothers (2CH 31:15). Recorded as male; listed with tribe: Levi."
Amariah_4,Amariah,,distributed portions to their brothers (2CH 31:15),male,Levi,"In this dataset, Amariah is described as distributed portions to their brothers (2CH 31:15). Recorded as male; listed with tribe: Levi.",4,2000,"In this dataset, Amariah is described as distributed portions to their brothers (2CH 31:15). Recorded as male; listed with tribe: Levi."
Shecaniah_3,Shecaniah,,distributed portions to their brothers (2CH 31:15),male,Levi,"In this dataset, Shecaniah is described as distributed portions to their brothers (2CH 31:15). Recorded as male; listed with tribe: Levi.",3,2001,"In this dataset, Shecaniah is described as distributed portions to their brothers (2CH 31:15). Recorded as male; listed with tribe: Levi."
Maaseiah_5,Maaseiah,,sent by Josiah to repair the house of the Lord (2CH 34:8),male,,"In this dataset, Maaseiah is described as sent by Josiah to repair the house of the Lord (2CH 34:8). Recorded as male.",5,2002,"In this dataset, Maaseiah is described as sent by Josiah to repair the house of the Lord (2CH 34:8). Recorded as male."
Joah_4,Joah,,sent by Josiah to repair the house of the Lord (2CH 34:8),male,,"In this dataset, Joah is described as sent by Josiah to repair the house of the Lord (2CH 34:8). Recorded as male.",4,2003,"In this dataset, Joah is described as sent by Josiah to repair the house of the Lord (2CH 34:8). Recorded as male."
Joahaz_1,Joahaz,,father of Joah (2CH 34:8),male,,"In this dataset, Joahaz is described as father of Joah (2CH 34:8). Recorded as male.",1,2004,"In this dataset, Joahaz is described as father of Joah (2CH 34:8). Recorded as male."
Jahath_6,Jahath,,foreman over reconstruction of the Temple during Josiah's reign (2CH 34:12),male,Levi,"In this dataset, Jahath is described as foreman over reconstruction of the Temple during Josiah's reign (2CH 34:12). Recorded as male; listed with tribe: Levi.",6,2005,"In this dataset, Jahath is described as foreman over reconstruction of the Temple during Josiah's reign (2CH 34:12). Recorded as male; listed with tribe: Levi."
Obadiah_8,Obadiah,,foreman over reconstruction of the Temple during Josiah's reign (2CH 34:12),male,Levi,"In this dataset, Obadiah is described as foreman over reconstruction of the Temple during Josiah's reign (2CH 34:12). Recorded as male; listed with tribe: Levi.",8,2006,"In this dataset, Obadiah is described as foreman over reconstruction of the Temple during Josiah's reign (2CH 34:12). Recorded as male; listed with tribe: Levi."
Zechariah_15,Zechariah,,foreman over reconstruction of the Temple during Josiah's reign (2CH 34:12),male,Levi,"In this dataset, Zechariah is described as foreman over reconstruction of the Temple during Josiah's reign (2CH 34:12). Recorded as male; listed with tribe: Levi.",15,2007,"In this dataset, Zechariah is described as foreman over reconstruction of the Temple during Josiah's reign (2CH 34:12). Recorded as male; listed with tribe: Levi."
Meshullam_7,Meshullam,,foreman over reconstruction of the Temple during Josiah's reign (2CH 34:12),male,Levi,"In this dataset, Meshullam is described as foreman over reconstruction of the Temple during Josiah's reign (2CH 34:12). Recorded as male; listed with tribe: Levi.",7,2008,"In this dataset, Meshullam is described as foreman over reconstruction of the Temple during Josiah's reign (2CH 34:12). Recorded as male; listed with tribe: Levi."
Jeremiah_6,Jeremiah,,"the prophet (2CH 36:12), son of Hilkiah (JER 1:1)",male,Levi,"In this dataset, Jeremiah is described as the prophet (2CH 36:12), son of Hilkiah (JER 1:1). Recorded as male; listed with tribe: Levi.",6,2009,"In this dataset, Jeremiah is described as the prophet (2CH 36:12), son of Hilkiah (JER 1:1). Recorded as male; listed with tribe: Levi."
Cyrus_1,Cyrus,,King of Persia (2CH 36:22),male,,"In this dataset, Cyrus is described as King of Persia (2CH 36:22). Recorded as male.",1,2010,"In this dataset, Cyrus is described as King of Persia (2CH 36:22). Recorded as male."
Mithredath_1,Mithredath,,treasurer of Cyrus (EZR 1:8),male,,"In this dataset, Mithredath is described as treasurer of Cyrus (EZR 1:8). Recorded as male.",1,2011,"In this dataset, Mithredath is described as treasurer of Cyrus (EZR 1:8). Recorded as male."
Sheshbazzar_1,Sheshbazzar,,the prince of Judah (EZR 1:8),male,Judah,"In this dataset, Sheshbazzar is described as the prince of Judah (EZR 1:8). Recorded as male; listed with tribe: Judah.",1,2012,"In this dataset, Sheshbazzar is described as the prince of Judah (EZR 1:8). Recorded as male; listed with tribe: Judah."
Zerubbabel_2,Zerubbabel,,"returned to Judah after the Babylonian captivity (EZR 2:2, NEH 7:7), son of Shealtiel (EZR 3:2)",male,Levi,"In this dataset, Zerubbabel is described as returned to Judah after the Babylonian captivity (EZR 2:2, NEH 7:7), son of Shealtiel (EZR 3:2). Recorded as male; listed with tribe: Levi.",2,2013,"In this dataset, Zerubbabel is described as returned to Judah after the Babylonian captivity (EZR 2:2, NEH 7:7), son of Shealtiel (EZR 3:2). Recorded as male; listed with tribe: Levi."
Jeshua_3,Jeshua,,"returned to Judah after the Babylonian captivity (EZR 2:2, NEH 7:7)",male,Levi,"In this dataset, Jeshua is described as returned to Judah after the Babylonian captivity (EZR 2:2, NEH 7:7). Recorded as male; listed with tribe: Levi.",3,2014,"In this dataset, Jeshua is described as returned to Judah after the Babylonian captivity (EZR 2:2, NEH 7:7). Recorded as male; listed with tribe: Levi."
Nehemiah_1,Nehemiah,,"returned to Judah after the Babylonian captivity (EZR 2:2, NEH 7:7), son of Hacaliah (Neh 1:1)",male,,"In this dataset, Nehemiah is described as returned to Judah after the Babylonian captivity (EZR 2:2, NEH 7:7), son of Hacaliah (Neh 1:1). Recorded as male.",1,2015,"In this dataset, Nehemiah is described as returned to Judah after the Babylonian captivity (EZR 2:2, NEH 7:7), son of Hacaliah (Neh 1:1). Recorded as male."
Seraiah_6,Seraiah,,"returned to Judah after the Babylonian captivity (EZR 2:2, NEH 7:7) [called Azariah in NEH 7:7]",male,,"In this dataset, Seraiah is described as returned to Judah after the Babylonian captivity (EZR 2:2, NEH 7:7) [called Azariah in NEH 7:7]. Recorded as male.",6,2016,"In this dataset, Seraiah is described as returned to Judah after the Babylonian captivity (EZR 2:2, NEH 7:7) [called Azariah in NEH 7:7]. Recorded as male."
Reelaiah_1,Reelaiah,,"returned to Judah after the Babylonian captivity (EZR 2:2, NEH 7:7) [called Raamiah in NEH 7:7]",male,,"In this dataset, Reelaiah is described as returned to Judah after the Babylonian captivity (EZR 2:2, NEH 7:7) [called Raamiah in NEH 7:7]. Recorded as male.",1,2017,"In this dataset, Reelaiah is described as returned to Judah after the Babylonian captivity (EZR 2:2, NEH 7:7) [called Raamiah in NEH 7:7]. Recorded as male."
Mordecai_1,Mordecai,,"returned to Judah after the Babylonian captivity (EZR 2:2, NEH 7:7)",male,,"In this dataset, Mordecai is described as returned to Judah after the Babylonian captivity (EZR 2:2, NEH 7:7). Recorded as male.",1,2018,"In this dataset, Mordecai is described as returned to Judah after the Babylonian captivity (EZR 2:2, NEH 7:7). Recorded as male."
Bilshan_1,Bilshan,,"returned to Judah after the Babylonian captivity (EZR 2:2, NEH 7:7)",male,,"In this dataset, Bilshan is described as returned to Judah after the Babylonian captivity (EZR 2:2, NEH 7:7). Recorded as male.",1,2019,"In this dataset, Bilshan is described as returned to Judah after the Babylonian captivity (EZR 2:2, NEH 7:7). Recorded as male."
Mispar_1,Mispar,,"returned to Judah after the Babylonian captivity (EZR 2:2, NEH 7:7) [called Misperethin NEH 7:7]",male,,"In this dataset, Mispar is described as returned to Judah after the Babylonian captivity (EZR 2:2, NEH 7:7) [called Misperethin NEH 7:7]. Recorded as male.",1,2020,"In this dataset, Mispar is described as returned to Judah after the Babylonian captivity (EZR 2:2, NEH 7:7) [called Misperethin NEH 7:7]. Recorded as male."
Bigvai_1,Bigvai,,"returned to Judah after the Babylonian captivity (EZR 2:2, NEH 7:7)",male,,"In this dataset, Bigvai is described as returned to Judah after the Babylonian captivity (EZR 2:2, NEH 7:7). Recorded as male.",1,2021,"In this dataset, Bigvai is described as returned to Judah after the Babylonian captivity (EZR 2:2, NEH 7:7). Recorded as male."
Rehum_1,Rehum,,"returned to Judah after the Babylonian captivity (EZR 2:2, NEH 7:7) [called Nehum NEH 7:7]",male,,"In this dataset, Rehum is described as returned to Judah after the Babylonian captivity (EZR 2:2, NEH 7:7) [called Nehum NEH 7:7]. Recorded as male.",1,2022,"In this dataset, Rehum is described as returned to Judah after the Babylonian captivity (EZR 2:2, NEH 7:7) [called Nehum NEH 7:7]. Recorded as male."
Baanah_3,Baanah,,"returned to Judah after the Babylonian captivity (EZR 2:2, NEH 7:7)",male,,"In this dataset, Baanah is described as returned to Judah after the Babylonian captivity (EZR 2:2, NEH 7:7). Recorded as male.",3,2023,"In this dataset, Baanah is described as returned to Judah after the Babylonian captivity (EZR 2:2, NEH 7:7). Recorded as male."
Parosh_1,Parosh,,his sons (descendants) returned to Judah after captivity (EZR 2:3),male,,"In this dataset, Parosh is described as his sons (descendants) returned to Judah after captivity (EZR 2:3). Recorded as male.",1,2024,"In this dataset, Parosh is described as his sons (descendants) returned to Judah after captivity (EZR 2:3). Recorded as male."
Shephatiah_5,Shephatiah,,his sons (descendants) returned to Judah after captivity (EZR 2:4),male,,"In this dataset, Shephatiah is described as his sons (descendants) returned to Judah after captivity (EZR 2:4). Recorded as male.",5,2025,"In this dataset, Shephatiah is described as his sons (descendants) returned to Judah after captivity (EZR 2:4). Recorded as male."
Arah_2,Arah,,his sons (descendants) returned to Judah after captivity (EZR 2:5),male,,"In this dataset, Arah is described as his sons (descendants) returned to Judah after captivity (EZR 2:5). Recorded as male.",2,2026,"In this dataset, Arah is described as his sons (descendants) returned to Judah after captivity (EZR 2:5). Recorded as male."
Pahath-moab_1,Pahath-moab,,his sons (descendants) returned to Judah after captivity (EZR 2:5),male,,"In this dataset, Pahath-moab is described as his sons (descendants) returned to Judah after captivity (EZR 2:5). Recorded as male.",1,2027,"In this dataset, Pahath-moab is described as his sons (descendants) returned to Judah after captivity (EZR 2:5). Recorded as male."
Jeshua_4,Jeshua,,"his sons (descendants) returned to Judah after captivity (EZR 2:6, NEH 7:11)",male,,"In this dataset, Jeshua is described as his sons (descendants) returned to Judah after captivity (EZR 2:6, NEH 7:11). Recorded as male.",4,2028,"In this dataset, Jeshua is described as his sons (descendants) returned to Judah after captivity (EZR 2:6, NEH 7:11). Recorded as male."
Joab_3,Joab,,his sons (descendants) returned to Judah after captivity (EZR 2:6),male,,"In this dataset, Joab is described as his sons (descendants) returned to Judah after captivity (EZR 2:6). Recorded as male.",3,2029,"In this dataset, Joab is described as his sons (descendants) returned to Judah after captivity (EZR 2:6). Recorded as male."
Elam_4,Elam,,his sons (descendants) returned to Judah after captivity (EZR 2:7),male,,"In this dataset, Elam is described as his sons (descendants) returned to Judah after captivity (EZR 2:7). Recorded as male.",4,2030,"In this dataset, Elam is described as his sons (descendants) returned to Judah after captivity (EZR 2:7). Recorded as male."
Zattu_1,Zattu,,his sons (descendants) returned to Judah after captivity (EZR 2:8),male,,"In this dataset, Zattu is described as his sons (descendants) returned to Judah after captivity (EZR 2:8). Recorded as male.",1,2031,"In this dataset, Zattu is described as his sons (descendants) returned to Judah after captivity (EZR 2:8). Recorded as male."
Zaccai_1,Zaccai,,his sons (descendants) returned to Judah after captivity (EZR 2:9),male,,"In this dataset, Zaccai is described as his sons (descendants) returned to Judah after captivity (EZR 2:9). Recorded as male.",1,2032,"In this dataset, Zaccai is described as his sons (descendants) returned to Judah after captivity (EZR 2:9). Recorded as male."
Bani_4,Bani,,his sons (descendants) returned to Judah after captivity (EZR 2:10),male,,"In this dataset, Bani is described as his sons (descendants) returned to Judah after captivity (EZR 2:10). Recorded as male.",4,2033,"In this dataset, Bani is described as his sons (descendants) returned to Judah after captivity (EZR 2:10). Recorded as male."
Bebai_1,Bebai,,his sons (descendants) returned to Judah after captivity (EZR 2:11),male,,"In this dataset, Bebai is described as his sons (descendants) returned to Judah after captivity (EZR 2:11). Recorded as male.",1,2034,"In this dataset, Bebai is described as his sons (descendants) returned to Judah after captivity (EZR 2:11). Recorded as male."
Azgad_1,Azgad,,his sons (descendants) returned to Judah after captivity (EZR 2:12),male,,"In this dataset, Azgad is described as his sons (descendants) returned to Judah after captivity (EZR 2:12). Recorded as male.",1,2035,"In this dataset, Azgad is described as his sons (descendants) returned to Judah after captivity (EZR 2:12). Recorded as male."
Adonikam_1,Adonikam,,his sons (descendants) returned to Judah after captivity (EZR 2:13),male,,"In this dataset, Adonikam is described as his sons (descendants) returned to Judah after captivity (EZR 2:13). Recorded as male.",1,2036,"In this dataset, Adonikam is described as his sons (descendants) returned to Judah after captivity (EZR 2:13). Recorded as male."
Adin_1,Adin,,his sons (descendants) returned to Judah after captivity (EZR 2:15),male,,"In this dataset, Adin is described as his sons (descendants) returned to Judah after captivity (EZR 2:15). Recorded as male.",1,2037,"In this dataset, Adin is described as his sons (descendants) returned to Judah after captivity (EZR 2:15). Recorded as male."
Ater_1,Ater,,his sons (descendants) returned to Judah after captivity (EZR 2:16),male,,"In this dataset, Ater is described as his sons (descendants) returned to Judah after captivity (EZR 2:16). Recorded as male.",1,2038,"In this dataset, Ater is described as his sons (descendants) returned to Judah after captivity (EZR 2:16). Recorded as male."
Hezekiah_2,Hezekiah,,his sons (descendants) returned to Judah after captivity (EZR 2:16),male,,"In this dataset, Hezekiah is described as his sons (descendants) returned to Judah after captivity (EZR 2:16). Recorded as male.",2,2039,"In this dataset, Hezekiah is described as his sons (descendants) returned to Judah after captivity (EZR 2:16). Recorded as male."
Bezai_1,Bezai,,his sons (descendants) returned to Judah after captivity (EZR 2:17),male,,"In this dataset, Bezai is described as his sons (descendants) returned to Judah after captivity (EZR 2:17). Recorded as male.",1,2040,"In this dataset, Bezai is described as his sons (descendants) returned to Judah after captivity (EZR 2:17). Recorded as male."
Jorah_1,Jorah,,his sons (descendants) returned to Judah after captivity (EZR 2:18),male,,"In this dataset, Jorah is described as his sons (descendants) returned to Judah after captivity (EZR 2:18). Recorded as male.",1,2041,"In this dataset, Jorah is described as his sons (descendants) returned to Judah after captivity (EZR 2:18). Recorded as male."
Hashum_1,Hashum,,his sons (descendants) returned to Judah after captivity (EZR 2:19),male,,"In this dataset, Hashum is described as his sons (descendants) returned to Judah after captivity (EZR 2:19). Recorded as male.",1,2042,"In this dataset, Hashum is described as his sons (descendants) returned to Judah after captivity (EZR 2:19). Recorded as male."
Gibbar_1,Gibbar,,his sons (descendants) returned to Judah after captivity (EZR 2:20),male,,"In this dataset, Gibbar is described as his sons (descendants) returned to Judah after captivity (EZR 2:20). Recorded as male.",1,2043,"In this dataset, Gibbar is described as his sons (descendants) returned to Judah after captivity (EZR 2:20). Recorded as male."
Azmaveth_4,Azmaveth,,his sons (descendants) returned to Judah after captivity (EZR 2:24),male,,"In this dataset, Azmaveth is described as his sons (descendants) returned to Judah after captivity (EZR 2:24). Recorded as male.",4,2044,"In this dataset, Azmaveth is described as his sons (descendants) returned to Judah after captivity (EZR 2:24). Recorded as male."
Nebo_1,Nebo,,his sons (descendants) returned to Judah after captivity (EZR 2:29),male,,"In this dataset, Nebo is described as his sons (descendants) returned to Judah after captivity (EZR 2:29). Recorded as male.",1,2045,"In this dataset, Nebo is described as his sons (descendants) returned to Judah after captivity (EZR 2:29). Recorded as male."
Magbish_1,Magbish,,his sons (descendants) returned to Judah after captivity (EZR 2:30),male,,"In this dataset, Magbish is described as his sons (descendants) returned to Judah after captivity (EZR 2:30). Recorded as male.",1,2046,"In this dataset, Magbish is described as his sons (descendants) returned to Judah after captivity (EZR 2:30). Recorded as male."
Elam_5,Elam,,"""the other Elam"" whose sons (descendants) returned to Judah after captivity (EZR 2:31)",male,,"In this dataset, Elam is described as ""the other Elam"" whose sons (descendants) returned to Judah after captivity (EZR 2:31). Recorded as male.",5,2047,"In this dataset, Elam is described as ""the other Elam"" whose sons (descendants) returned to Judah after captivity (EZR 2:31). Recorded as male."
Harim_2,Harim,,his sons (descendants) returned to Judah after captivity (EZR 2:32),male,,"In this dataset, Harim is described as his sons (descendants) returned to Judah after captivity (EZR 2:32). Recorded as male.",2,2048,"In this dataset, Harim is described as his sons (descendants) returned to Judah after captivity (EZR 2:32). Recorded as male."
Senaah_1,Senaah,,his sons (descendants) returned to Judah after captivity (EZR 2:35),male,,"In this dataset, Senaah is described as his sons (descendants) returned to Judah after captivity (EZR 2:35). Recorded as male.",1,2049,"In this dataset, Senaah is described as his sons (descendants) returned to Judah after captivity (EZR 2:35). Recorded as male."
Harim_3,Harim,,his sons (descendants) returned to Judah after captivity (EZR 2:39),male,Levi,"In this dataset, Harim is described as his sons (descendants) returned to Judah after captivity (EZR 2:39). Recorded as male; listed with tribe: Levi.",3,2050,"In this dataset, Harim is described as his sons (descendants) returned to Judah after captivity (EZR 2:39). Recorded as male; listed with tribe: Levi."
Jeshua_5,Jeshua,,Levite whose sons (descendants) returned to Judah after captivity (EZR 2:40),male,Levi,"In this dataset, Jeshua is described as Levite whose sons (descendants) returned to Judah after captivity (EZR 2:40). Recorded as male; listed with tribe: Levi.",5,2051,"In this dataset, Jeshua is described as Levite whose sons (descendants) returned to Judah after captivity (EZR 2:40). Recorded as male; listed with tribe: Levi."
Kadmiel_1,Kadmiel,,his sons (descendants) returned to Judah after captivity (EZR 2:40),male,Levi,"In this dataset, Kadmiel is described as his sons (descendants) returned to Judah after captivity (EZR 2:40). Recorded as male; listed with tribe: Levi.",1,2052,"In this dataset, Kadmiel is described as his sons (descendants) returned to Judah after captivity (EZR 2:40). Recorded as male; listed with tribe: Levi."
Hodaviah_5,Hodaviah,,his sons (descendants) returned to Judah after captivity (EZR 2:40),male,Levi,"In this dataset, Hodaviah is described as his sons (descendants) returned to Judah after captivity (EZR 2:40). Recorded as male; listed with tribe: Levi.",5,2053,"In this dataset, Hodaviah is described as his sons (descendants) returned to Judah after captivity (EZR 2:40). Recorded as male; listed with tribe: Levi."
Ater_2,Ater,,his sons (descendants) returned to Judah after captivity (EZR 2:42),male,Levi,"In this dataset, Ater is described as his sons (descendants) returned to Judah after captivity (EZR 2:42). Recorded as male; listed with tribe: Levi.",2,2054,"In this dataset, Ater is described as his sons (descendants) returned to Judah after captivity (EZR 2:42). Recorded as male; listed with tribe: Levi."
Hatita_1,Hatita,,his sons (descendants) returned to Judah after captivity (EZR 2:42),male,Levi,"In this dataset, Hatita is described as his sons (descendants) returned to Judah after captivity (EZR 2:42). Recorded as male; listed with tribe: Levi.",1,2055,"In this dataset, Hatita is described as his sons (descendants) returned to Judah after captivity (EZR 2:42). Recorded as male; listed with tribe: Levi."
Shobai_1,Shobai,,his sons (descendants) returned to Judah after captivity (EZR 2:42),male,Levi,"In this dataset, Shobai is described as his sons (descendants) returned to Judah after captivity (EZR 2:42). Recorded as male; listed with tribe: Levi.",1,2056,"In this dataset, Shobai is described as his sons (descendants) returned to Judah after captivity (EZR 2:42). Recorded as male; listed with tribe: Levi."
Ziha_1,Ziha,,temple servant (EZR 2:43),male,Levi,"In this dataset, Ziha is described as temple servant (EZR 2:43). Recorded as male; listed with tribe: Levi.",1,2057,"In this dataset, Ziha is described as temple servant (EZR 2:43). Recorded as male; listed with tribe: Levi."
Hasupha_1,Hasupha,,temple servant (EZR 2:43),male,Levi,"In this dataset, Hasupha is described as temple servant (EZR 2:43). Recorded as male; listed with tribe: Levi.",1,2058,"In this dataset, Hasupha is described as temple servant (EZR 2:43). Recorded as male; listed with tribe: Levi."
Tabbaoth_1,Tabbaoth,,temple servant (EZR 2:43),male,Levi,"In this dataset, Tabbaoth is described as temple servant (EZR 2:43). Recorded as male; listed with tribe: Levi.",1,2059,"In this dataset, Tabbaoth is described as temple servant (EZR 2:43). Recorded as male; listed with tribe: Levi."
Keros_1,Keros,,temple servant (EZR 2:43),male,Levi,"In this dataset, Keros is described as temple servant (EZR 2:43). Recorded as male; listed with tribe: Levi.",1,2060,"In this dataset, Keros is described as temple servant (EZR 2:43). Recorded as male; listed with tribe: Levi."
Siaha_1,Siaha,,temple servant (EZR 2:44),male,Levi,"In this dataset, Siaha is described as temple servant (EZR 2:44). Recorded as male; listed with tribe: Levi.",1,2061,"In this dataset, Siaha is described as temple servant (EZR 2:44). Recorded as male; listed with tribe: Levi."
Padon_1,Padon,,temple servant (EZR 2:44),male,Levi,"In this dataset, Padon is described as temple servant (EZR 2:44). Recorded as male; listed with tribe: Levi.",1,2062,"In this dataset, Padon is described as temple servant (EZR 2:44). Recorded as male; listed with tribe: Levi."
Lebanah_1,Lebanah,,temple servant (EZR 2:45),male,Levi,"In this dataset, Lebanah is described as temple servant (EZR 2:45). Recorded as male; listed with tribe: Levi.",1,2063,"In this dataset, Lebanah is described as temple servant (EZR 2:45). Recorded as male; listed with tribe: Levi."
Hagabah_1,Hagabah,,temple servant (EZR 2:45),male,Levi,"In this dataset, Hagabah is described as temple servant (EZR 2:45). Recorded as male; listed with tribe: Levi.",1,2064,"In this dataset, Hagabah is described as temple servant (EZR 2:45). Recorded as male; listed with tribe: Levi."
Akkub_3,Akkub,,"temple servant (EZR 2:45), explained the law to the people (NEH 8:7)",male,Levi,"In this dataset, Akkub is described as temple servant (EZR 2:45), explained the law to the people (NEH 8:7). Recorded as male; listed with tribe: Levi.",3,2065,"In this dataset, Akkub is described as temple servant (EZR 2:45), explained the law to the people (NEH 8:7). Recorded as male; listed with tribe: Levi."
Hagab_1,Hagab,,temple servant (EZR 2:46),male,Levi,"In this dataset, Hagab is described as temple servant (EZR 2:46). Recorded as male; listed with tribe: Levi.",1,2066,"In this dataset, Hagab is described as temple servant (EZR 2:46). Recorded as male; listed with tribe: Levi."
Shalmai_1,Shalmai,,temple servant (EZR 2:46),male,Levi,"In this dataset, Shalmai is described as temple servant (EZR 2:46). Recorded as male; listed with tribe: Levi.",1,2067,"In this dataset, Shalmai is described as temple servant (EZR 2:46). Recorded as male; listed with tribe: Levi."
Hanan_4,Hanan,,"temple servant (EZR 2:46), explained the law to the people (NEH 8:7)",male,Levi,"In this dataset, Hanan is described as temple servant (EZR 2:46), explained the law to the people (NEH 8:7). Recorded as male; listed with tribe: Levi.",4,2068,"In this dataset, Hanan is described as temple servant (EZR 2:46), explained the law to the people (NEH 8:7). Recorded as male; listed with tribe: Levi."
Giddel_1,Giddel,,temple servant (EZR 2:47),male,Levi,"In this dataset, Giddel is described as temple servant (EZR 2:47). Recorded as male; listed with tribe: Levi.",1,2069,"In this dataset, Giddel is described as temple servant (EZR 2:47). Recorded as male; listed with tribe: Levi."
Gahar_1,Gahar,,temple servant (EZR 2:47),male,Levi,"In this dataset, Gahar is described as temple servant (EZR 2:47). Recorded as male; listed with tribe: Levi.",1,2070,"In this dataset, Gahar is described as temple servant (EZR 2:47). Recorded as male; listed with tribe: Levi."
Reaiah_3,Reaiah,,temple servant (EZR 2:47),male,Levi,"In this dataset, Reaiah is described as temple servant (EZR 2:47). Recorded as male; listed with tribe: Levi.",3,2071,"In this dataset, Reaiah is described as temple servant (EZR 2:47). Recorded as male; listed with tribe: Levi."
Rezin_2,Rezin,,temple servant (EZR 2:48),male,Levi,"In this dataset, Rezin is described as temple servant (EZR 2:48). Recorded as male; listed with tribe: Levi.",2,2072,"In this dataset, Rezin is described as temple servant (EZR 2:48). Recorded as male; listed with tribe: Levi."
Nekoda_1,Nekoda,,temple servant (EZR 2:48),male,Levi,"In this dataset, Nekoda is described as temple servant (EZR 2:48). Recorded as male; listed with tribe: Levi.",1,2073,"In this dataset, Nekoda is described as temple servant (EZR 2:48). Recorded as male; listed with tribe: Levi."
Gazzam_1,Gazzam,,temple servant (EZR 2:48),male,Levi,"In this dataset, Gazzam is described as temple servant (EZR 2:48). Recorded as male; listed with tribe: Levi.",1,2074,"In this dataset, Gazzam is described as temple servant (EZR 2:48). Recorded as male; listed with tribe: Levi."
Uzza_2,Uzza,,temple servant (EZR 2:49),male,Levi,"In this dataset, Uzza is described as temple servant (EZR 2:49). Recorded as male; listed with tribe: Levi.",2,2075,"In this dataset, Uzza is described as temple servant (EZR 2:49). Recorded as male; listed with tribe: Levi."
Paseah_2,Paseah,,temple servant (EZR 2:49),male,Levi,"In this dataset, Paseah is described as temple servant (EZR 2:49). Recorded as male; listed with tribe: Levi.",2,2076,"In this dataset, Paseah is described as temple servant (EZR 2:49). Recorded as male; listed with tribe: Levi."
Besai_1,Besai,,temple servant (EZR 2:49),male,Levi,"In this dataset, Besai is described as temple servant (EZR 2:49). Recorded as male; listed with tribe: Levi.",1,2077,"In this dataset, Besai is described as temple servant (EZR 2:49). Recorded as male; listed with tribe: Levi."
Asnah_1,Asnah,,temple servant (EZR 2:50),male,Levi,"In this dataset, Asnah is described as temple servant (EZR 2:50). Recorded as male; listed with tribe: Levi.",1,2078,"In this dataset, Asnah is described as temple servant (EZR 2:50). Recorded as male; listed with tribe: Levi."
Meunim_1,Meunim,,temple servant (EZR 2:50),male,Levi,"In this dataset, Meunim is described as temple servant (EZR 2:50). Recorded as male; listed with tribe: Levi.",1,2079,"In this dataset, Meunim is described as temple servant (EZR 2:50). Recorded as male; listed with tribe: Levi."
Nephisim_1,Nephisim,,temple servant (EZR 2:50),male,Levi,"In this dataset, Nephisim is described as temple servant (EZR 2:50). Recorded as male; listed with tribe: Levi.",1,2080,"In this dataset, Nephisim is described as temple servant (EZR 2:50). Recorded as male; listed with tribe: Levi."
Bakbuk_1,Bakbuk,,temple servant (EZR 2:51),male,Levi,"In this dataset, Bakbuk is described as temple servant (EZR 2:51). Recorded as male; listed with tribe: Levi.",1,2081,"In this dataset, Bakbuk is described as temple servant (EZR 2:51). Recorded as male; listed with tribe: Levi."
Hakupha_1,Hakupha,,temple servant (EZR 2:51),male,Levi,"In this dataset, Hakupha is described as temple servant (EZR 2:51). Recorded as male; listed with tribe: Levi.",1,2082,"In this dataset, Hakupha is described as temple servant (EZR 2:51). Recorded as male; listed with tribe: Levi."
Harhur_1,Harhur,,temple servant (EZR 2:51),male,Levi,"In this dataset, Harhur is described as temple servant (EZR 2:51). Recorded as male; listed with tribe: Levi.",1,2083,"In this dataset, Harhur is described as temple servant (EZR 2:51). Recorded as male; listed with tribe: Levi."
Bazluth_1,Bazluth,,temple servant (EZR 2:52),male,Levi,"In this dataset, Bazluth is described as temple servant (EZR 2:52). Recorded as male; listed with tribe: Levi.",1,2084,"In this dataset, Bazluth is described as temple servant (EZR 2:52). Recorded as male; listed with tribe: Levi."
Mehida_1,Mehida,,temple servant (EZR 2:52),male,Levi,"In this dataset, Mehida is described as temple servant (EZR 2:52). Recorded as male; listed with tribe: Levi.",1,2085,"In this dataset, Mehida is described as temple servant (EZR 2:52). Recorded as male; listed with tribe: Levi."
Harsha_1,Harsha,,temple servant (EZR 2:52),male,Levi,"In this dataset, Harsha is described as temple servant (EZR 2:52). Recorded as male; listed with tribe: Levi.",1,2086,"In this dataset, Harsha is described as temple servant (EZR 2:52). Recorded as male; listed with tribe: Levi."
Barkos_1,Barkos,,temple servant (EZR 2:53),male,Levi,"In this dataset, Barkos is described as temple servant (EZR 2:53). Recorded as male; listed with tribe: Levi.",1,2087,"In this dataset, Barkos is described as temple servant (EZR 2:53). Recorded as male; listed with tribe: Levi."
Sisera_2,Sisera,,temple servant (EZR 2:53),male,Levi,"In this dataset, Sisera is described as temple servant (EZR 2:53). Recorded as male; listed with tribe: Levi.",2,2088,"In this dataset, Sisera is described as temple servant (EZR 2:53). Recorded as male; listed with tribe: Levi."
Temah_1,Temah,,temple servant (EZR 2:53),male,Levi,"In this dataset, Temah is described as temple servant (EZR 2:53). Recorded as male; listed with tribe: Levi.",1,2089,"In this dataset, Temah is described as temple servant (EZR 2:53). Recorded as male; listed with tribe: Levi."
Neziah_1,Neziah,,temple servant (EZR 2:54),male,Levi,"In this dataset, Neziah is described as temple servant (EZR 2:54). Recorded as male; listed with tribe: Levi.",1,2090,"In this dataset, Neziah is described as temple servant (EZR 2:54). Recorded as male; listed with tribe: Levi."
Hatipha_1,Hatipha,,temple servant (EZR 2:54),male,Levi,"In this dataset, Hatipha is described as temple servant (EZR 2:54). Recorded as male; listed with tribe: Levi.",1,2091,"In this dataset, Hatipha is described as temple servant (EZR 2:54). Recorded as male; listed with tribe: Levi."
Sotai_1,Sotai,,Solomon's servant (EZR 2:55),male,,"In this dataset, Sotai is described as Solomon's servant (EZR 2:55). Recorded as male.",1,2092,"In this dataset, Sotai is described as Solomon's servant (EZR 2:55). Recorded as male."
Hassophereth_1,Hassophereth,,Solomon's servant (EZR 2:55),male,,"In this dataset, Hassophereth is described as Solomon's servant (EZR 2:55). Recorded as male.",1,2093,"In this dataset, Hassophereth is described as Solomon's servant (EZR 2:55). Recorded as male."
Peruda_1,Peruda,,Solomon's servant (EZR 2:55),male,,"In this dataset, Peruda is described as Solomon's servant (EZR 2:55). Recorded as male.",1,2094,"In this dataset, Peruda is described as Solomon's servant (EZR 2:55). Recorded as male."
Jaalah_1,Jaalah,,Solomon's servant (EZR 2:55),male,,"In this dataset, Jaalah is described as Solomon's servant (EZR 2:55). Recorded as male.",1,2095,"In this dataset, Jaalah is described as Solomon's servant (EZR 2:55). Recorded as male."
Darkon_1,Darkon,,Solomon's servant (EZR 2:55),male,,"In this dataset, Darkon is described as Solomon's servant (EZR 2:55). Recorded as male.",1,2096,"In this dataset, Darkon is described as Solomon's servant (EZR 2:55). Recorded as male."
Giddel_2,Giddel,,Solomon's servant (EZR 2:55),male,,"In this dataset, Giddel is described as Solomon's servant (EZR 2:55). Recorded as male.",2,2097,"In this dataset, Giddel is described as Solomon's servant (EZR 2:55). Recorded as male."
Shephatiah_6,Shephatiah,,Solomon's servant (EZR 2:55),male,,"In this dataset, Shephatiah is described as Solomon's servant (EZR 2:55). Recorded as male.",6,2098,"In this dataset, Shephatiah is described as Solomon's servant (EZR 2:55). Recorded as male."
Hattil_1,Hattil,,Solomon's servant (EZR 2:55),male,,"In this dataset, Hattil is described as Solomon's servant (EZR 2:55). Recorded as male.",1,2099,"In this dataset, Hattil is described as Solomon's servant (EZR 2:55). Recorded as male."
Pochereth-hazzebaim_1,Pochereth-hazzebaim,,Solomon's servant (EZR 2:55),male,,"In this dataset, Pochereth-hazzebaim is described as Solomon's servant (EZR 2:55). Recorded as male.",1,2100,"In this dataset, Pochereth-hazzebaim is described as Solomon's servant (EZR 2:55). Recorded as male."
Ami_1,Ami,,Solomon's servant (EZR 2:55),male,,"In this dataset, Ami is described as Solomon's servant (EZR 2:55). Recorded as male.",1,2101,"In this dataset, Ami is described as Solomon's servant (EZR 2:55). Recorded as male."
Delaiah_3,Delaiah,,unable to give evidence if they were from Israel (EZR 2:60),male,,"In this dataset, Delaiah is described as unable to give evidence if they were from Israel (EZR 2:60). Recorded as male.",3,2102,"In this dataset, Delaiah is described as unable to give evidence if they were from Israel (EZR 2:60). Recorded as male."
Tobiah_1,Tobiah,,unable to give evidence if they were from Israel (EZR 2:60),male,,"In this dataset, Tobiah is described as unable to give evidence if they were from Israel (EZR 2:60). Recorded as male.",1,2103,"In this dataset, Tobiah is described as unable to give evidence if they were from Israel (EZR 2:60). Recorded as male."
Habaiah_1,Habaiah,,unable to give evidence if they were from the priesthood (EZR 2:61),male,,"In this dataset, Habaiah is described as unable to give evidence if they were from the priesthood (EZR 2:61). Recorded as male.",1,2104,"In this dataset, Habaiah is described as unable to give evidence if they were from the priesthood (EZR 2:61). Recorded as male."
Barzillai_3,Barzillai,,man who took a wife from the the daughters of Barzillai and was called by their name (EZR 2:61),male,,"In this dataset, Barzillai is described as man who took a wife from the the daughters of Barzillai and was called by their name (EZR 2:61). Recorded as male.",3,2105,"In this dataset, Barzillai is described as man who took a wife from the the daughters of Barzillai and was called by their name (EZR 2:61). Recorded as male."
Jozadak_1,Jozadak,,father of Jeshua_3 who built the altar (EZR 3:2),male,Levi,"In this dataset, Jozadak is described as father of Jeshua_3 who built the altar (EZR 3:2). Recorded as male; listed with tribe: Levi.",1,2106,"In this dataset, Jozadak is described as father of Jeshua_3 who built the altar (EZR 3:2). Recorded as male; listed with tribe: Levi."
Shealtiel_2,Shealtiel,,father of Zerubbabel (EZR 3:2),male,Levi,"In this dataset, Shealtiel is described as father of Zerubbabel (EZR 3:2). Recorded as male; listed with tribe: Levi.",2,2107,"In this dataset, Shealtiel is described as father of Zerubbabel (EZR 3:2). Recorded as male; listed with tribe: Levi."
Darius_1,Darius,,King of Persia (EZR 4:5),male,,"In this dataset, Darius is described as King of Persia (EZR 4:5). Recorded as male.",1,2108,"In this dataset, Darius is described as King of Persia (EZR 4:5). Recorded as male."
Ahasuerus_1,Ahasuerus,,King of Persia (EZR 4:6),male,,"In this dataset, Ahasuerus is described as King of Persia (EZR 4:6). Recorded as male.",1,2109,"In this dataset, Ahasuerus is described as King of Persia (EZR 4:6). Recorded as male."
Artaxerxes_1,Artaxerxes,,King of Persia (EZR 4:7),male,,"In this dataset, Artaxerxes is described as King of Persia (EZR 4:7). Recorded as male.",1,2110,"In this dataset, Artaxerxes is described as King of Persia (EZR 4:7). Recorded as male."
Bishlam_1,Bishlam,,wrote against Judah (EZR 4:7),male,,"In this dataset, Bishlam is described as wrote against Judah (EZR 4:7). Recorded as male.",1,2111,"In this dataset, Bishlam is described as wrote against Judah (EZR 4:7). Recorded as male."
Mithredath_2,Mithredath,,wrote against Judah (EZR 4:7),male,,"In this dataset, Mithredath is described as wrote against Judah (EZR 4:7). Recorded as male.",2,2112,"In this dataset, Mithredath is described as wrote against Judah (EZR 4:7). Recorded as male."
Tabeel_1,Tabeel,,wrote against Judah (EZR 4:7),male,,"In this dataset, Tabeel is described as wrote against Judah (EZR 4:7). Recorded as male.",1,2113,"In this dataset, Tabeel is described as wrote against Judah (EZR 4:7). Recorded as male."
Rehum_2,Rehum,,the commander who wrote against Judah (EZR 4:8),male,,"In this dataset, Rehum is described as the commander who wrote against Judah (EZR 4:8). Recorded as male.",2,2114,"In this dataset, Rehum is described as the commander who wrote against Judah (EZR 4:8). Recorded as male."
Shimshai_1,Shimshai,,the scribe who wrote against Judah (EZR 4:8),male,,"In this dataset, Shimshai is described as the scribe who wrote against Judah (EZR 4:8). Recorded as male.",1,2115,"In this dataset, Shimshai is described as the scribe who wrote against Judah (EZR 4:8). Recorded as male."
Osnappar_1,Osnappar,,deported and settled people in the city of Samaria (EZR 4:10),male,,"In this dataset, Osnappar is described as deported and settled people in the city of Samaria (EZR 4:10). Recorded as male.",1,2116,"In this dataset, Osnappar is described as deported and settled people in the city of Samaria (EZR 4:10). Recorded as male."
Haggai_1,Haggai,,the prophet (EZR 5:1) of the book of Haggai,male,,"In this dataset, Haggai is described as the prophet (EZR 5:1) of the book of Haggai. Recorded as male.",1,2117,"In this dataset, Haggai is described as the prophet (EZR 5:1) of the book of Haggai. Recorded as male."
Iddo_5,Iddo,,"[grand] father of Zechariah the prophet (EZR 5:1, ZEC 1:1)",male,Levi,"In this dataset, Iddo is described as [grand] father of Zechariah the prophet (EZR 5:1, ZEC 1:1). Recorded as male; listed with tribe: Levi.",5,2118,"In this dataset, Iddo is described as [grand] father of Zechariah the prophet (EZR 5:1, ZEC 1:1). Recorded as male; listed with tribe: Levi."
Tattenai_1,Tattenai,,governor who opposed Israel rebuilding the Temple (EZR 5:3),male,,"In this dataset, Tattenai is described as governor who opposed Israel rebuilding the Temple (EZR 5:3). Recorded as male.",1,2119,"In this dataset, Tattenai is described as governor who opposed Israel rebuilding the Temple (EZR 5:3). Recorded as male."
Shethar-bozenai_1,Shethar-bozenai,,opposed Israel rebuilding the Temple (EZR 5:3),male,,"In this dataset, Shethar-bozenai is described as opposed Israel rebuilding the Temple (EZR 5:3). Recorded as male.",1,2120,"In this dataset, Shethar-bozenai is described as opposed Israel rebuilding the Temple (EZR 5:3). Recorded as male."
Ezra_1,Ezra,,"son of Seraiah (EZR 7:1), scribe skilled in the Law (EZR 7:6)",male,Levi,"In this dataset, Ezra is described as son of Seraiah (EZR 7:1), scribe skilled in the Law (EZR 7:6). Recorded as male; listed with tribe: Levi.",1,2121,"In this dataset, Ezra is described as son of Seraiah (EZR 7:1), scribe skilled in the Law (EZR 7:6). Recorded as male; listed with tribe: Levi."
Gershom_3,Gershom,,descendant of Phinehas who went up with Ezra (EZR 8:2),male,Levi,"In this dataset, Gershom is described as descendant of Phinehas who went up with Ezra (EZR 8:2). Recorded as male; listed with tribe: Levi.",3,2122,"In this dataset, Gershom is described as descendant of Phinehas who went up with Ezra (EZR 8:2). Recorded as male; listed with tribe: Levi."
Daniel_1,Daniel,,descendant of Ithamar who went up with Ezra (EZR 8:2),male,Levi,"In this dataset, Daniel is described as descendant of Ithamar who went up with Ezra (EZR 8:2). Recorded as male; listed with tribe: Levi.",1,2123,"In this dataset, Daniel is described as descendant of Ithamar who went up with Ezra (EZR 8:2). Recorded as male; listed with tribe: Levi."
Zechariah_16,Zechariah,,"descendant of Shecaniah (EZR 8:3), a Levite Ezra sent to Iddo (EZR 8:16) (his grandfather?)",male,Levi,"In this dataset, Zechariah is described as descendant of Shecaniah (EZR 8:3), a Levite Ezra sent to Iddo (EZR 8:16) (his grandfather?). Recorded as male; listed with tribe: Levi.",16,2124,"In this dataset, Zechariah is described as descendant of Shecaniah (EZR 8:3), a Levite Ezra sent to Iddo (EZR 8:16) (his grandfather?). Recorded as male; listed with tribe: Levi."
Eliehoenai_2,Eliehoenai,,descendant of Pahath-moab and son of Zerahiah who went up with Ezra (EZR 8:4),male,,"In this dataset, Eliehoenai is described as descendant of Pahath-moab and son of Zerahiah who went up with Ezra (EZR 8:4). Recorded as male.",2,2125,"In this dataset, Eliehoenai is described as descendant of Pahath-moab and son of Zerahiah who went up with Ezra (EZR 8:4). Recorded as male."
Zerahiah_2,Zerahiah,,father of Eliehoenai who went up with Ezra (EZR 8:4),male,,"In this dataset, Zerahiah is described as father of Eliehoenai who went up with Ezra (EZR 8:4). Recorded as male.",2,2126,"In this dataset, Zerahiah is described as father of Eliehoenai who went up with Ezra (EZR 8:4). Recorded as male."
Shecaniah_4,Shecaniah,,"descendant of Zattu, son of Jahaziel who went up with Ezra (EZR 8:5)",male,,"In this dataset, Shecaniah is described as descendant of Zattu, son of Jahaziel who went up with Ezra (EZR 8:5). Recorded as male.",4,2127,"In this dataset, Shecaniah is described as descendant of Zattu, son of Jahaziel who went up with Ezra (EZR 8:5). Recorded as male."
Jahaziel_4,Jahaziel,,father of Shecaniah who went up with Ezra (EZR 8:5),male,,"In this dataset, Jahaziel is described as father of Shecaniah who went up with Ezra (EZR 8:5). Recorded as male.",4,2128,"In this dataset, Jahaziel is described as father of Shecaniah who went up with Ezra (EZR 8:5). Recorded as male."
Ebed_2,Ebed,,"descendant of Adin, son of Jonathan who went up with Ezra (EZR 8:6)",male,,"In this dataset, Ebed is described as descendant of Adin, son of Jonathan who went up with Ezra (EZR 8:6). Recorded as male.",2,2129,"In this dataset, Ebed is described as descendant of Adin, son of Jonathan who went up with Ezra (EZR 8:6). Recorded as male."
Jonathan_8,Jonathan,,father of Ebed who went up with Ezra (EZR 8:6),male,,"In this dataset, Jonathan is described as father of Ebed who went up with Ezra (EZR 8:6). Recorded as male.",8,2130,"In this dataset, Jonathan is described as father of Ebed who went up with Ezra (EZR 8:6). Recorded as male."
Jeshaiah_3,Jeshaiah,,"descendant of Elam, son of Athaliah who went up with Ezra (EZR 8:7)",male,,"In this dataset, Jeshaiah is described as descendant of Elam, son of Athaliah who went up with Ezra (EZR 8:7). Recorded as male.",3,2131,"In this dataset, Jeshaiah is described as descendant of Elam, son of Athaliah who went up with Ezra (EZR 8:7). Recorded as male."
Athaliah_3,Athaliah,,father of Jeshaiah who went up with Ezra (EZR 8:7),male,,"In this dataset, Athaliah is described as father of Jeshaiah who went up with Ezra (EZR 8:7). Recorded as male.",3,2132,"In this dataset, Athaliah is described as father of Jeshaiah who went up with Ezra (EZR 8:7). Recorded as male."
Zebadiah_8,Zebadiah,,"descendant of Shephatiah, son of Michael who went up with Ezra (EZR 8:8)",male,,"In this dataset, Zebadiah is described as descendant of Shephatiah, son of Michael who went up with Ezra (EZR 8:8). Recorded as male.",8,2133,"In this dataset, Zebadiah is described as descendant of Shephatiah, son of Michael who went up with Ezra (EZR 8:8). Recorded as male."
Michael_8,Michael,,father of Zebadiah who went up with Ezra (EZR 8:8),male,,"In this dataset, Michael is described as father of Zebadiah who went up with Ezra (EZR 8:8). Recorded as male.",8,2134,"In this dataset, Michael is described as father of Zebadiah who went up with Ezra (EZR 8:8). Recorded as male."
Obadiah_9,Obadiah,,"descendant of Joab, son of Jehiel who went up with Ezra (EZR 8:9)",male,,"In this dataset, Obadiah is described as descendant of Joab, son of Jehiel who went up with Ezra (EZR 8:9). Recorded as male.",9,2135,"In this dataset, Obadiah is described as descendant of Joab, son of Jehiel who went up with Ezra (EZR 8:9). Recorded as male."
Jehiel_5,Jehiel,,father of Obadiah who went up with Ezra (EZR 8:9),male,,"In this dataset, Jehiel is described as father of Obadiah who went up with Ezra (EZR 8:9). Recorded as male.",5,2136,"In this dataset, Jehiel is described as father of Obadiah who went up with Ezra (EZR 8:9). Recorded as male."
Shelomith_5,Shelomith,,"descendant of Bani, son of Josiphia who went up with Ezra (EZR 8:10)",male,,"In this dataset, Shelomith is described as descendant of Bani, son of Josiphia who went up with Ezra (EZR 8:10). Recorded as male.",5,2137,"In this dataset, Shelomith is described as descendant of Bani, son of Josiphia who went up with Ezra (EZR 8:10). Recorded as male."
Josiphiah_1,Josiphiah,,father of Shelomith who went up with Ezra (EZR 8:10),male,,"In this dataset, Josiphiah is described as father of Shelomith who went up with Ezra (EZR 8:10). Recorded as male.",1,2138,"In this dataset, Josiphiah is described as father of Shelomith who went up with Ezra (EZR 8:10). Recorded as male."
Zechariah_17,Zechariah,,son of Bebai who went up with Ezra (EZR 8:11),male,,"In this dataset, Zechariah is described as son of Bebai who went up with Ezra (EZR 8:11). Recorded as male.",17,2139,"In this dataset, Zechariah is described as son of Bebai who went up with Ezra (EZR 8:11). Recorded as male."
Johanan_10,Johanan,,"descendant of Azgad, son of Hakkatan who went up with Ezra (EZR 8:12)",male,,"In this dataset, Johanan is described as descendant of Azgad, son of Hakkatan who went up with Ezra (EZR 8:12). Recorded as male.",10,2140,"In this dataset, Johanan is described as descendant of Azgad, son of Hakkatan who went up with Ezra (EZR 8:12). Recorded as male."
Hakkatan_1,Hakkatan,,father of Johanan who went up with Ezra (EZR 8:12),male,,"In this dataset, Hakkatan is described as father of Johanan who went up with Ezra (EZR 8:12). Recorded as male.",1,2141,"In this dataset, Hakkatan is described as father of Johanan who went up with Ezra (EZR 8:12). Recorded as male."
Eliphelet_5,Eliphelet,,"descendant of Adonikam, went up with Ezra (EZR 8:13)",male,,"In this dataset, Eliphelet is described as descendant of Adonikam, went up with Ezra (EZR 8:13). Recorded as male.",5,2142,"In this dataset, Eliphelet is described as descendant of Adonikam, went up with Ezra (EZR 8:13). Recorded as male."
Jeuel_2,Jeuel,,"descendant of Adonikam, went up with Ezra (EZR 8:13)",male,,"In this dataset, Jeuel is described as descendant of Adonikam, went up with Ezra (EZR 8:13). Recorded as male.",2,2143,"In this dataset, Jeuel is described as descendant of Adonikam, went up with Ezra (EZR 8:13). Recorded as male."
Shemaiah_13,Shemaiah,,"descendant of Adonikam, went up with Ezra (EZR 8:13)",male,,"In this dataset, Shemaiah is described as descendant of Adonikam, went up with Ezra (EZR 8:13). Recorded as male.",13,2144,"In this dataset, Shemaiah is described as descendant of Adonikam, went up with Ezra (EZR 8:13). Recorded as male."
Uthai_2,Uthai,,"descendant of Bigvai, went up with Ezra (EZR 8:14)",male,,"In this dataset, Uthai is described as descendant of Bigvai, went up with Ezra (EZR 8:14). Recorded as male.",2,2145,"In this dataset, Uthai is described as descendant of Bigvai, went up with Ezra (EZR 8:14). Recorded as male."
Zabbud_1,Zabbud,,"descendant of Bigvai, went up with Ezra (EZR 8:14)",male,,"In this dataset, Zabbud is described as descendant of Bigvai, went up with Ezra (EZR 8:14). Recorded as male.",1,2146,"In this dataset, Zabbud is described as descendant of Bigvai, went up with Ezra (EZR 8:14). Recorded as male."
Eliezer_7,Eliezer,,"Priest Ezra sent to Iddo (EZR 8:16), married a foreign wife (EZR 10:18, EZ 10:23)",male,Levi,"In this dataset, Eliezer is described as Priest Ezra sent to Iddo (EZR 8:16), married a foreign wife (EZR 10:18, EZ 10:23). Recorded as male; listed with tribe: Levi.",7,2147,"In this dataset, Eliezer is described as Priest Ezra sent to Iddo (EZR 8:16), married a foreign wife (EZR 10:18, EZ 10:23). Recorded as male; listed with tribe: Levi."
Ariel_2,Ariel,,Levite Ezra sent to Iddo (EZR 8:16),male,Levi,"In this dataset, Ariel is described as Levite Ezra sent to Iddo (EZR 8:16). Recorded as male; listed with tribe: Levi.",2,2148,"In this dataset, Ariel is described as Levite Ezra sent to Iddo (EZR 8:16). Recorded as male; listed with tribe: Levi."
Shemaiah_14,Shemaiah,,Levite Ezra sent to Iddo (EZR 8:16),male,Levi,"In this dataset, Shemaiah is described as Levite Ezra sent to Iddo (EZR 8:16). Recorded as male; listed with tribe: Levi.",14,2149,"In this dataset, Shemaiah is described as Levite Ezra sent to Iddo (EZR 8:16). Recorded as male; listed with tribe: Levi."
Elnathan_2,Elnathan,,Levite Ezra sent to Iddo (EZR 8:16),male,Levi,"In this dataset, Elnathan is described as Levite Ezra sent to Iddo (EZR 8:16). Recorded as male; listed with tribe: Levi.",2,2150,"In this dataset, Elnathan is described as Levite Ezra sent to Iddo (EZR 8:16). Recorded as male; listed with tribe: Levi."
Jarib_1,Jarib,,"Priest Ezra sent to Iddo (EZR 8:16), married a foreign wife (EZR 10:18)",male,Levi,"In this dataset, Jarib is described as Priest Ezra sent to Iddo (EZR 8:16), married a foreign wife (EZR 10:18). Recorded as male; listed with tribe: Levi.",1,2151,"In this dataset, Jarib is described as Priest Ezra sent to Iddo (EZR 8:16), married a foreign wife (EZR 10:18). Recorded as male; listed with tribe: Levi."
Elnathan_3,Elnathan,,second Levite Ezra sent to Iddo named Elnathan (EZR 8:16),male,Levi,"In this dataset, Elnathan is described as second Levite Ezra sent to Iddo named Elnathan (EZR 8:16). Recorded as male; listed with tribe: Levi.",3,2152,"In this dataset, Elnathan is described as second Levite Ezra sent to Iddo named Elnathan (EZR 8:16). Recorded as male; listed with tribe: Levi."
Nathan_7,Nathan,,Levite Ezra sent to Iddo (EZR 8:16),male,Levi,"In this dataset, Nathan is described as Levite Ezra sent to Iddo (EZR 8:16). Recorded as male; listed with tribe: Levi.",7,2153,"In this dataset, Nathan is described as Levite Ezra sent to Iddo (EZR 8:16). Recorded as male; listed with tribe: Levi."
Meshullam_8,Meshullam,,Levite Ezra sent to Iddo (EZR 8:16),male,Levi,"In this dataset, Meshullam is described as Levite Ezra sent to Iddo (EZR 8:16). Recorded as male; listed with tribe: Levi.",8,2154,"In this dataset, Meshullam is described as Levite Ezra sent to Iddo (EZR 8:16). Recorded as male; listed with tribe: Levi."
Joiarib_1,Joiarib,,Levite teacher Ezra sent to Iddo (EZR 8:16),male,Levi,"In this dataset, Joiarib is described as Levite teacher Ezra sent to Iddo (EZR 8:16). Recorded as male; listed with tribe: Levi.",1,2155,"In this dataset, Joiarib is described as Levite teacher Ezra sent to Iddo (EZR 8:16). Recorded as male; listed with tribe: Levi."
Elnathan_4,Elnathan,,Levite teacher Ezra sent to Iddo (EZR 8:16),male,Levi,"In this dataset, Elnathan is described as Levite teacher Ezra sent to Iddo (EZR 8:16). Recorded as male; listed with tribe: Levi.",4,2156,"In this dataset, Elnathan is described as Levite teacher Ezra sent to Iddo (EZR 8:16). Recorded as male; listed with tribe: Levi."
Iddo_6,Iddo,,the leading man at the place Casiphia (EZR 8:17),male,Levi,"In this dataset, Iddo is described as the leading man at the place Casiphia (EZR 8:17). Recorded as male; listed with tribe: Levi.",6,2157,"In this dataset, Iddo is described as the leading man at the place Casiphia (EZR 8:17). Recorded as male; listed with tribe: Levi."
Sherebiah_1,Sherebiah,,a man of insight sent to Ezra (EZR 8:18),male,Levi,"In this dataset, Sherebiah is described as a man of insight sent to Ezra (EZR 8:18). Recorded as male; listed with tribe: Levi.",1,2158,"In this dataset, Sherebiah is described as a man of insight sent to Ezra (EZR 8:18). Recorded as male; listed with tribe: Levi."
Hashabiah_4,Hashabiah,,Levite sent to Ezra (EZR 8:19),male,Levi,"In this dataset, Hashabiah is described as Levite sent to Ezra (EZR 8:19). Recorded as male; listed with tribe: Levi.",4,2159,"In this dataset, Hashabiah is described as Levite sent to Ezra (EZR 8:19). Recorded as male; listed with tribe: Levi."
Jeshaiah_4,Jeshaiah,,Levite sent to Ezra (EZR 8:19),male,Levi,"In this dataset, Jeshaiah is described as Levite sent to Ezra (EZR 8:19). Recorded as male; listed with tribe: Levi.",4,2160,"In this dataset, Jeshaiah is described as Levite sent to Ezra (EZR 8:19). Recorded as male; listed with tribe: Levi."
Meremoth_1,Meremoth,,son of Uriah the priest (EZR 8:33),male,Levi,"In this dataset, Meremoth is described as son of Uriah the priest (EZR 8:33). Recorded as male; listed with tribe: Levi.",1,2161,"In this dataset, Meremoth is described as son of Uriah the priest (EZR 8:33). Recorded as male; listed with tribe: Levi."
Uriah_2,Uriah,,"the priest, father of Meremoth (EZR 8:33)",male,Levi,"In this dataset, Uriah is described as the priest, father of Meremoth (EZR 8:33). Recorded as male; listed with tribe: Levi.",2,2162,"In this dataset, Uriah is described as the priest, father of Meremoth (EZR 8:33). Recorded as male; listed with tribe: Levi."
Eleazar_6,Eleazar,,"the priest, descendant of Phinehas (EZR 8:33)",male,Levi,"In this dataset, Eleazar is described as the priest, descendant of Phinehas (EZR 8:33). Recorded as male; listed with tribe: Levi.",6,2163,"In this dataset, Eleazar is described as the priest, descendant of Phinehas (EZR 8:33). Recorded as male; listed with tribe: Levi."
Jozabad_5,Jozabad,,"Levite present at the counting of the silver, gold, and utensils (EZR 8:33)",male,Levi,"In this dataset, Jozabad is described as Levite present at the counting of the silver, gold, and utensils (EZR 8:33). Recorded as male; listed with tribe: Levi.",5,2164,"In this dataset, Jozabad is described as Levite present at the counting of the silver, gold, and utensils (EZR 8:33). Recorded as male; listed with tribe: Levi."
Noadiah_1,Noadiah,,"Levite present at the counting of the silver, gold, and utensils (EZR 8:33)",male,Levi,"In this dataset, Noadiah is described as Levite present at the counting of the silver, gold, and utensils (EZR 8:33). Recorded as male; listed with tribe: Levi.",1,2165,"In this dataset, Noadiah is described as Levite present at the counting of the silver, gold, and utensils (EZR 8:33). Recorded as male; listed with tribe: Levi."
Binnui_1,Binnui,,father of Noadiah (EZR 8:33),male,Levi,"In this dataset, Binnui is described as father of Noadiah (EZR 8:33). Recorded as male; listed with tribe: Levi.",1,2166,"In this dataset, Binnui is described as father of Noadiah (EZR 8:33). Recorded as male; listed with tribe: Levi."
Shecaniah_5,Shecaniah,,son of Jehiel (EZR 10:2),male,,"In this dataset, Shecaniah is described as son of Jehiel (EZR 10:2). Recorded as male.",5,2167,"In this dataset, Shecaniah is described as son of Jehiel (EZR 10:2). Recorded as male."
Jehiel_6,Jehiel,,son of Elam and father of Shecaniah (EZR 10:2),male,,"In this dataset, Jehiel is described as son of Elam and father of Shecaniah (EZR 10:2). Recorded as male.",6,2168,"In this dataset, Jehiel is described as son of Elam and father of Shecaniah (EZR 10:2). Recorded as male."
Jehohanan_1,Jehohanan,,"in his house, Ezra mourned over the unfaithfulness of Israel (EZR 10:6)",male,Levi,"In this dataset, Jehohanan is described as in his house, Ezra mourned over the unfaithfulness of Israel (EZR 10:6). Recorded as male; listed with tribe: Levi.",1,2169,"In this dataset, Jehohanan is described as in his house, Ezra mourned over the unfaithfulness of Israel (EZR 10:6). Recorded as male; listed with tribe: Levi."
Eliashib_3,Eliashib,,father of Jehohanan in whose house Ezra mourned (EZR 10:6),male,Levi,"In this dataset, Eliashib is described as father of Jehohanan in whose house Ezra mourned (EZR 10:6). Recorded as male; listed with tribe: Levi.",3,2170,"In this dataset, Eliashib is described as father of Jehohanan in whose house Ezra mourned (EZR 10:6). Recorded as male; listed with tribe: Levi."
Jonathan_9,Jonathan,,opposed Israel's decision to set apart foreign wives (EZR 10:15),male,,"In this dataset, Jonathan is described as opposed Israel's decision to set apart foreign wives (EZR 10:15). Recorded as male.",9,2171,"In this dataset, Jonathan is described as opposed Israel's decision to set apart foreign wives (EZR 10:15). Recorded as male."
Asahel_4,Asahel,,opposed Israel's decision to set apart foreign wives (EZR 10:15),male,,"In this dataset, Asahel is described as opposed Israel's decision to set apart foreign wives (EZR 10:15). Recorded as male.",4,2172,"In this dataset, Asahel is described as opposed Israel's decision to set apart foreign wives (EZR 10:15). Recorded as male."
Jahzeiah_1,Jahzeiah,,opposed Israel's decision to set apart foreign wives (EZR 10:15),male,,"In this dataset, Jahzeiah is described as opposed Israel's decision to set apart foreign wives (EZR 10:15). Recorded as male.",1,2173,"In this dataset, Jahzeiah is described as opposed Israel's decision to set apart foreign wives (EZR 10:15). Recorded as male."
Tikvah_2,Tikvah,,opposed Israel's decision to set apart foreign wives (EZR 10:15),male,,"In this dataset, Tikvah is described as opposed Israel's decision to set apart foreign wives (EZR 10:15). Recorded as male.",2,2174,"In this dataset, Tikvah is described as opposed Israel's decision to set apart foreign wives (EZR 10:15). Recorded as male."
Meshullam_9,Meshullam,,opposed Israel's decision to set apart foreign wives (EZR 10:15),male,,"In this dataset, Meshullam is described as opposed Israel's decision to set apart foreign wives (EZR 10:15). Recorded as male.",9,2175,"In this dataset, Meshullam is described as opposed Israel's decision to set apart foreign wives (EZR 10:15). Recorded as male."
Shabbethai_1,Shabbethai,,the Levite who opposed Israel's decision to set apart foreign wives (EZR 10:15),male,,"In this dataset, Shabbethai is described as the Levite who opposed Israel's decision to set apart foreign wives (EZR 10:15). Recorded as male.",1,2176,"In this dataset, Shabbethai is described as the Levite who opposed Israel's decision to set apart foreign wives (EZR 10:15). Recorded as male."
Maaseiah_6,Maaseiah,,"priest who had married a foreign wife (EZR 10:18), son of Harim (EZR 10:21)",male,Levi,"In this dataset, Maaseiah is described as priest who had married a foreign wife (EZR 10:18), son of Harim (EZR 10:21). Recorded as male; listed with tribe: Levi.",6,2177,"In this dataset, Maaseiah is described as priest who had married a foreign wife (EZR 10:18), son of Harim (EZR 10:21). Recorded as male; listed with tribe: Levi."
Gedaliah_3,Gedaliah,,priest who had married a foreign wife (EZR 10:18),male,Levi,"In this dataset, Gedaliah is described as priest who had married a foreign wife (EZR 10:18). Recorded as male; listed with tribe: Levi.",3,2178,"In this dataset, Gedaliah is described as priest who had married a foreign wife (EZR 10:18). Recorded as male; listed with tribe: Levi."
Hanani_3,Hanani,,son of Immer who had married a foreign wife (EZR 10:20),male,Levi,"In this dataset, Hanani is described as son of Immer who had married a foreign wife (EZR 10:20). Recorded as male; listed with tribe: Levi.",3,2179,"In this dataset, Hanani is described as son of Immer who had married a foreign wife (EZR 10:20). Recorded as male; listed with tribe: Levi."
Zebadiah_9,Zebadiah,,son of Immer who had married a foreign wife (EZR 10:20),male,Levi,"In this dataset, Zebadiah is described as son of Immer who had married a foreign wife (EZR 10:20). Recorded as male; listed with tribe: Levi.",9,2180,"In this dataset, Zebadiah is described as son of Immer who had married a foreign wife (EZR 10:20). Recorded as male; listed with tribe: Levi."
Elijah_3,Elijah,,son of Harim who had married a foreign wife (EZR 10:21),male,Levi,"In this dataset, Elijah is described as son of Harim who had married a foreign wife (EZR 10:21). Recorded as male; listed with tribe: Levi.",3,2181,"In this dataset, Elijah is described as son of Harim who had married a foreign wife (EZR 10:21). Recorded as male; listed with tribe: Levi."
Shemaiah_15,Shemaiah,,son of Harim who had married a foreign wife (EZR 10:21),male,Levi,"In this dataset, Shemaiah is described as son of Harim who had married a foreign wife (EZR 10:21). Recorded as male; listed with tribe: Levi.",15,2182,"In this dataset, Shemaiah is described as son of Harim who had married a foreign wife (EZR 10:21). Recorded as male; listed with tribe: Levi."
Jehiel_7,Jehiel,,son of Harim who had married a foreign wife (EZR 10:21),male,Levi,"In this dataset, Jehiel is described as son of Harim who had married a foreign wife (EZR 10:21). Recorded as male; listed with tribe: Levi.",7,2183,"In this dataset, Jehiel is described as son of Harim who had married a foreign wife (EZR 10:21). Recorded as male; listed with tribe: Levi."
Uzziah_2,Uzziah,,son of Harim who had married a foreign wife (EZR 10:21),male,Levi,"In this dataset, Uzziah is described as son of Harim who had married a foreign wife (EZR 10:21). Recorded as male; listed with tribe: Levi.",2,2184,"In this dataset, Uzziah is described as son of Harim who had married a foreign wife (EZR 10:21). Recorded as male; listed with tribe: Levi."
Elioenai_4,Elioenai,,son of Pashhur who had married a foreign wife (EZR 10:22),male,Levi,"In this dataset, Elioenai is described as son of Pashhur who had married a foreign wife (EZR 10:22). Recorded as male; listed with tribe: Levi.",4,2185,"In this dataset, Elioenai is described as son of Pashhur who had married a foreign wife (EZR 10:22). Recorded as male; listed with tribe: Levi."
Maaseiah_7,Maaseiah,,son of Pashhur who had married a foreign wife (EZR 10:22),male,Levi,"In this dataset, Maaseiah is described as son of Pashhur who had married a foreign wife (EZR 10:22). Recorded as male; listed with tribe: Levi.",7,2186,"In this dataset, Maaseiah is described as son of Pashhur who had married a foreign wife (EZR 10:22). Recorded as male; listed with tribe: Levi."
Ishmael_6,Ishmael,,son of Pashhur who had married a foreign wife (EZR 10:22),male,Levi,"In this dataset, Ishmael is described as son of Pashhur who had married a foreign wife (EZR 10:22). Recorded as male; listed with tribe: Levi.",6,2187,"In this dataset, Ishmael is described as son of Pashhur who had married a foreign wife (EZR 10:22). Recorded as male; listed with tribe: Levi."
Netanel_1,Netanel,,son of Pashhur who had married a foreign wife (EZR 10:22),male,Levi,"In this dataset, Netanel is described as son of Pashhur who had married a foreign wife (EZR 10:22). Recorded as male; listed with tribe: Levi.",1,2188,"In this dataset, Netanel is described as son of Pashhur who had married a foreign wife (EZR 10:22). Recorded as male; listed with tribe: Levi."
Jozabad_6,Jozabad,,son of Pashhur who had married a foreign wife (EZR 10:22),male,Levi,"In this dataset, Jozabad is described as son of Pashhur who had married a foreign wife (EZR 10:22). Recorded as male; listed with tribe: Levi.",6,2189,"In this dataset, Jozabad is described as son of Pashhur who had married a foreign wife (EZR 10:22). Recorded as male; listed with tribe: Levi."
Elasah_1,Elasah,,son of Pashhur who had married a foreign wife (EZR 10:22),male,Levi,"In this dataset, Elasah is described as son of Pashhur who had married a foreign wife (EZR 10:22). Recorded as male; listed with tribe: Levi.",1,2190,"In this dataset, Elasah is described as son of Pashhur who had married a foreign wife (EZR 10:22). Recorded as male; listed with tribe: Levi."
Jozabad_7,Jozabad,,Levite who had married a foreign wife (EZR 10:23),male,Levi,"In this dataset, Jozabad is described as Levite who had married a foreign wife (EZR 10:23). Recorded as male; listed with tribe: Levi.",7,2191,"In this dataset, Jozabad is described as Levite who had married a foreign wife (EZR 10:23). Recorded as male; listed with tribe: Levi."
Shimei_14,Shimei,,Levite who had married a foreign wife (EZR 10:23),male,Levi,"In this dataset, Shimei is described as Levite who had married a foreign wife (EZR 10:23). Recorded as male; listed with tribe: Levi.",14,2192,"In this dataset, Shimei is described as Levite who had married a foreign wife (EZR 10:23). Recorded as male; listed with tribe: Levi."
Kelaiah_1,Kelaiah,,Levite who had married a foreign wife (EZR 10:23),male,Levi,"In this dataset, Kelaiah is described as Levite who had married a foreign wife (EZR 10:23). Recorded as male; listed with tribe: Levi.",1,2193,"In this dataset, Kelaiah is described as Levite who had married a foreign wife (EZR 10:23). Recorded as male; listed with tribe: Levi."
Pethahiah_2,Pethahiah,,Levite who had married a foreign wife (EZR 10:23),male,Levi,"In this dataset, Pethahiah is described as Levite who had married a foreign wife (EZR 10:23). Recorded as male; listed with tribe: Levi.",2,2194,"In this dataset, Pethahiah is described as Levite who had married a foreign wife (EZR 10:23). Recorded as male; listed with tribe: Levi."
Judah_2,Judah,,Levite who had married a foreign wife (EZR 10:23),male,Levi,"In this dataset, Judah is described as Levite who had married a foreign wife (EZR 10:23). Recorded as male; listed with tribe: Levi.",2,2195,"In this dataset, Judah is described as Levite who had married a foreign wife (EZR 10:23). Recorded as male; listed with tribe: Levi."
Eliashib_4,Eliashib,,Levite singer who had married a foreign wife (EZR 10:24),male,Levi,"In this dataset, Eliashib is described as Levite singer who had married a foreign wife (EZR 10:24). Recorded as male; listed with tribe: Levi.",4,2196,"In this dataset, Eliashib is described as Levite singer who had married a foreign wife (EZR 10:24). Recorded as male; listed with tribe: Levi."
Shallum_9,Shallum,,Levite singer who had married a foreign wife (EZR 10:24),male,Levi,"In this dataset, Shallum is described as Levite singer who had married a foreign wife (EZR 10:24). Recorded as male; listed with tribe: Levi.",9,2197,"In this dataset, Shallum is described as Levite singer who had married a foreign wife (EZR 10:24). Recorded as male; listed with tribe: Levi."
Telem_1,Telem,,Levite gatekeeper who had married a foreign wife (EZR 10:24),male,Levi,"In this dataset, Telem is described as Levite gatekeeper who had married a foreign wife (EZR 10:24). Recorded as male; listed with tribe: Levi.",1,2198,"In this dataset, Telem is described as Levite gatekeeper who had married a foreign wife (EZR 10:24). Recorded as male; listed with tribe: Levi."
Uri_3,Uri,,Levite gatekeeper who had married a foreign wife (EZR 10:24),male,Levi,"In this dataset, Uri is described as Levite gatekeeper who had married a foreign wife (EZR 10:24). Recorded as male; listed with tribe: Levi.",3,2199,"In this dataset, Uri is described as Levite gatekeeper who had married a foreign wife (EZR 10:24). Recorded as male; listed with tribe: Levi."
Ramiah_1,Ramiah,,descendant of Parosh who had married a foreign wife (EZR 10:25),male,,"In this dataset, Ramiah is described as descendant of Parosh who had married a foreign wife (EZR 10:25). Recorded as male.",1,2200,"In this dataset, Ramiah is described as descendant of Parosh who had married a foreign wife (EZR 10:25). Recorded as male."
Izziah_1,Izziah,,descendant of Parosh who had married a foreign wife (EZR 10:25),male,,"In this dataset, Izziah is described as descendant of Parosh who had married a foreign wife (EZR 10:25). Recorded as male.",1,2201,"In this dataset, Izziah is described as descendant of Parosh who had married a foreign wife (EZR 10:25). Recorded as male."
Malchijah_4,Malchijah,,descendant of Parosh who had married a foreign wife (EZR 10:25),male,,"In this dataset, Malchijah is described as descendant of Parosh who had married a foreign wife (EZR 10:25). Recorded as male.",4,2202,"In this dataset, Malchijah is described as descendant of Parosh who had married a foreign wife (EZR 10:25). Recorded as male."
Mijamin_2,Mijamin,,descendant of Parosh who had married a foreign wife (EZR 10:25),male,,"In this dataset, Mijamin is described as descendant of Parosh who had married a foreign wife (EZR 10:25). Recorded as male.",2,2203,"In this dataset, Mijamin is described as descendant of Parosh who had married a foreign wife (EZR 10:25). Recorded as male."
Eleazar_7,Eleazar,,descendant of Parosh who had married a foreign wife (EZR 10:25),male,,"In this dataset, Eleazar is described as descendant of Parosh who had married a foreign wife (EZR 10:25). Recorded as male.",7,2204,"In this dataset, Eleazar is described as descendant of Parosh who had married a foreign wife (EZR 10:25). Recorded as male."
Malchijah_5,Malchijah,,descendant of Parosh who had married a foreign wife (EZR 10:25),male,,"In this dataset, Malchijah is described as descendant of Parosh who had married a foreign wife (EZR 10:25). Recorded as male.",5,2205,"In this dataset, Malchijah is described as descendant of Parosh who had married a foreign wife (EZR 10:25). Recorded as male."
Benaiah_7,Benaiah,,descendant of Parosh who had married a foreign wife (EZR 10:25),male,,"In this dataset, Benaiah is described as descendant of Parosh who had married a foreign wife (EZR 10:25). Recorded as male.",7,2206,"In this dataset, Benaiah is described as descendant of Parosh who had married a foreign wife (EZR 10:25). Recorded as male."
Mattaniah_5,Mattaniah,,descendant of Elam who had married a foreign wife (EZR 10:26),male,,"In this dataset, Mattaniah is described as descendant of Elam who had married a foreign wife (EZR 10:26). Recorded as male.",5,2207,"In this dataset, Mattaniah is described as descendant of Elam who had married a foreign wife (EZR 10:26). Recorded as male."
Zechariah_18,Zechariah,,descendant of Elam who had married a foreign wife (EZR 10:26),male,,"In this dataset, Zechariah is described as descendant of Elam who had married a foreign wife (EZR 10:26). Recorded as male.",18,2208,"In this dataset, Zechariah is described as descendant of Elam who had married a foreign wife (EZR 10:26). Recorded as male."
Jehiel_8,Jehiel,,descendant of Elam who had married a foreign wife (EZR 10:26),male,,"In this dataset, Jehiel is described as descendant of Elam who had married a foreign wife (EZR 10:26). Recorded as male.",8,2209,"In this dataset, Jehiel is described as descendant of Elam who had married a foreign wife (EZR 10:26). Recorded as male."
Abdi_2,Abdi,,descendant of Elam who had married a foreign wife (EZR 10:26),male,,"In this dataset, Abdi is described as descendant of Elam who had married a foreign wife (EZR 10:26). Recorded as male.",2,2210,"In this dataset, Abdi is described as descendant of Elam who had married a foreign wife (EZR 10:26). Recorded as male."
Jeremoth_5,Jeremoth,,descendant of Elam who had married a foreign wife (EZR 10:26),male,,"In this dataset, Jeremoth is described as descendant of Elam who had married a foreign wife (EZR 10:26). Recorded as male.",5,2211,"In this dataset, Jeremoth is described as descendant of Elam who had married a foreign wife (EZR 10:26). Recorded as male."
Elijah_4,Elijah,,descendant of Elam who had married a foreign wife (EZR 10:26),male,,"In this dataset, Elijah is described as descendant of Elam who had married a foreign wife (EZR 10:26). Recorded as male.",4,2212,"In this dataset, Elijah is described as descendant of Elam who had married a foreign wife (EZR 10:26). Recorded as male."
Elioenai_5,Elioenai,,descendant of Zattu who had married a foreign wife (EZR 10:27),male,,"In this dataset, Elioenai is described as descendant of Zattu who had married a foreign wife (EZR 10:27). Recorded as male.",5,2213,"In this dataset, Elioenai is described as descendant of Zattu who had married a foreign wife (EZR 10:27). Recorded as male."
Eliashib_5,Eliashib,,descendant of Zattu who had married a foreign wife (EZR 10:27),male,,"In this dataset, Eliashib is described as descendant of Zattu who had married a foreign wife (EZR 10:27). Recorded as male.",5,2214,"In this dataset, Eliashib is described as descendant of Zattu who had married a foreign wife (EZR 10:27). Recorded as male."
Mattaniah_6,Mattaniah,,descendant of Zattu who had married a foreign wife (EZR 10:27),male,,"In this dataset, Mattaniah is described as descendant of Zattu who had married a foreign wife (EZR 10:27). Recorded as male.",6,2215,"In this dataset, Mattaniah is described as descendant of Zattu who had married a foreign wife (EZR 10:27). Recorded as male."
Jeremoth_6,Jeremoth,,descendant of Zattu who had married a foreign wife (EZR 10:27),male,,"In this dataset, Jeremoth is described as descendant of Zattu who had married a foreign wife (EZR 10:27). Recorded as male.",6,2216,"In this dataset, Jeremoth is described as descendant of Zattu who had married a foreign wife (EZR 10:27). Recorded as male."
Zabad_4,Zabad,,descendant of Zattu who had married a foreign wife (EZR 10:27),male,,"In this dataset, Zabad is described as descendant of Zattu who had married a foreign wife (EZR 10:27). Recorded as male.",4,2217,"In this dataset, Zabad is described as descendant of Zattu who had married a foreign wife (EZR 10:27). Recorded as male."
Aziza_1,Aziza,,descendant of Zattu who had married a foreign wife (EZR 10:27),male,,"In this dataset, Aziza is described as descendant of Zattu who had married a foreign wife (EZR 10:27). Recorded as male.",1,2218,"In this dataset, Aziza is described as descendant of Zattu who had married a foreign wife (EZR 10:27). Recorded as male."
Jehohanan_2,Jehohanan,,descendant of Bebai who had married a foreign wife (EZR 10:28),male,,"In this dataset, Jehohanan is described as descendant of Bebai who had married a foreign wife (EZR 10:28). Recorded as male.",2,2219,"In this dataset, Jehohanan is described as descendant of Bebai who had married a foreign wife (EZR 10:28). Recorded as male."
Hananiah_5,Hananiah,,descendant of Bebai who had married a foreign wife (EZR 10:28),male,,"In this dataset, Hananiah is described as descendant of Bebai who had married a foreign wife (EZR 10:28). Recorded as male.",5,2220,"In this dataset, Hananiah is described as descendant of Bebai who had married a foreign wife (EZR 10:28). Recorded as male."
Zabbai_1,Zabbai,,descendant of Bebai who had married a foreign wife (EZR 10:28),male,,"In this dataset, Zabbai is described as descendant of Bebai who had married a foreign wife (EZR 10:28). Recorded as male.",1,2221,"In this dataset, Zabbai is described as descendant of Bebai who had married a foreign wife (EZR 10:28). Recorded as male."
Athlai_1,Athlai,,descendant of Bebai who had married a foreign wife (EZR 10:28),male,,"In this dataset, Athlai is described as descendant of Bebai who had married a foreign wife (EZR 10:28). Recorded as male.",1,2222,"In this dataset, Athlai is described as descendant of Bebai who had married a foreign wife (EZR 10:28). Recorded as male."
Meshullam_10,Meshullam,,descendant of Bani who had married a foreign wife (EZR 10:29),male,,"In this dataset, Meshullam is described as descendant of Bani who had married a foreign wife (EZR 10:29). Recorded as male.",10,2223,"In this dataset, Meshullam is described as descendant of Bani who had married a foreign wife (EZR 10:29). Recorded as male."
Malluch_2,Malluch,,descendant of Bani who had married a foreign wife (EZR 10:29),male,,"In this dataset, Malluch is described as descendant of Bani who had married a foreign wife (EZR 10:29). Recorded as male.",2,2224,"In this dataset, Malluch is described as descendant of Bani who had married a foreign wife (EZR 10:29). Recorded as male."
Adaiah_6,Adaiah,,descendant of Bani who had married a foreign wife (EZR 10:29),male,,"In this dataset, Adaiah is described as descendant of Bani who had married a foreign wife (EZR 10:29). Recorded as male.",6,2225,"In this dataset, Adaiah is described as descendant of Bani who had married a foreign wife (EZR 10:29). Recorded as male."
Jashub_1,Jashub,,descendant of Bani who had married a foreign wife (EZR 10:29),male,,"In this dataset, Jashub is described as descendant of Bani who had married a foreign wife (EZR 10:29). Recorded as male.",1,2226,"In this dataset, Jashub is described as descendant of Bani who had married a foreign wife (EZR 10:29). Recorded as male."
Sheal_1,Sheal,,descendant of Bani who had married a foreign wife (EZR 10:29),male,,"In this dataset, Sheal is described as descendant of Bani who had married a foreign wife (EZR 10:29). Recorded as male.",1,2227,"In this dataset, Sheal is described as descendant of Bani who had married a foreign wife (EZR 10:29). Recorded as male."
Jeremoth_7,Jeremoth,,descendant of Bani who had married a foreign wife (EZR 10:29),male,,"In this dataset, Jeremoth is described as descendant of Bani who had married a foreign wife (EZR 10:29). Recorded as male.",7,2228,"In this dataset, Jeremoth is described as descendant of Bani who had married a foreign wife (EZR 10:29). Recorded as male."
Adna_1,Adna,,descendant of Pahath-moab who had married a foreign wife (EZR 10:30),male,,"In this dataset, Adna is described as descendant of Pahath-moab who had married a foreign wife (EZR 10:30). Recorded as male.",1,2229,"In this dataset, Adna is described as descendant of Pahath-moab who had married a foreign wife (EZR 10:30). Recorded as male."
Chelal_1,Chelal,,descendant of Pahath-moab who had married a foreign wife (EZR 10:30),male,,"In this dataset, Chelal is described as descendant of Pahath-moab who had married a foreign wife (EZR 10:30). Recorded as male.",1,2230,"In this dataset, Chelal is described as descendant of Pahath-moab who had married a foreign wife (EZR 10:30). Recorded as male."
Benaiah_8,Benaiah,,descendant of Pahath-moab who had married a foreign wife (EZR 10:30),male,,"In this dataset, Benaiah is described as descendant of Pahath-moab who had married a foreign wife (EZR 10:30). Recorded as male.",8,2231,"In this dataset, Benaiah is described as descendant of Pahath-moab who had married a foreign wife (EZR 10:30). Recorded as male."
Maaseiah_8,Maaseiah,,descendant of Pahath-moab who had married a foreign wife (EZR 10:30),male,,"In this dataset, Maaseiah is described as descendant of Pahath-moab who had married a foreign wife (EZR 10:30). Recorded as male.",8,2232,"In this dataset, Maaseiah is described as descendant of Pahath-moab who had married a foreign wife (EZR 10:30). Recorded as male."
Mattaniah_7,Mattaniah,,descendant of Pahath-moab who had married a foreign wife (EZR 10:30),male,,"In this dataset, Mattaniah is described as descendant of Pahath-moab who had married a foreign wife (EZR 10:30). Recorded as male.",7,2233,"In this dataset, Mattaniah is described as descendant of Pahath-moab who had married a foreign wife (EZR 10:30). Recorded as male."
Bezalel_2,Bezalel,,descendant of Pahath-moab who had married a foreign wife (EZR 10:30),male,,"In this dataset, Bezalel is described as descendant of Pahath-moab who had married a foreign wife (EZR 10:30). Recorded as male.",2,2234,"In this dataset, Bezalel is described as descendant of Pahath-moab who had married a foreign wife (EZR 10:30). Recorded as male."
Binnui_2,Binnui,,descendant of Pahath-moab who had married a foreign wife (EZR 10:30),male,,"In this dataset, Binnui is described as descendant of Pahath-moab who had married a foreign wife (EZR 10:30). Recorded as male.",2,2235,"In this dataset, Binnui is described as descendant of Pahath-moab who had married a foreign wife (EZR 10:30). Recorded as male."
Manasseh_4,Manasseh,,descendant of Pahath-moab who had married a foreign wife (EZR 10:30),male,,"In this dataset, Manasseh is described as descendant of Pahath-moab who had married a foreign wife (EZR 10:30). Recorded as male.",4,2236,"In this dataset, Manasseh is described as descendant of Pahath-moab who had married a foreign wife (EZR 10:30). Recorded as male."
Eliezer_8,Eliezer,,descendant of Harim who had married a foreign wife (EZR 10:31),male,,"In this dataset, Eliezer is described as descendant of Harim who had married a foreign wife (EZR 10:31). Recorded as male.",8,2237,"In this dataset, Eliezer is described as descendant of Harim who had married a foreign wife (EZR 10:31). Recorded as male."
Isshijah_1,Isshijah,,descendant of Harim who had married a foreign wife (EZR 10:31),male,,"In this dataset, Isshijah is described as descendant of Harim who had married a foreign wife (EZR 10:31). Recorded as male.",1,2238,"In this dataset, Isshijah is described as descendant of Harim who had married a foreign wife (EZR 10:31). Recorded as male."
Malchijah_6,Malchijah,,descendant of Harim who had married a foreign wife (EZR 10:31),male,,"In this dataset, Malchijah is described as descendant of Harim who had married a foreign wife (EZR 10:31). Recorded as male.",6,2239,"In this dataset, Malchijah is described as descendant of Harim who had married a foreign wife (EZR 10:31). Recorded as male."
Shemaiah_16,Shemaiah,,descendant of Harim who had married a foreign wife (EZR 10:31),male,,"In this dataset, Shemaiah is described as descendant of Harim who had married a foreign wife (EZR 10:31). Recorded as male.",16,2240,"In this dataset, Shemaiah is described as descendant of Harim who had married a foreign wife (EZR 10:31). Recorded as male."
Shimeon_1,Shimeon,,descendant of Harim who had married a foreign wife (EZR 10:31),male,,"In this dataset, Shimeon is described as descendant of Harim who had married a foreign wife (EZR 10:31). Recorded as male.",1,2241,"In this dataset, Shimeon is described as descendant of Harim who had married a foreign wife (EZR 10:31). Recorded as male."
Benjamin_3,Benjamin,,descendant of Harim who had married a foreign wife (EZR 10:32),male,,"In this dataset, Benjamin is described as descendant of Harim who had married a foreign wife (EZR 10:32). Recorded as male.",3,2242,"In this dataset, Benjamin is described as descendant of Harim who had married a foreign wife (EZR 10:32). Recorded as male."
Malluch_3,Malluch,,descendant of Harim who had married a foreign wife (EZR 10:32),male,,"In this dataset, Malluch is described as descendant of Harim who had married a foreign wife (EZR 10:32). Recorded as male.",3,2243,"In this dataset, Malluch is described as descendant of Harim who had married a foreign wife (EZR 10:32). Recorded as male."
Shemariah_3,Shemariah,,descendant of Harim who had married a foreign wife (EZR 10:32),male,,"In this dataset, Shemariah is described as descendant of Harim who had married a foreign wife (EZR 10:32). Recorded as male.",3,2244,"In this dataset, Shemariah is described as descendant of Harim who had married a foreign wife (EZR 10:32). Recorded as male."
Mattenai_1,Mattenai,,descendant of Hashum who had married a foreign wife (EZR 10:33),male,,"In this dataset, Mattenai is described as descendant of Hashum who had married a foreign wife (EZR 10:33). Recorded as male.",1,2245,"In this dataset, Mattenai is described as descendant of Hashum who had married a foreign wife (EZR 10:33). Recorded as male."
Mattattah_1,Mattattah,,descendant of Hashum who had married a foreign wife (EZR 10:33),male,,"In this dataset, Mattattah is described as descendant of Hashum who had married a foreign wife (EZR 10:33). Recorded as male.",1,2246,"In this dataset, Mattattah is described as descendant of Hashum who had married a foreign wife (EZR 10:33). Recorded as male."
Zabad_5,Zabad,,descendant of Hashum who had married a foreign wife (EZR 10:33),male,,"In this dataset, Zabad is described as descendant of Hashum who had married a foreign wife (EZR 10:33). Recorded as male.",5,2247,"In this dataset, Zabad is described as descendant of Hashum who had married a foreign wife (EZR 10:33). Recorded as male."
Eliphelet_6,Eliphelet,,descendant of Hashum who had married a foreign wife (EZR 10:33),male,,"In this dataset, Eliphelet is described as descendant of Hashum who had married a foreign wife (EZR 10:33). Recorded as male.",6,2248,"In this dataset, Eliphelet is described as descendant of Hashum who had married a foreign wife (EZR 10:33). Recorded as male."
Jeremai_1,Jeremai,,descendant of Hashum who had married a foreign wife (EZR 10:33),male,,"In this dataset, Jeremai is described as descendant of Hashum who had married a foreign wife (EZR 10:33). Recorded as male.",1,2249,"In this dataset, Jeremai is described as descendant of Hashum who had married a foreign wife (EZR 10:33). Recorded as male."
Manasseh_5,Manasseh,,descendant of Hashum who had married a foreign wife (EZR 10:33),male,,"In this dataset, Manasseh is described as descendant of Hashum who had married a foreign wife (EZR 10:33). Recorded as male.",5,2250,"In this dataset, Manasseh is described as descendant of Hashum who had married a foreign wife (EZR 10:33). Recorded as male."
Shimei_15,Shimei,,descendant of Hashum who had married a foreign wife (EZR 10:33),male,,"In this dataset, Shimei is described as descendant of Hashum who had married a foreign wife (EZR 10:33). Recorded as male.",15,2251,"In this dataset, Shimei is described as descendant of Hashum who had married a foreign wife (EZR 10:33). Recorded as male."
Maadai_1,Maadai,,descendant of Bani who had married a foreign wife (EZR 10:34),male,,"In this dataset, Maadai is described as descendant of Bani who had married a foreign wife (EZR 10:34). Recorded as male.",1,2252,"In this dataset, Maadai is described as descendant of Bani who had married a foreign wife (EZR 10:34). Recorded as male."
Amram_2,Amram,,descendant of Bani who had married a foreign wife (EZR 10:34),male,,"In this dataset, Amram is described as descendant of Bani who had married a foreign wife (EZR 10:34). Recorded as male.",2,2253,"In this dataset, Amram is described as descendant of Bani who had married a foreign wife (EZR 10:34). Recorded as male."
Uel_1,Uel,,descendant of Bani who had married a foreign wife (EZR 10:34),male,,"In this dataset, Uel is described as descendant of Bani who had married a foreign wife (EZR 10:34). Recorded as male.",1,2254,"In this dataset, Uel is described as descendant of Bani who had married a foreign wife (EZR 10:34). Recorded as male."
Benaiah_9,Benaiah,,descendant of Bani who had married a foreign wife (EZR 10:35),male,,"In this dataset, Benaiah is described as descendant of Bani who had married a foreign wife (EZR 10:35). Recorded as male.",9,2255,"In this dataset, Benaiah is described as descendant of Bani who had married a foreign wife (EZR 10:35). Recorded as male."
Bedeiah_1,Bedeiah,,descendant of Bani who had married a foreign wife (EZR 10:35),male,,"In this dataset, Bedeiah is described as descendant of Bani who had married a foreign wife (EZR 10:35). Recorded as male.",1,2256,"In this dataset, Bedeiah is described as descendant of Bani who had married a foreign wife (EZR 10:35). Recorded as male."
Cheluhi_1,Cheluhi,,descendant of Bani who had married a foreign wife (EZR 10:35),male,,"In this dataset, Cheluhi is described as descendant of Bani who had married a foreign wife (EZR 10:35). Recorded as male.",1,2257,"In this dataset, Cheluhi is described as descendant of Bani who had married a foreign wife (EZR 10:35). Recorded as male."
Vaniah_1,Vaniah,,descendant of Bani who had married a foreign wife (EZR 10:36),male,,"In this dataset, Vaniah is described as descendant of Bani who had married a foreign wife (EZR 10:36). Recorded as male.",1,2258,"In this dataset, Vaniah is described as descendant of Bani who had married a foreign wife (EZR 10:36). Recorded as male."
Meremoth_2,Meremoth,,descendant of Bani who had married a foreign wife (EZR 10:36),male,,"In this dataset, Meremoth is described as descendant of Bani who had married a foreign wife (EZR 10:36). Recorded as male.",2,2259,"In this dataset, Meremoth is described as descendant of Bani who had married a foreign wife (EZR 10:36). Recorded as male."
Eliashib_6,Eliashib,,descendant of Bani who had married a foreign wife (EZR 10:36),male,,"In this dataset, Eliashib is described as descendant of Bani who had married a foreign wife (EZR 10:36). Recorded as male.",6,2260,"In this dataset, Eliashib is described as descendant of Bani who had married a foreign wife (EZR 10:36). Recorded as male."
Mattaniah_8,Mattaniah,,descendant of Bani who had married a foreign wife (EZR 10:37),male,,"In this dataset, Mattaniah is described as descendant of Bani who had married a foreign wife (EZR 10:37). Recorded as male.",8,2261,"In this dataset, Mattaniah is described as descendant of Bani who had married a foreign wife (EZR 10:37). Recorded as male."
Mattenai_2,Mattenai,,descendant of Bani who had married a foreign wife (EZR 10:37),male,,"In this dataset, Mattenai is described as descendant of Bani who had married a foreign wife (EZR 10:37). Recorded as male.",2,2262,"In this dataset, Mattenai is described as descendant of Bani who had married a foreign wife (EZR 10:37). Recorded as male."
Jaasu_1,Jaasu,,descendant of Bani who had married a foreign wife (EZR 10:37),male,,"In this dataset, Jaasu is described as descendant of Bani who had married a foreign wife (EZR 10:37). Recorded as male.",1,2263,"In this dataset, Jaasu is described as descendant of Bani who had married a foreign wife (EZR 10:37). Recorded as male."
Bani_5,Bani,,descendant of Bani who had married a foreign wife (EZR 10:38),male,,"In this dataset, Bani is described as descendant of Bani who had married a foreign wife (EZR 10:38). Recorded as male.",5,2264,"In this dataset, Bani is described as descendant of Bani who had married a foreign wife (EZR 10:38). Recorded as male."
Binnui_3,Binnui,,descendant of Bani who had married a foreign wife (EZR 10:38),male,,"In this dataset, Binnui is described as descendant of Bani who had married a foreign wife (EZR 10:38). Recorded as male.",3,2265,"In this dataset, Binnui is described as descendant of Bani who had married a foreign wife (EZR 10:38). Recorded as male."
Shimei_16,Shimei,,descendant of Bani who had married a foreign wife (EZR 10:38),male,,"In this dataset, Shimei is described as descendant of Bani who had married a foreign wife (EZR 10:38). Recorded as male.",16,2266,"In this dataset, Shimei is described as descendant of Bani who had married a foreign wife (EZR 10:38). Recorded as male."
Shelemiah_1,Shelemiah,,descendant of Bani who had married a foreign wife (EZR 10:39),male,,"In this dataset, Shelemiah is described as descendant of Bani who had married a foreign wife (EZR 10:39). Recorded as male.",1,2267,"In this dataset, Shelemiah is described as descendant of Bani who had married a foreign wife (EZR 10:39). Recorded as male."
Nathan_8,Nathan,,descendant of Bani who had married a foreign wife (EZR 10:39),male,,"In this dataset, Nathan is described as descendant of Bani who had married a foreign wife (EZR 10:39). Recorded as male.",8,2268,"In this dataset, Nathan is described as descendant of Bani who had married a foreign wife (EZR 10:39). Recorded as male."
Adaiah_7,Adaiah,,descendant of Bani who had married a foreign wife (EZR 10:39),male,,"In this dataset, Adaiah is described as descendant of Bani who had married a foreign wife (EZR 10:39). Recorded as male.",7,2269,"In this dataset, Adaiah is described as descendant of Bani who had married a foreign wife (EZR 10:39). Recorded as male."
Machnadebai_1,Machnadebai,,descendant of Bani who had married a foreign wife (EZR 10:40),male,,"In this dataset, Machnadebai is described as descendant of Bani who had married a foreign wife (EZR 10:40). Recorded as male.",1,2270,"In this dataset, Machnadebai is described as descendant of Bani who had married a foreign wife (EZR 10:40). Recorded as male."
Shashai_1,Shashai,,descendant of Bani who had married a foreign wife (EZR 10:40),male,,"In this dataset, Shashai is described as descendant of Bani who had married a foreign wife (EZR 10:40). Recorded as male.",1,2271,"In this dataset, Shashai is described as descendant of Bani who had married a foreign wife (EZR 10:40). Recorded as male."
Sharai_1,Sharai,,descendant of Bani who had married a foreign wife (EZR 10:40),male,,"In this dataset, Sharai is described as descendant of Bani who had married a foreign wife (EZR 10:40). Recorded as male.",1,2272,"In this dataset, Sharai is described as descendant of Bani who had married a foreign wife (EZR 10:40). Recorded as male."
Azarel_3,Azarel,,descendant of Bani who had married a foreign wife (EZR 10:41),male,,"In this dataset, Azarel is described as descendant of Bani who had married a foreign wife (EZR 10:41). Recorded as male.",3,2273,"In this dataset, Azarel is described as descendant of Bani who had married a foreign wife (EZR 10:41). Recorded as male."
Shelemiah_2,Shelemiah,,descendant of Bani who had married a foreign wife (EZR 10:41),male,,"In this dataset, Shelemiah is described as descendant of Bani who had married a foreign wife (EZR 10:41). Recorded as male.",2,2274,"In this dataset, Shelemiah is described as descendant of Bani who had married a foreign wife (EZR 10:41). Recorded as male."
Shemariah_4,Shemariah,,descendant of Bani who had married a foreign wife (EZR 10:41),male,,"In this dataset, Shemariah is described as descendant of Bani who had married a foreign wife (EZR 10:41). Recorded as male.",4,2275,"In this dataset, Shemariah is described as descendant of Bani who had married a foreign wife (EZR 10:41). Recorded as male."
Shallum_10,Shallum,,descendant of Bani who had married a foreign wife (EZR 10:42),male,,"In this dataset, Shallum is described as descendant of Bani who had married a foreign wife (EZR 10:42). Recorded as male.",10,2276,"In this dataset, Shallum is described as descendant of Bani who had married a foreign wife (EZR 10:42). Recorded as male."
Amariah_5,Amariah,,descendant of Bani who had married a foreign wife (EZR 10:42),male,,"In this dataset, Amariah is described as descendant of Bani who had married a foreign wife (EZR 10:42). Recorded as male.",5,2277,"In this dataset, Amariah is described as descendant of Bani who had married a foreign wife (EZR 10:42). Recorded as male."
Joseph_4,Joseph,,descendant of Bani who had married a foreign wife (EZR 10:42),male,,"In this dataset, Joseph is described as descendant of Bani who had married a foreign wife (EZR 10:42). Recorded as male.",4,2278,"In this dataset, Joseph is described as descendant of Bani who had married a foreign wife (EZR 10:42). Recorded as male."
Jeiel_8,Jeiel,,descendant of Nebo who had married a foreign wife (EZR 10:43),male,,"In this dataset, Jeiel is described as descendant of Nebo who had married a foreign wife (EZR 10:43). Recorded as male.",8,2279,"In this dataset, Jeiel is described as descendant of Nebo who had married a foreign wife (EZR 10:43). Recorded as male."
Mattithiah_4,Mattithiah,,descendant of Nebo who had married a foreign wife (EZR 10:43),male,,"In this dataset, Mattithiah is described as descendant of Nebo who had married a foreign wife (EZR 10:43). Recorded as male.",4,2280,"In this dataset, Mattithiah is described as descendant of Nebo who had married a foreign wife (EZR 10:43). Recorded as male."
Zabad_6,Zabad,,descendant of Nebo who had married a foreign wife (EZR 10:43),male,,"In this dataset, Zabad is described as descendant of Nebo who had married a foreign wife (EZR 10:43). Recorded as male.",6,2281,"In this dataset, Zabad is described as descendant of Nebo who had married a foreign wife (EZR 10:43). Recorded as male."
Zebina_1,Zebina,,descendant of Nebo who had married a foreign wife (EZR 10:43),male,,"In this dataset, Zebina is described as descendant of Nebo who had married a foreign wife (EZR 10:43). Recorded as male.",1,2282,"In this dataset, Zebina is described as descendant of Nebo who had married a foreign wife (EZR 10:43). Recorded as male."
Jaddai_1,Jaddai,,descendant of Nebo who had married a foreign wife (EZR 10:43),male,,"In this dataset, Jaddai is described as descendant of Nebo who had married a foreign wife (EZR 10:43). Recorded as male.",1,2283,"In this dataset, Jaddai is described as descendant of Nebo who had married a foreign wife (EZR 10:43). Recorded as male."
Joel_9,Joel,,descendant of Nebo who had married a foreign wife (EZR 10:43),male,,"In this dataset, Joel is described as descendant of Nebo who had married a foreign wife (EZR 10:43). Recorded as male.",9,2284,"In this dataset, Joel is described as descendant of Nebo who had married a foreign wife (EZR 10:43). Recorded as male."
Benaiah_10,Benaiah,,descendant of Nebo who had married a foreign wife (EZR 10:43),male,,"In this dataset, Benaiah is described as descendant of Nebo who had married a foreign wife (EZR 10:43). Recorded as male.",10,2285,"In this dataset, Benaiah is described as descendant of Nebo who had married a foreign wife (EZR 10:43). Recorded as male."
Hacaliah_1,Hacaliah,,father of Nehemiah (NEH 1:1),male,,"In this dataset, Hacaliah is described as father of Nehemiah (NEH 1:1). Recorded as male.",1,2286,"In this dataset, Hacaliah is described as father of Nehemiah (NEH 1:1). Recorded as male."
Hanani_4,Hanani,,brother of Nehemiah (NEH 1:2),male,,"In this dataset, Hanani is described as brother of Nehemiah (NEH 1:2). Recorded as male.",4,2287,"In this dataset, Hanani is described as brother of Nehemiah (NEH 1:2). Recorded as male."
Asaph_4,Asaph,,keeper of King Artaxerxes' forest (NEH 2:8),male,,"In this dataset, Asaph is described as keeper of King Artaxerxes' forest (NEH 2:8). Recorded as male.",4,2288,"In this dataset, Asaph is described as keeper of King Artaxerxes' forest (NEH 2:8). Recorded as male."
Sanballat_1,Sanballat,,the Horonite who opposed Nehemiah (NEH 2:10),male,,"In this dataset, Sanballat is described as the Horonite who opposed Nehemiah (NEH 2:10). Recorded as male.",1,2289,"In this dataset, Sanballat is described as the Horonite who opposed Nehemiah (NEH 2:10). Recorded as male."
Tobiah_2,Tobiah,,the Ammonite official who opposed Nehemiah (NEH 2:10),male,Ammonite,"In this dataset, Tobiah is described as the Ammonite official who opposed Nehemiah (NEH 2:10). Recorded as male; listed with tribe: Ammonite.",2,2290,"In this dataset, Tobiah is described as the Ammonite official who opposed Nehemiah (NEH 2:10). Recorded as male; listed with tribe: Ammonite."
Geshem_1,Geshem,,the Arab who opposed Nehemiah (NEH 2:19),male,,"In this dataset, Geshem is described as the Arab who opposed Nehemiah (NEH 2:19). Recorded as male.",1,2291,"In this dataset, Geshem is described as the Arab who opposed Nehemiah (NEH 2:19). Recorded as male."
Eliashib_7,Eliashib,,the high priest with Nehemiah during the reconstruction of Jerusalem (NEH 3:1),male,Levi,"In this dataset, Eliashib is described as the high priest with Nehemiah during the reconstruction of Jerusalem (NEH 3:1). Recorded as male; listed with tribe: Levi.",7,2292,"In this dataset, Eliashib is described as the high priest with Nehemiah during the reconstruction of Jerusalem (NEH 3:1). Recorded as male; listed with tribe: Levi."
Zaccur_5,Zaccur,,rebuilt part of the Jerusalem wall (NEH 3:2),male,,"In this dataset, Zaccur is described as rebuilt part of the Jerusalem wall (NEH 3:2). Recorded as male.",5,2293,"In this dataset, Zaccur is described as rebuilt part of the Jerusalem wall (NEH 3:2). Recorded as male."
Imri_2,Imri,,father of Zaccur (NEH 3:2),male,,"In this dataset, Imri is described as father of Zaccur (NEH 3:2). Recorded as male.",2,2294,"In this dataset, Imri is described as father of Zaccur (NEH 3:2). Recorded as male."
Hassenaah_1,Hassenaah,,his sons built the fish gate (NEH 3:3),male,,"In this dataset, Hassenaah is described as his sons built the fish gate (NEH 3:3). Recorded as male.",1,2295,"In this dataset, Hassenaah is described as his sons built the fish gate (NEH 3:3). Recorded as male."
Hakkoz_2,Hakkoz,,"father of Uriah (NEH 3:4, NEH 3:21)",male,,"In this dataset, Hakkoz is described as father of Uriah (NEH 3:4, NEH 3:21). Recorded as male.",2,2296,"In this dataset, Hakkoz is described as father of Uriah (NEH 3:4, NEH 3:21). Recorded as male."
Meshullam_11,Meshullam,,"made repairs to the wall of Jerusalem (NEH 3:4, NEH 3:30)",male,,"In this dataset, Meshullam is described as made repairs to the wall of Jerusalem (NEH 3:4, NEH 3:30). Recorded as male.",11,2297,"In this dataset, Meshullam is described as made repairs to the wall of Jerusalem (NEH 3:4, NEH 3:30). Recorded as male."
Berechiah_5,Berechiah,,father of Meshullam (NEH 3:4),male,,"In this dataset, Berechiah is described as father of Meshullam (NEH 3:4). Recorded as male.",5,2298,"In this dataset, Berechiah is described as father of Meshullam (NEH 3:4). Recorded as male."
Meshezabel_1,Meshezabel,,father of Berechiah (NEH 3:4),male,,"In this dataset, Meshezabel is described as father of Berechiah (NEH 3:4). Recorded as male.",1,2299,"In this dataset, Meshezabel is described as father of Berechiah (NEH 3:4). Recorded as male."
Zadok_4,Zadok,,made repairs to the wall of Jerusalem (NEH 3:4),male,,"In this dataset, Zadok is described as made repairs to the wall of Jerusalem (NEH 3:4). Recorded as male.",4,2300,"In this dataset, Zadok is described as made repairs to the wall of Jerusalem (NEH 3:4). Recorded as male."
Baana_3,Baana,,father of Zadok (NEH 3:4),male,,"In this dataset, Baana is described as father of Zadok (NEH 3:4). Recorded as male.",3,2301,"In this dataset, Baana is described as father of Zadok (NEH 3:4). Recorded as male."
Joiada_1,Joiada,,repaired the Old Gate (NEH 3:6),male,,"In this dataset, Joiada is described as repaired the Old Gate (NEH 3:6). Recorded as male.",1,2302,"In this dataset, Joiada is described as repaired the Old Gate (NEH 3:6). Recorded as male."
Paseah_3,Paseah,,father of Joiada (NEH 3:6),male,,"In this dataset, Paseah is described as father of Joiada (NEH 3:6). Recorded as male.",3,2303,"In this dataset, Paseah is described as father of Joiada (NEH 3:6). Recorded as male."
Meshullam_12,Meshullam,,repaired the Old Gate (NEH 3:6),male,,"In this dataset, Meshullam is described as repaired the Old Gate (NEH 3:6). Recorded as male.",12,2304,"In this dataset, Meshullam is described as repaired the Old Gate (NEH 3:6). Recorded as male."
Besodeiah_1,Besodeiah,,father of Meshullam (NEH 3:6),male,,"In this dataset, Besodeiah is described as father of Meshullam (NEH 3:6). Recorded as male.",1,2305,"In this dataset, Besodeiah is described as father of Meshullam (NEH 3:6). Recorded as male."
Melatiah_1,Melatiah,,"the Gibeonite, made repairs for the official seat of the governor (NEH 3:7)",male,,"In this dataset, Melatiah is described as the Gibeonite, made repairs for the official seat of the governor (NEH 3:7). Recorded as male.",1,2306,"In this dataset, Melatiah is described as the Gibeonite, made repairs for the official seat of the governor (NEH 3:7). Recorded as male."
Jadon_1,Jadon,,"the Meronothite, made repairs for the official seat of the governor (NEH 3:7)",male,,"In this dataset, Jadon is described as the Meronothite, made repairs for the official seat of the governor (NEH 3:7). Recorded as male.",1,2307,"In this dataset, Jadon is described as the Meronothite, made repairs for the official seat of the governor (NEH 3:7). Recorded as male."
Uzziel_6,Uzziel,,made repairs to the wall of Jerusalem (NEH 3:8),male,,"In this dataset, Uzziel is described as made repairs to the wall of Jerusalem (NEH 3:8). Recorded as male.",6,2308,"In this dataset, Uzziel is described as made repairs to the wall of Jerusalem (NEH 3:8). Recorded as male."
Harhaiah_1,Harhaiah,,"of the goldsmiths, father of Uzziel (NEH 3:8)",male,,"In this dataset, Harhaiah is described as of the goldsmiths, father of Uzziel (NEH 3:8). Recorded as male.",1,2309,"In this dataset, Harhaiah is described as of the goldsmiths, father of Uzziel (NEH 3:8). Recorded as male."
Hananiah_6,Hananiah,,"one of the perfumers, made repairs to the wall of Jerusalem (NEH 3:8)",male,,"In this dataset, Hananiah is described as one of the perfumers, made repairs to the wall of Jerusalem (NEH 3:8). Recorded as male.",6,2310,"In this dataset, Hananiah is described as one of the perfumers, made repairs to the wall of Jerusalem (NEH 3:8). Recorded as male."
Rephaiah_4,Rephaiah,,made repairs to the wall of Jerusalem (NEH 3:9),male,,"In this dataset, Rephaiah is described as made repairs to the wall of Jerusalem (NEH 3:9). Recorded as male.",4,2311,"In this dataset, Rephaiah is described as made repairs to the wall of Jerusalem (NEH 3:9). Recorded as male."
Hur_3,Hur,,official of half the district of Jerusalem and father of Rephaiah (NEH 3:9),male,,"In this dataset, Hur is described as official of half the district of Jerusalem and father of Rephaiah (NEH 3:9). Recorded as male.",3,2312,"In this dataset, Hur is described as official of half the district of Jerusalem and father of Rephaiah (NEH 3:9). Recorded as male."
Jedaiah_4,Jedaiah,,made repairs to the wall of Jerusalem opposite his house (NEH 3:10),male,,"In this dataset, Jedaiah is described as made repairs to the wall of Jerusalem opposite his house (NEH 3:10). Recorded as male.",4,2313,"In this dataset, Jedaiah is described as made repairs to the wall of Jerusalem opposite his house (NEH 3:10). Recorded as male."
Harumaph_1,Harumaph,,father of Jedaiah (NEH 3:10),male,,"In this dataset, Harumaph is described as father of Jedaiah (NEH 3:10). Recorded as male.",1,2314,"In this dataset, Harumaph is described as father of Jedaiah (NEH 3:10). Recorded as male."
Hattush_2,Hattush,,made repairs to the wall of Jerusalem (NEH 3:10),male,,"In this dataset, Hattush is described as made repairs to the wall of Jerusalem (NEH 3:10). Recorded as male.",2,2315,"In this dataset, Hattush is described as made repairs to the wall of Jerusalem (NEH 3:10). Recorded as male."
Hashabneiah_1,Hashabneiah,,father of Hattush (NEH 3:10),male,,"In this dataset, Hashabneiah is described as father of Hattush (NEH 3:10). Recorded as male.",1,2316,"In this dataset, Hashabneiah is described as father of Hattush (NEH 3:10). Recorded as male."
Malchijah_7,Malchijah,,repaired a section of wall and the Tower of Furnaces (NEH 3:11),male,,"In this dataset, Malchijah is described as repaired a section of wall and the Tower of Furnaces (NEH 3:11). Recorded as male.",7,2317,"In this dataset, Malchijah is described as repaired a section of wall and the Tower of Furnaces (NEH 3:11). Recorded as male."
Harim_4,Harim,,father of Malchijah (NEH 3:11),male,,"In this dataset, Harim is described as father of Malchijah (NEH 3:11). Recorded as male.",4,2318,"In this dataset, Harim is described as father of Malchijah (NEH 3:11). Recorded as male."
Hasshub_2,Hasshub,,"repaired a section of wall and the Tower of Furnaces, son of Pahath-moab (NEH 3:11)",male,,"In this dataset, Hasshub is described as repaired a section of wall and the Tower of Furnaces, son of Pahath-moab (NEH 3:11). Recorded as male.",2,2319,"In this dataset, Hasshub is described as repaired a section of wall and the Tower of Furnaces, son of Pahath-moab (NEH 3:11). Recorded as male."
Shallum_11,Shallum,,he and his daughters made repairs to the wall of Jerusalem (NEH 3:12),male,,"In this dataset, Shallum is described as he and his daughters made repairs to the wall of Jerusalem (NEH 3:12). Recorded as male.",11,2320,"In this dataset, Shallum is described as he and his daughters made repairs to the wall of Jerusalem (NEH 3:12). Recorded as male."
Hallohesh_1,Hallohesh,,official of half the district of Jerusalem and father of Shallum (NEH 3:12),male,,"In this dataset, Hallohesh is described as official of half the district of Jerusalem and father of Shallum (NEH 3:12). Recorded as male.",1,2321,"In this dataset, Hallohesh is described as official of half the district of Jerusalem and father of Shallum (NEH 3:12). Recorded as male."
Hanun_2,Hanun,,repaired the Valley Gate and the wall to the Refuse Gate (NEH 3:13),male,,"In this dataset, Hanun is described as repaired the Valley Gate and the wall to the Refuse Gate (NEH 3:13). Recorded as male.",2,2322,"In this dataset, Hanun is described as repaired the Valley Gate and the wall to the Refuse Gate (NEH 3:13). Recorded as male."
Malchijah_8,Malchijah,,repaired the Refuse Gate (NEH 3:14),male,,"In this dataset, Malchijah is described as repaired the Refuse Gate (NEH 3:14). Recorded as male.",8,2323,"In this dataset, Malchijah is described as repaired the Refuse Gate (NEH 3:14). Recorded as male."
Rechab_3,Rechab,,official of the district of Beth-haccherem and father of Malchijah (NEH 3:14),male,,"In this dataset, Rechab is described as official of the district of Beth-haccherem and father of Malchijah (NEH 3:14). Recorded as male.",3,2324,"In this dataset, Rechab is described as official of the district of Beth-haccherem and father of Malchijah (NEH 3:14). Recorded as male."
Shallum_12,Shallum,,repaired the Fountain Gate (NEH 3:15),male,,"In this dataset, Shallum is described as repaired the Fountain Gate (NEH 3:15). Recorded as male.",12,2325,"In this dataset, Shallum is described as repaired the Fountain Gate (NEH 3:15). Recorded as male."
Col-hozeh_1,Col-hozeh,,official of the distrct of Mizpah and father of Shallum (NEH 3:15),male,Judah,"In this dataset, Col-hozeh is described as official of the distrct of Mizpah and father of Shallum (NEH 3:15). Recorded as male; listed with tribe: Judah.",1,2326,"In this dataset, Col-hozeh is described as official of the distrct of Mizpah and father of Shallum (NEH 3:15). Recorded as male; listed with tribe: Judah."
Nehemiah_2,Nehemiah,,made repairs to the wall of Jerusalem (NEH 3:16),male,,"In this dataset, Nehemiah is described as made repairs to the wall of Jerusalem (NEH 3:16). Recorded as male.",2,2327,"In this dataset, Nehemiah is described as made repairs to the wall of Jerusalem (NEH 3:16). Recorded as male."
Azbuk_1,Azbuk,,official of the district of Beth-zur and father of Nehemiah (NEH 3:16),male,,"In this dataset, Azbuk is described as official of the district of Beth-zur and father of Nehemiah (NEH 3:16). Recorded as male.",1,2328,"In this dataset, Azbuk is described as official of the district of Beth-zur and father of Nehemiah (NEH 3:16). Recorded as male."
Rehum_3,Rehum,,supervised the Levites' repairs to the wall (NEH 3:17),male,,"In this dataset, Rehum is described as supervised the Levites' repairs to the wall (NEH 3:17). Recorded as male.",3,2329,"In this dataset, Rehum is described as supervised the Levites' repairs to the wall (NEH 3:17). Recorded as male."
Bani_6,Bani,,father of Rehum (NEH 3:17),male,,"In this dataset, Bani is described as father of Rehum (NEH 3:17). Recorded as male.",6,2330,"In this dataset, Bani is described as father of Rehum (NEH 3:17). Recorded as male."
Hashabiah_5,Hashabiah,,official of half the district of Keilah (NEH 3:17),male,,"In this dataset, Hashabiah is described as official of half the district of Keilah (NEH 3:17). Recorded as male.",5,2331,"In this dataset, Hashabiah is described as official of half the district of Keilah (NEH 3:17). Recorded as male."
Bavvai_1,Bavvai,,carried out repairs (NEH 3:18),male,,"In this dataset, Bavvai is described as carried out repairs (NEH 3:18). Recorded as male.",1,2332,"In this dataset, Bavvai is described as carried out repairs (NEH 3:18). Recorded as male."
Henadad_1,Henadad,,official of the other half of the district of Keilah and father of Bavvai (NEH 3:18),male,,"In this dataset, Henadad is described as official of the other half of the district of Keilah and father of Bavvai (NEH 3:18). Recorded as male.",1,2333,"In this dataset, Henadad is described as official of the other half of the district of Keilah and father of Bavvai (NEH 3:18). Recorded as male."
Ezer_5,Ezer,,repaired the wall in front of the ascent of the armory (NEH 3:19),male,,"In this dataset, Ezer is described as repaired the wall in front of the ascent of the armory (NEH 3:19). Recorded as male.",5,2334,"In this dataset, Ezer is described as repaired the wall in front of the ascent of the armory (NEH 3:19). Recorded as male."
Jeshua_6,Jeshua,,official of Mizpah and father of Ezer_5 (NEH 3:19),male,,"In this dataset, Jeshua is described as official of Mizpah and father of Ezer_5 (NEH 3:19). Recorded as male.",6,2335,"In this dataset, Jeshua is described as official of Mizpah and father of Ezer_5 (NEH 3:19). Recorded as male."
Baruch_1,Baruch,,zealously repaired another section of wall (NEH 3:20),male,,"In this dataset, Baruch is described as zealously repaired another section of wall (NEH 3:20). Recorded as male.",1,2336,"In this dataset, Baruch is described as zealously repaired another section of wall (NEH 3:20). Recorded as male."
Zabbai_2,Zabbai,,father of Baruch (NEH 3:20),male,,"In this dataset, Zabbai is described as father of Baruch (NEH 3:20). Recorded as male.",2,2337,"In this dataset, Zabbai is described as father of Baruch (NEH 3:20). Recorded as male."
Benjamin_4,Benjamin,,carried out repairs in front of their house (NEH 3:23),male,,"In this dataset, Benjamin is described as carried out repairs in front of their house (NEH 3:23). Recorded as male.",4,2338,"In this dataset, Benjamin is described as carried out repairs in front of their house (NEH 3:23). Recorded as male."
Hasshub_3,Hasshub,,carried out repairs in front of their house (NEH 3:23),male,,"In this dataset, Hasshub is described as carried out repairs in front of their house (NEH 3:23). Recorded as male.",3,2339,"In this dataset, Hasshub is described as carried out repairs in front of their house (NEH 3:23). Recorded as male."
Azariah_16,Azariah,,carried out repairs beside his house (NEH 3:23),male,,"In this dataset, Azariah is described as carried out repairs beside his house (NEH 3:23). Recorded as male.",16,2340,"In this dataset, Azariah is described as carried out repairs beside his house (NEH 3:23). Recorded as male."
Maaseiah_9,Maaseiah,,father of Azariah_16 (NEH 3:23),male,,"In this dataset, Maaseiah is described as father of Azariah_16 (NEH 3:23). Recorded as male.",9,2341,"In this dataset, Maaseiah is described as father of Azariah_16 (NEH 3:23). Recorded as male."
Ananiah_1,Ananiah,,father of Maaseiah_9 (NEH 3:23),male,,"In this dataset, Ananiah is described as father of Maaseiah_9 (NEH 3:23). Recorded as male.",1,2342,"In this dataset, Ananiah is described as father of Maaseiah_9 (NEH 3:23). Recorded as male."
Binnui_4,Binnui,,repaired a section of the wall of Jerusalem (NEH 3:24),male,Levi,"In this dataset, Binnui is described as repaired a section of the wall of Jerusalem (NEH 3:24). Recorded as male; listed with tribe: Levi.",4,2343,"In this dataset, Binnui is described as repaired a section of the wall of Jerusalem (NEH 3:24). Recorded as male; listed with tribe: Levi."
Henadad_2,Henadad,,"father of Binnui_4 (NEH 3:24), a Levite (NEH 10:9)",male,Levi,"In this dataset, Henadad is described as father of Binnui_4 (NEH 3:24), a Levite (NEH 10:9). Recorded as male; listed with tribe: Levi.",2,2344,"In this dataset, Henadad is described as father of Binnui_4 (NEH 3:24), a Levite (NEH 10:9). Recorded as male; listed with tribe: Levi."
Palal_1,Palal,,repaired the wall of Jerusalem in front of the Angle (NEH 3:25),male,,"In this dataset, Palal is described as repaired the wall of Jerusalem in front of the Angle (NEH 3:25). Recorded as male.",1,2345,"In this dataset, Palal is described as repaired the wall of Jerusalem in front of the Angle (NEH 3:25). Recorded as male."
Uzai_1,Uzai,,father of Palal (NEH 3:25),male,,"In this dataset, Uzai is described as father of Palal (NEH 3:25). Recorded as male.",1,2346,"In this dataset, Uzai is described as father of Palal (NEH 3:25). Recorded as male."
Pedaiah_4,Pedaiah,,repaired the wall of Jerusalem (NEH 3:25),male,,"In this dataset, Pedaiah is described as repaired the wall of Jerusalem (NEH 3:25). Recorded as male.",4,2347,"In this dataset, Pedaiah is described as repaired the wall of Jerusalem (NEH 3:25). Recorded as male."
Parosh_2,Parosh,,father of Pedaiah_4 (NEH 3:25),male,,"In this dataset, Parosh is described as father of Pedaiah_4 (NEH 3:25). Recorded as male.",2,2348,"In this dataset, Parosh is described as father of Pedaiah_4 (NEH 3:25). Recorded as male."
Zadok_5,Zadok,,repaired Jerusalem's wall in front of his house (NEH 3:29),male,,"In this dataset, Zadok is described as repaired Jerusalem's wall in front of his house (NEH 3:29). Recorded as male.",5,2349,"In this dataset, Zadok is described as repaired Jerusalem's wall in front of his house (NEH 3:29). Recorded as male."
Immer_3,Immer,,father of Zadok (NEH 3:29),male,,"In this dataset, Immer is described as father of Zadok (NEH 3:29). Recorded as male.",3,2350,"In this dataset, Immer is described as father of Zadok (NEH 3:29). Recorded as male."
Shemaiah_17,Shemaiah,,repaired the wall of Jerusalem (NEH 3:29),male,,"In this dataset, Shemaiah is described as repaired the wall of Jerusalem (NEH 3:29). Recorded as male.",17,2351,"In this dataset, Shemaiah is described as repaired the wall of Jerusalem (NEH 3:29). Recorded as male."
Shecaniah_6,Shecaniah,,father of Shemaiah_17 (NEH 3:29),male,,"In this dataset, Shecaniah is described as father of Shemaiah_17 (NEH 3:29). Recorded as male.",6,2352,"In this dataset, Shecaniah is described as father of Shemaiah_17 (NEH 3:29). Recorded as male."
Hananiah_7,Hananiah,,"repaired the wall of Jerusalem (NEH 3:30),",male,,"In this dataset, Hananiah is described as repaired the wall of Jerusalem (NEH 3:30),. Recorded as male.",7,2353,"In this dataset, Hananiah is described as repaired the wall of Jerusalem (NEH 3:30),. Recorded as male."
Shelemiah_3,Shelemiah,,father of Hananiah_7 (NEH 3:30),male,,"In this dataset, Shelemiah is described as father of Hananiah_7 (NEH 3:30). Recorded as male.",3,2354,"In this dataset, Shelemiah is described as father of Hananiah_7 (NEH 3:30). Recorded as male."
Hanun_3,Hanun,,"the sixth son of Zalaph, repaired a section of Jerusalem's wall (NEH 3:30)",male,,"In this dataset, Hanun is described as the sixth son of Zalaph, repaired a section of Jerusalem's wall (NEH 3:30). Recorded as male.",3,2355,"In this dataset, Hanun is described as the sixth son of Zalaph, repaired a section of Jerusalem's wall (NEH 3:30). Recorded as male."
Zalaph_1,Zalaph,,father of Hanun_3 (NEH 3:30),male,,"In this dataset, Zalaph is described as father of Hanun_3 (NEH 3:30). Recorded as male.",1,2356,"In this dataset, Zalaph is described as father of Hanun_3 (NEH 3:30). Recorded as male."
Malchijah_9,Malchijah,,one of the goldsmiths who repaired the wall of Jerusalem (NEH 3:31),male,,"In this dataset, Malchijah is described as one of the goldsmiths who repaired the wall of Jerusalem (NEH 3:31). Recorded as male.",9,2357,"In this dataset, Malchijah is described as one of the goldsmiths who repaired the wall of Jerusalem (NEH 3:31). Recorded as male."
Shemaiah_18,Shemaiah,,suggested Nehemiah hide in the Temple (NEH 6:10),male,,"In this dataset, Shemaiah is described as suggested Nehemiah hide in the Temple (NEH 6:10). Recorded as male.",18,2358,"In this dataset, Shemaiah is described as suggested Nehemiah hide in the Temple (NEH 6:10). Recorded as male."
Delaiah_4,Delaiah,,father of Shemaiah_18 (NEH 6:10),male,,"In this dataset, Delaiah is described as father of Shemaiah_18 (NEH 6:10). Recorded as male.",4,2359,"In this dataset, Delaiah is described as father of Shemaiah_18 (NEH 6:10). Recorded as male."
Mehetabel_2,Mehetabel,,father of Delaiah_4 (NEH 6:10),male,,"In this dataset, Mehetabel is described as father of Delaiah_4 (NEH 6:10). Recorded as male.",2,2360,"In this dataset, Mehetabel is described as father of Delaiah_4 (NEH 6:10). Recorded as male."
Noadiah_2,Noadiah,,the prophetess who tried to frighten Nehemiah (NEH 6:14),female,,"In this dataset, Noadiah is described as the prophetess who tried to frighten Nehemiah (NEH 6:14). Recorded as female.",2,2361,"In this dataset, Noadiah is described as the prophetess who tried to frighten Nehemiah (NEH 6:14). Recorded as female."
Shecaniah_7,Shecaniah,,father-in-law of Tobiah_2 (NEH 6:18),male,,"In this dataset, Shecaniah is described as father-in-law of Tobiah_2 (NEH 6:18). Recorded as male.",7,2362,"In this dataset, Shecaniah is described as father-in-law of Tobiah_2 (NEH 6:18). Recorded as male."
Arah_3,Arah,,father of Shecaniah_7 (NEH 6:18),male,,"In this dataset, Arah is described as father of Shecaniah_7 (NEH 6:18). Recorded as male.",3,2363,"In this dataset, Arah is described as father of Shecaniah_7 (NEH 6:18). Recorded as male."
Jehohanan_3,Jehohanan,,son of Tobiah_2 who married daughter of Meshullam_11 (NEH 6:18),male,,"In this dataset, Jehohanan is described as son of Tobiah_2 who married daughter of Meshullam_11 (NEH 6:18). Recorded as male.",3,2364,"In this dataset, Jehohanan is described as son of Tobiah_2 who married daughter of Meshullam_11 (NEH 6:18). Recorded as male."
Hananiah_8,Hananiah,,the commander of the fortress in Jerusalem (NEH 7:2),male,,"In this dataset, Hananiah is described as the commander of the fortress in Jerusalem (NEH 7:2). Recorded as male.",8,2365,"In this dataset, Hananiah is described as the commander of the fortress in Jerusalem (NEH 7:2). Recorded as male."
Nahamani_1,Nahamani,,returned to Judah after the Babylonian captivity (NEH 7:7),male,,"In this dataset, Nahamani is described as returned to Judah after the Babylonian captivity (NEH 7:7). Recorded as male.",1,2366,"In this dataset, Nahamani is described as returned to Judah after the Babylonian captivity (NEH 7:7). Recorded as male."
Mattithiah_5,Mattithiah,,stood on Ezra's right hand as he read from the Law (NEH 8:4),male,Levi,"In this dataset, Mattithiah is described as stood on Ezra's right hand as he read from the Law (NEH 8:4). Recorded as male; listed with tribe: Levi.",5,2367,"In this dataset, Mattithiah is described as stood on Ezra's right hand as he read from the Law (NEH 8:4). Recorded as male; listed with tribe: Levi."
Shema_4,Shema,,stood on Ezra's right hand as he read from the Law (NEH 8:4),male,Levi,"In this dataset, Shema is described as stood on Ezra's right hand as he read from the Law (NEH 8:4). Recorded as male; listed with tribe: Levi.",4,2368,"In this dataset, Shema is described as stood on Ezra's right hand as he read from the Law (NEH 8:4). Recorded as male; listed with tribe: Levi."
Anaiah_1,Anaiah,,"stood on Ezra's right hand as he read from the Law (NEH 8:4),",male,Levi,"In this dataset, Anaiah is described as stood on Ezra's right hand as he read from the Law (NEH 8:4),. Recorded as male; listed with tribe: Levi.",1,2369,"In this dataset, Anaiah is described as stood on Ezra's right hand as he read from the Law (NEH 8:4),. Recorded as male; listed with tribe: Levi."
Uriah_3,Uriah,,stood on Ezra's right hand as he read from the Law (NEH 8:4),male,Levi,"In this dataset, Uriah is described as stood on Ezra's right hand as he read from the Law (NEH 8:4). Recorded as male; listed with tribe: Levi.",3,2370,"In this dataset, Uriah is described as stood on Ezra's right hand as he read from the Law (NEH 8:4). Recorded as male; listed with tribe: Levi."
Maaseiah_10,Maaseiah,,stood on Ezra's right hand as he read from the Law (NEH 8:4) and explained the law to the people (NEH 8:7),male,,"In this dataset, Maaseiah is described as stood on Ezra's right hand as he read from the Law (NEH 8:4) and explained the law to the people (NEH 8:7). Recorded as male.",10,2371,"In this dataset, Maaseiah is described as stood on Ezra's right hand as he read from the Law (NEH 8:4) and explained the law to the people (NEH 8:7). Recorded as male."
Pedaiah_5,Pedaiah,,stood on Ezra's left hand as he read from the Law (NEH 8:4),male,Levi,"In this dataset, Pedaiah is described as stood on Ezra's left hand as he read from the Law (NEH 8:4). Recorded as male; listed with tribe: Levi.",5,2372,"In this dataset, Pedaiah is described as stood on Ezra's left hand as he read from the Law (NEH 8:4). Recorded as male; listed with tribe: Levi."
Mishael_2,Mishael,,stood on Ezra's left hand as he read from the Law (NEH 8:4),male,Levi,"In this dataset, Mishael is described as stood on Ezra's left hand as he read from the Law (NEH 8:4). Recorded as male; listed with tribe: Levi.",2,2373,"In this dataset, Mishael is described as stood on Ezra's left hand as he read from the Law (NEH 8:4). Recorded as male; listed with tribe: Levi."
Hashum_2,Hashum,,stood on Ezra's left hand as he read from the Law (NEH 8:4),male,,"In this dataset, Hashum is described as stood on Ezra's left hand as he read from the Law (NEH 8:4). Recorded as male.",2,2374,"In this dataset, Hashum is described as stood on Ezra's left hand as he read from the Law (NEH 8:4). Recorded as male."
Hashbaddanah_1,Hashbaddanah,,stood on Ezra's left hand as he read from the Law (NEH 8:4),male,Levi,"In this dataset, Hashbaddanah is described as stood on Ezra's left hand as he read from the Law (NEH 8:4). Recorded as male; listed with tribe: Levi.",1,2375,"In this dataset, Hashbaddanah is described as stood on Ezra's left hand as he read from the Law (NEH 8:4). Recorded as male; listed with tribe: Levi."
Meshullam_13,Meshullam,,"stood on Ezra's left hand as he read from the Law (NEH 8:4), son of Ginnethon_1 (NEH 12:16)",male,Levi,"In this dataset, Meshullam is described as stood on Ezra's left hand as he read from the Law (NEH 8:4), son of Ginnethon_1 (NEH 12:16). Recorded as male; listed with tribe: Levi.",13,2376,"In this dataset, Meshullam is described as stood on Ezra's left hand as he read from the Law (NEH 8:4), son of Ginnethon_1 (NEH 12:16). Recorded as male; listed with tribe: Levi."
Jeshua_7,Jeshua,,"explained the law to the people (NEH 8:7), stood on the Levites platform (NEH 9:4), and exhorted Israel to bless the Lord (NEH 9:5)",male,Levi,"In this dataset, Jeshua is described as explained the law to the people (NEH 8:7), stood on the Levites platform (NEH 9:4), and exhorted Israel to bless the Lord (NEH 9:5). Recorded as male; listed with tribe: Levi.",7,2377,"In this dataset, Jeshua is described as explained the law to the people (NEH 8:7), stood on the Levites platform (NEH 9:4), and exhorted Israel to bless the Lord (NEH 9:5). Recorded as male; listed with tribe: Levi."
Bani_7,Bani,,"explained the law to the people (NEH 8:7), stood on the Levites platform (NEH 9:4), and exhorted Israel to bless the Lord (NEH 9:5)",male,Levi,"In this dataset, Bani is described as explained the law to the people (NEH 8:7), stood on the Levites platform (NEH 9:4), and exhorted Israel to bless the Lord (NEH 9:5). Recorded as male; listed with tribe: Levi.",7,2378,"In this dataset, Bani is described as explained the law to the people (NEH 8:7), stood on the Levites platform (NEH 9:4), and exhorted Israel to bless the Lord (NEH 9:5). Recorded as male; listed with tribe: Levi."
Sherebiah_2,Sherebiah,,"explained the law to the people (NEH 8:7), stood on the Levites platform (NEH 9:4), and exhorted Israel to bless the Lord (NEH 9:5)",male,Levi,"In this dataset, Sherebiah is described as explained the law to the people (NEH 8:7), stood on the Levites platform (NEH 9:4), and exhorted Israel to bless the Lord (NEH 9:5). Recorded as male; listed with tribe: Levi.",2,2379,"In this dataset, Sherebiah is described as explained the law to the people (NEH 8:7), stood on the Levites platform (NEH 9:4), and exhorted Israel to bless the Lord (NEH 9:5). Recorded as male; listed with tribe: Levi."
Jamin_3,Jamin,,explained the law to the people (NEH 8:7),male,Levi,"In this dataset, Jamin is described as explained the law to the people (NEH 8:7). Recorded as male; listed with tribe: Levi.",3,2380,"In this dataset, Jamin is described as explained the law to the people (NEH 8:7). Recorded as male; listed with tribe: Levi."
Shabbethai_2,Shabbethai,,explained the law to the people (NEH 8:7),male,Levi,"In this dataset, Shabbethai is described as explained the law to the people (NEH 8:7). Recorded as male; listed with tribe: Levi.",2,2381,"In this dataset, Shabbethai is described as explained the law to the people (NEH 8:7). Recorded as male; listed with tribe: Levi."
Hodiah_2,Hodiah,,explained the law to the people (NEH 8:7) and exhorted Israel to bless the Lord (NEH 9:5),male,Levi,"In this dataset, Hodiah is described as explained the law to the people (NEH 8:7) and exhorted Israel to bless the Lord (NEH 9:5). Recorded as male; listed with tribe: Levi.",2,2382,"In this dataset, Hodiah is described as explained the law to the people (NEH 8:7) and exhorted Israel to bless the Lord (NEH 9:5). Recorded as male; listed with tribe: Levi."
Kelita_1,Kelita,,explained the law to the people (NEH 8:7),male,Levi,"In this dataset, Kelita is described as explained the law to the people (NEH 8:7). Recorded as male; listed with tribe: Levi.",1,2383,"In this dataset, Kelita is described as explained the law to the people (NEH 8:7). Recorded as male; listed with tribe: Levi."
Jozabad_8,Jozabad,,explained the law to the people (NEH 8:7),male,Levi,"In this dataset, Jozabad is described as explained the law to the people (NEH 8:7). Recorded as male; listed with tribe: Levi.",8,2384,"In this dataset, Jozabad is described as explained the law to the people (NEH 8:7). Recorded as male; listed with tribe: Levi."
Pelaiah_2,Pelaiah,,explained the law to the people (NEH 8:7),male,Levi,"In this dataset, Pelaiah is described as explained the law to the people (NEH 8:7). Recorded as male; listed with tribe: Levi.",2,2385,"In this dataset, Pelaiah is described as explained the law to the people (NEH 8:7). Recorded as male; listed with tribe: Levi."
Kadmiel_2,Kadmiel,,stood on the Levites platform (NEH 9:4) and exhorted Israel to bless the Lord (NEH 9:5),male,Levi,"In this dataset, Kadmiel is described as stood on the Levites platform (NEH 9:4) and exhorted Israel to bless the Lord (NEH 9:5). Recorded as male; listed with tribe: Levi.",2,2386,"In this dataset, Kadmiel is described as stood on the Levites platform (NEH 9:4) and exhorted Israel to bless the Lord (NEH 9:5). Recorded as male; listed with tribe: Levi."
Shebaniah_2,Shebaniah,,stood on the Levites platform (NEH 9:4) and exhorted Israel to bless the Lord (NEH 9:5),male,Levi,"In this dataset, Shebaniah is described as stood on the Levites platform (NEH 9:4) and exhorted Israel to bless the Lord (NEH 9:5). Recorded as male; listed with tribe: Levi.",2,2387,"In this dataset, Shebaniah is described as stood on the Levites platform (NEH 9:4) and exhorted Israel to bless the Lord (NEH 9:5). Recorded as male; listed with tribe: Levi."
Bunni_1,Bunni,,stood on the Levites platform (NEH 9:4),male,Levi,"In this dataset, Bunni is described as stood on the Levites platform (NEH 9:4). Recorded as male; listed with tribe: Levi.",1,2388,"In this dataset, Bunni is described as stood on the Levites platform (NEH 9:4). Recorded as male; listed with tribe: Levi."
Bani_8,Bani,,the other Bani who stood on the Levites platform (NEH 9:4),male,Levi,"In this dataset, Bani is described as the other Bani who stood on the Levites platform (NEH 9:4). Recorded as male; listed with tribe: Levi.",8,2389,"In this dataset, Bani is described as the other Bani who stood on the Levites platform (NEH 9:4). Recorded as male; listed with tribe: Levi."
Chenani_1,Chenani,,stood on the Levites platform (NEH 9:4),male,Levi,"In this dataset, Chenani is described as stood on the Levites platform (NEH 9:4). Recorded as male; listed with tribe: Levi.",1,2390,"In this dataset, Chenani is described as stood on the Levites platform (NEH 9:4). Recorded as male; listed with tribe: Levi."
Hashabneiah_2,Hashabneiah,,exhorted Israel to bless the Lord (NEH 9:5),male,Levi,"In this dataset, Hashabneiah is described as exhorted Israel to bless the Lord (NEH 9:5). Recorded as male; listed with tribe: Levi.",2,2391,"In this dataset, Hashabneiah is described as exhorted Israel to bless the Lord (NEH 9:5). Recorded as male; listed with tribe: Levi."
Pethahiah_3,Pethahiah,,exhorted Israel to bless the Lord (NEH 9:5),male,Levi,"In this dataset, Pethahiah is described as exhorted Israel to bless the Lord (NEH 9:5). Recorded as male; listed with tribe: Levi.",3,2392,"In this dataset, Pethahiah is described as exhorted Israel to bless the Lord (NEH 9:5). Recorded as male; listed with tribe: Levi."
Zedekiah_3,Zedekiah,,Aaronic priest (NEH 10:8),male,Levi,"In this dataset, Zedekiah is described as Aaronic priest (NEH 10:8). Recorded as male; listed with tribe: Levi.",3,2393,"In this dataset, Zedekiah is described as Aaronic priest (NEH 10:8). Recorded as male; listed with tribe: Levi."
Seraiah_7,Seraiah,,Aaronic priest (NEH 10:8),male,Levi,"In this dataset, Seraiah is described as Aaronic priest (NEH 10:8). Recorded as male; listed with tribe: Levi.",7,2394,"In this dataset, Seraiah is described as Aaronic priest (NEH 10:8). Recorded as male; listed with tribe: Levi."
Jeremiah_7,Jeremiah,,Aaronic priest (NEH 10:8),male,Levi,"In this dataset, Jeremiah is described as Aaronic priest (NEH 10:8). Recorded as male; listed with tribe: Levi.",7,2395,"In this dataset, Jeremiah is described as Aaronic priest (NEH 10:8). Recorded as male; listed with tribe: Levi."
Amariah_6,Amariah,,Aaronic priest (NEH 10:8),male,Levi,"In this dataset, Amariah is described as Aaronic priest (NEH 10:8). Recorded as male; listed with tribe: Levi.",6,2396,"In this dataset, Amariah is described as Aaronic priest (NEH 10:8). Recorded as male; listed with tribe: Levi."
Hattush_3,Hattush,,Aaronic priest (NEH 10:8),male,Levi,"In this dataset, Hattush is described as Aaronic priest (NEH 10:8). Recorded as male; listed with tribe: Levi.",3,2397,"In this dataset, Hattush is described as Aaronic priest (NEH 10:8). Recorded as male; listed with tribe: Levi."
Shebaniah_3,Shebaniah,,Aaronic priest (NEH 10:8),male,Levi,"In this dataset, Shebaniah is described as Aaronic priest (NEH 10:8). Recorded as male; listed with tribe: Levi.",3,2398,"In this dataset, Shebaniah is described as Aaronic priest (NEH 10:8). Recorded as male; listed with tribe: Levi."
Malluch_4,Malluch,,Aaronic priest (NEH 10:8),male,Levi,"In this dataset, Malluch is described as Aaronic priest (NEH 10:8). Recorded as male; listed with tribe: Levi.",4,2399,"In this dataset, Malluch is described as Aaronic priest (NEH 10:8). Recorded as male; listed with tribe: Levi."
Obadiah_10,Obadiah,,Aaronic priest (NEH 10:8),male,Levi,"In this dataset, Obadiah is described as Aaronic priest (NEH 10:8). Recorded as male; listed with tribe: Levi.",10,2400,"In this dataset, Obadiah is described as Aaronic priest (NEH 10:8). Recorded as male; listed with tribe: Levi."
Ginnethon_1,Ginnethon,,Aaronic priest (NEH 10:8),male,Levi,"In this dataset, Ginnethon is described as Aaronic priest (NEH 10:8). Recorded as male; listed with tribe: Levi.",1,2401,"In this dataset, Ginnethon is described as Aaronic priest (NEH 10:8). Recorded as male; listed with tribe: Levi."
Baruch_2,Baruch,,Aaronic priest (NEH 10:8),male,Levi,"In this dataset, Baruch is described as Aaronic priest (NEH 10:8). Recorded as male; listed with tribe: Levi.",2,2402,"In this dataset, Baruch is described as Aaronic priest (NEH 10:8). Recorded as male; listed with tribe: Levi."
Abijah_6,Abijah,,Aaronic priest (NEH 10:8),male,Levi,"In this dataset, Abijah is described as Aaronic priest (NEH 10:8). Recorded as male; listed with tribe: Levi.",6,2403,"In this dataset, Abijah is described as Aaronic priest (NEH 10:8). Recorded as male; listed with tribe: Levi."
Mijamin_3,Mijamin,,Aaronic priest (NEH 10:8),male,Levi,"In this dataset, Mijamin is described as Aaronic priest (NEH 10:8). Recorded as male; listed with tribe: Levi.",3,2404,"In this dataset, Mijamin is described as Aaronic priest (NEH 10:8). Recorded as male; listed with tribe: Levi."
Maaziah_2,Maaziah,,Aaronic priest (NEH 10:8),male,Levi,"In this dataset, Maaziah is described as Aaronic priest (NEH 10:8). Recorded as male; listed with tribe: Levi.",2,2405,"In this dataset, Maaziah is described as Aaronic priest (NEH 10:8). Recorded as male; listed with tribe: Levi."
Bilgai_1,Bilgai,,Aaronic priest (NEH 10:8),male,Levi,"In this dataset, Bilgai is described as Aaronic priest (NEH 10:8). Recorded as male; listed with tribe: Levi.",1,2406,"In this dataset, Bilgai is described as Aaronic priest (NEH 10:8). Recorded as male; listed with tribe: Levi."
Shemaiah_19,Shemaiah,,Aaronic priest (NEH 10:8),male,Levi,"In this dataset, Shemaiah is described as Aaronic priest (NEH 10:8). Recorded as male; listed with tribe: Levi.",19,2407,"In this dataset, Shemaiah is described as Aaronic priest (NEH 10:8). Recorded as male; listed with tribe: Levi."
Jeshua_8,Jeshua,,"son of Azaniah (NEH 10:9), a levite rather than priest",male,Levi,"In this dataset, Jeshua is described as son of Azaniah (NEH 10:9), a levite rather than priest. Recorded as male; listed with tribe: Levi.",8,2408,"In this dataset, Jeshua is described as son of Azaniah (NEH 10:9), a levite rather than priest. Recorded as male; listed with tribe: Levi."
Azaniah_1,Azaniah,,father of Jeshua_8 (NEH 10:9),male,Levi,"In this dataset, Azaniah is described as father of Jeshua_8 (NEH 10:9). Recorded as male; listed with tribe: Levi.",1,2409,"In this dataset, Azaniah is described as father of Jeshua_8 (NEH 10:9). Recorded as male; listed with tribe: Levi."
Rehob_2,Rehob,,a Levite (NEH 10:9),male,Levi,"In this dataset, Rehob is described as a Levite (NEH 10:9). Recorded as male; listed with tribe: Levi.",2,2410,"In this dataset, Rehob is described as a Levite (NEH 10:9). Recorded as male; listed with tribe: Levi."
Hashabiah_6,Hashabiah,,a Levite (NEH 10:9),male,Levi,"In this dataset, Hashabiah is described as a Levite (NEH 10:9). Recorded as male; listed with tribe: Levi.",6,2411,"In this dataset, Hashabiah is described as a Levite (NEH 10:9). Recorded as male; listed with tribe: Levi."
Zaccur_6,Zaccur,,a Levite (NEH 10:9),male,Levi,"In this dataset, Zaccur is described as a Levite (NEH 10:9). Recorded as male; listed with tribe: Levi.",6,2412,"In this dataset, Zaccur is described as a Levite (NEH 10:9). Recorded as male; listed with tribe: Levi."
Shebaniah_4,Shebaniah,,second Levite named Shebaniah in the sealed document of NEH 10:1-27 (v10 and v12),male,Levi,"In this dataset, Shebaniah is described as second Levite named Shebaniah in the sealed document of NEH 10:1-27 (v10 and v12). Recorded as male; listed with tribe: Levi.",4,2413,"In this dataset, Shebaniah is described as second Levite named Shebaniah in the sealed document of NEH 10:1-27 (v10 and v12). Recorded as male; listed with tribe: Levi."
Hodiah_3,Hodiah,,one of two individuals named Hodiah in the sealed document of NEH 10:1-27 (v10 and v13),male,Levi,"In this dataset, Hodiah is described as one of two individuals named Hodiah in the sealed document of NEH 10:1-27 (v10 and v13). Recorded as male; listed with tribe: Levi.",3,2414,"In this dataset, Hodiah is described as one of two individuals named Hodiah in the sealed document of NEH 10:1-27 (v10 and v13). Recorded as male; listed with tribe: Levi."
Beninu_1,Beninu,,a Levite (NEH 10:9),male,Levi,"In this dataset, Beninu is described as a Levite (NEH 10:9). Recorded as male; listed with tribe: Levi.",1,2415,"In this dataset, Beninu is described as a Levite (NEH 10:9). Recorded as male; listed with tribe: Levi."
Adonijah_3,Adonijah,,non-Levite leader (NEH 10:14),male,,"In this dataset, Adonijah is described as non-Levite leader (NEH 10:14). Recorded as male.",3,2416,"In this dataset, Adonijah is described as non-Levite leader (NEH 10:14). Recorded as male."
Azzur_1,Azzur,,non-Levite leader (NEH 10:14),male,,"In this dataset, Azzur is described as non-Levite leader (NEH 10:14). Recorded as male.",1,2417,"In this dataset, Azzur is described as non-Levite leader (NEH 10:14). Recorded as male."
Hodiah_4,Hodiah,,non-Levite leader (NEH 10:14),male,,"In this dataset, Hodiah is described as non-Levite leader (NEH 10:14). Recorded as male.",4,2418,"In this dataset, Hodiah is described as non-Levite leader (NEH 10:14). Recorded as male."
Hariph_1,Hariph,,non-Levite leader (NEH 10:14),male,,"In this dataset, Hariph is described as non-Levite leader (NEH 10:14). Recorded as male.",1,2419,"In this dataset, Hariph is described as non-Levite leader (NEH 10:14). Recorded as male."
Anathoth_2,Anathoth,,non-Levite leader (NEH 10:14),male,,"In this dataset, Anathoth is described as non-Levite leader (NEH 10:14). Recorded as male.",2,2420,"In this dataset, Anathoth is described as non-Levite leader (NEH 10:14). Recorded as male."
Nebai_1,Nebai,,non-Levite leader (NEH 10:14),male,,"In this dataset, Nebai is described as non-Levite leader (NEH 10:14). Recorded as male.",1,2421,"In this dataset, Nebai is described as non-Levite leader (NEH 10:14). Recorded as male."
Magpiash_1,Magpiash,,non-Levite leader (NEH 10:14),male,,"In this dataset, Magpiash is described as non-Levite leader (NEH 10:14). Recorded as male.",1,2422,"In this dataset, Magpiash is described as non-Levite leader (NEH 10:14). Recorded as male."
Hezir_2,Hezir,,non-Levite leader (NEH 10:14),male,,"In this dataset, Hezir is described as non-Levite leader (NEH 10:14). Recorded as male.",2,2423,"In this dataset, Hezir is described as non-Levite leader (NEH 10:14). Recorded as male."
Jaddua_1,Jaddua,,non-Levite leader (NEH 10:14),male,,"In this dataset, Jaddua is described as non-Levite leader (NEH 10:14). Recorded as male.",1,2424,"In this dataset, Jaddua is described as non-Levite leader (NEH 10:14). Recorded as male."
Pelatiah_3,Pelatiah,,non-Levite leader (NEH 10:14),male,,"In this dataset, Pelatiah is described as non-Levite leader (NEH 10:14). Recorded as male.",3,2425,"In this dataset, Pelatiah is described as non-Levite leader (NEH 10:14). Recorded as male."
Hanan_5,Hanan,,non-Levite leader (NEH 10:14),male,,"In this dataset, Hanan is described as non-Levite leader (NEH 10:14). Recorded as male.",5,2426,"In this dataset, Hanan is described as non-Levite leader (NEH 10:14). Recorded as male."
Anaiah_2,Anaiah,,non-Levite leader (NEH 10:14),male,,"In this dataset, Anaiah is described as non-Levite leader (NEH 10:14). Recorded as male.",2,2427,"In this dataset, Anaiah is described as non-Levite leader (NEH 10:14). Recorded as male."
Hoshea_3,Hoshea,,non-Levite leader (NEH 10:14),male,,"In this dataset, Hoshea is described as non-Levite leader (NEH 10:14). Recorded as male.",3,2428,"In this dataset, Hoshea is described as non-Levite leader (NEH 10:14). Recorded as male."
Pilha_1,Pilha,,non-Levite leader (NEH 10:14),male,,"In this dataset, Pilha is described as non-Levite leader (NEH 10:14). Recorded as male.",1,2429,"In this dataset, Pilha is described as non-Levite leader (NEH 10:14). Recorded as male."
Shobek_1,Shobek,,non-Levite leader (NEH 10:14),male,,"In this dataset, Shobek is described as non-Levite leader (NEH 10:14). Recorded as male.",1,2430,"In this dataset, Shobek is described as non-Levite leader (NEH 10:14). Recorded as male."
Hashabnah_1,Hashabnah,,non-Levite leader (NEH 10:14),male,,"In this dataset, Hashabnah is described as non-Levite leader (NEH 10:14). Recorded as male.",1,2431,"In this dataset, Hashabnah is described as non-Levite leader (NEH 10:14). Recorded as male."
Ahiah_1,Ahiah,,non-Levite leader (NEH 10:14),male,,"In this dataset, Ahiah is described as non-Levite leader (NEH 10:14). Recorded as male.",1,2432,"In this dataset, Ahiah is described as non-Levite leader (NEH 10:14). Recorded as male."
Hanan_6,Hanan,,non-Levite leader (NEH 10:14),male,,"In this dataset, Hanan is described as non-Levite leader (NEH 10:14). Recorded as male.",6,2433,"In this dataset, Hanan is described as non-Levite leader (NEH 10:14). Recorded as male."
Anan_1,Anan,,non-Levite leader (NEH 10:14),male,,"In this dataset, Anan is described as non-Levite leader (NEH 10:14). Recorded as male.",1,2434,"In this dataset, Anan is described as non-Levite leader (NEH 10:14). Recorded as male."
Athaiah_1,Athaiah,,"son of Uzziah, descendant of Judah who lived in Jerusalem (NEH 11:4)",male,Judah,"In this dataset, Athaiah is described as son of Uzziah, descendant of Judah who lived in Jerusalem (NEH 11:4). Recorded as male; listed with tribe: Judah.",1,2435,"In this dataset, Athaiah is described as son of Uzziah, descendant of Judah who lived in Jerusalem (NEH 11:4). Recorded as male; listed with tribe: Judah."
Uzziah_3,Uzziah,,son of Zechariah (NEH 11:4),male,Judah,"In this dataset, Uzziah is described as son of Zechariah (NEH 11:4). Recorded as male; listed with tribe: Judah.",3,2436,"In this dataset, Uzziah is described as son of Zechariah (NEH 11:4). Recorded as male; listed with tribe: Judah."
Zechariah_19,Zechariah,,son of Amariah (NEH 11:4),male,Judah,"In this dataset, Zechariah is described as son of Amariah (NEH 11:4). Recorded as male; listed with tribe: Judah.",19,2437,"In this dataset, Zechariah is described as son of Amariah (NEH 11:4). Recorded as male; listed with tribe: Judah."
Amariah_7,Amariah,,son of Shephatiah (NEH 11:4),male,Judah,"In this dataset, Amariah is described as son of Shephatiah (NEH 11:4). Recorded as male; listed with tribe: Judah.",7,2438,"In this dataset, Amariah is described as son of Shephatiah (NEH 11:4). Recorded as male; listed with tribe: Judah."
Shephatiah_7,Shephatiah,,son of Mahalalel (NEH 11:4),male,Judah,"In this dataset, Shephatiah is described as son of Mahalalel (NEH 11:4). Recorded as male; listed with tribe: Judah.",7,2439,"In this dataset, Shephatiah is described as son of Mahalalel (NEH 11:4). Recorded as male; listed with tribe: Judah."
Mahalalel_2,Mahalalel,,son of Perez (NEH 11:4),male,Judah,"In this dataset, Mahalalel is described as son of Perez (NEH 11:4). Recorded as male; listed with tribe: Judah.",2,2440,"In this dataset, Mahalalel is described as son of Perez (NEH 11:4). Recorded as male; listed with tribe: Judah."
Maaseiah_11,Maaseiah,,son of Baruch (NEH 11:5),male,Judah,"In this dataset, Maaseiah is described as son of Baruch (NEH 11:5). Recorded as male; listed with tribe: Judah.",11,2441,"In this dataset, Maaseiah is described as son of Baruch (NEH 11:5). Recorded as male; listed with tribe: Judah."
Baruch_3,Baruch,,son of Col-hozeh (NEH 11:5),male,Judah,"In this dataset, Baruch is described as son of Col-hozeh (NEH 11:5). Recorded as male; listed with tribe: Judah.",3,2442,"In this dataset, Baruch is described as son of Col-hozeh (NEH 11:5). Recorded as male; listed with tribe: Judah."
Hazaiah_1,Hazaiah,,son of Adaiah (NEH 11:5),male,Judah,"In this dataset, Hazaiah is described as son of Adaiah (NEH 11:5). Recorded as male; listed with tribe: Judah.",1,2443,"In this dataset, Hazaiah is described as son of Adaiah (NEH 11:5). Recorded as male; listed with tribe: Judah."
Adaiah_8,Adaiah,,son of Joiarib (NEH 11:5),male,Judah,"In this dataset, Adaiah is described as son of Joiarib (NEH 11:5). Recorded as male; listed with tribe: Judah.",8,2444,"In this dataset, Adaiah is described as son of Joiarib (NEH 11:5). Recorded as male; listed with tribe: Judah."
Joiarib_2,Joiarib,,son of Zechariah (NEH 11:5),male,Judah,"In this dataset, Joiarib is described as son of Zechariah (NEH 11:5). Recorded as male; listed with tribe: Judah.",2,2445,"In this dataset, Joiarib is described as son of Zechariah (NEH 11:5). Recorded as male; listed with tribe: Judah."
Zechariah_20,Zechariah,,son of the Shilonite (NEH 11:5),male,Judah,"In this dataset, Zechariah is described as son of the Shilonite (NEH 11:5). Recorded as male; listed with tribe: Judah.",20,2446,"In this dataset, Zechariah is described as son of the Shilonite (NEH 11:5). Recorded as male; listed with tribe: Judah."
Sallu_2,Sallu,,son of Meshullam (NEH 11:7),male,Benjamin,"In this dataset, Sallu is described as son of Meshullam (NEH 11:7). Recorded as male; listed with tribe: Benjamin.",2,2447,"In this dataset, Sallu is described as son of Meshullam (NEH 11:7). Recorded as male; listed with tribe: Benjamin."
Meshullam_14,Meshullam,,son of Joed (NEH 11:7),male,Benjamin,"In this dataset, Meshullam is described as son of Joed (NEH 11:7). Recorded as male; listed with tribe: Benjamin.",14,2448,"In this dataset, Meshullam is described as son of Joed (NEH 11:7). Recorded as male; listed with tribe: Benjamin."
Joed_1,Joed,,son of Pedaiah (NEH 11:7),male,Benjamin,"In this dataset, Joed is described as son of Pedaiah (NEH 11:7). Recorded as male; listed with tribe: Benjamin.",1,2449,"In this dataset, Joed is described as son of Pedaiah (NEH 11:7). Recorded as male; listed with tribe: Benjamin."
Pedaiah_6,Pedaiah,,son of Kolaiah (NEH 11:7),male,Benjamin,"In this dataset, Pedaiah is described as son of Kolaiah (NEH 11:7). Recorded as male; listed with tribe: Benjamin.",6,2450,"In this dataset, Pedaiah is described as son of Kolaiah (NEH 11:7). Recorded as male; listed with tribe: Benjamin."
Kolaiah_1,Kolaiah,,son of Maaseiah (NEH 11:7),male,Benjamin,"In this dataset, Kolaiah is described as son of Maaseiah (NEH 11:7). Recorded as male; listed with tribe: Benjamin.",1,2451,"In this dataset, Kolaiah is described as son of Maaseiah (NEH 11:7). Recorded as male; listed with tribe: Benjamin."
Maaseiah_12,Maaseiah,,son of Ithiel (NEH 11:7),male,Benjamin,"In this dataset, Maaseiah is described as son of Ithiel (NEH 11:7). Recorded as male; listed with tribe: Benjamin.",12,2452,"In this dataset, Maaseiah is described as son of Ithiel (NEH 11:7). Recorded as male; listed with tribe: Benjamin."
Ithiel_1,Ithiel,,son of Jeshaiah (NEH 11:7),male,Benjamin,"In this dataset, Ithiel is described as son of Jeshaiah (NEH 11:7). Recorded as male; listed with tribe: Benjamin.",1,2453,"In this dataset, Ithiel is described as son of Jeshaiah (NEH 11:7). Recorded as male; listed with tribe: Benjamin."
Jeshaiah_5,Jeshaiah,,descendant of Benjamin (NEH 11:7),male,Benjamin,"In this dataset, Jeshaiah is described as descendant of Benjamin (NEH 11:7). Recorded as male; listed with tribe: Benjamin.",5,2454,"In this dataset, Jeshaiah is described as descendant of Benjamin (NEH 11:7). Recorded as male; listed with tribe: Benjamin."
Gabbai_1,Gabbai,,descendant of Benjamin (NEH 11:8),male,Benjamin,"In this dataset, Gabbai is described as descendant of Benjamin (NEH 11:8). Recorded as male; listed with tribe: Benjamin.",1,2455,"In this dataset, Gabbai is described as descendant of Benjamin (NEH 11:8). Recorded as male; listed with tribe: Benjamin."
Sallai_1,Sallai,,descendant of Benjamin (NEH 11:8),male,Benjamin,"In this dataset, Sallai is described as descendant of Benjamin (NEH 11:8). Recorded as male; listed with tribe: Benjamin.",1,2456,"In this dataset, Sallai is described as descendant of Benjamin (NEH 11:8). Recorded as male; listed with tribe: Benjamin."
Joel_10,Joel,,overseer of Benjamites (NEH 11:9),male,Benjamin,"In this dataset, Joel is described as overseer of Benjamites (NEH 11:9). Recorded as male; listed with tribe: Benjamin.",10,2457,"In this dataset, Joel is described as overseer of Benjamites (NEH 11:9). Recorded as male; listed with tribe: Benjamin."
Zichri_11,Zichri,,father of Joel (NEH 11:9),male,Benjamin,"In this dataset, Zichri is described as father of Joel (NEH 11:9). Recorded as male; listed with tribe: Benjamin.",11,2458,"In this dataset, Zichri is described as father of Joel (NEH 11:9). Recorded as male; listed with tribe: Benjamin."
Judah_3,Judah,,second in command of Jerusalem (NEH 11:9),male,Benjamin,"In this dataset, Judah is described as second in command of Jerusalem (NEH 11:9). Recorded as male; listed with tribe: Benjamin.",3,2459,"In this dataset, Judah is described as second in command of Jerusalem (NEH 11:9). Recorded as male; listed with tribe: Benjamin."
Hassenuah_2,Hassenuah,,father of Judah (NEH 11:9),male,Benjamin,"In this dataset, Hassenuah is described as father of Judah (NEH 11:9). Recorded as male; listed with tribe: Benjamin.",2,2460,"In this dataset, Hassenuah is described as father of Judah (NEH 11:9). Recorded as male; listed with tribe: Benjamin."
Jedaiah_5,Jedaiah,,"priest, son of Joiarib (NEH 11:10, NEH 12:7)",male,Levi,"In this dataset, Jedaiah is described as priest, son of Joiarib (NEH 11:10, NEH 12:7). Recorded as male; listed with tribe: Levi.",5,2461,"In this dataset, Jedaiah is described as priest, son of Joiarib (NEH 11:10, NEH 12:7). Recorded as male; listed with tribe: Levi."
Joiarib_3,Joiarib,,"priest, father of Jedaiah (NEH 11:10)",male,Levi,"In this dataset, Joiarib is described as priest, father of Jedaiah (NEH 11:10). Recorded as male; listed with tribe: Levi.",3,2462,"In this dataset, Joiarib is described as priest, father of Jedaiah (NEH 11:10). Recorded as male; listed with tribe: Levi."
Jachin_4,Jachin,,priest who lived in Jerusalem (NEH 11:10),male,Levi,"In this dataset, Jachin is described as priest who lived in Jerusalem (NEH 11:10). Recorded as male; listed with tribe: Levi.",4,2463,"In this dataset, Jachin is described as priest who lived in Jerusalem (NEH 11:10). Recorded as male; listed with tribe: Levi."
Seraiah_8,Seraiah,,"priest, son of Hilkiah (NEH 11:11)",male,Levi,"In this dataset, Seraiah is described as priest, son of Hilkiah (NEH 11:11). Recorded as male; listed with tribe: Levi.",8,2464,"In this dataset, Seraiah is described as priest, son of Hilkiah (NEH 11:11). Recorded as male; listed with tribe: Levi."
Hilkiah_6,Hilkiah,,son of Meshullam (NEH 11:11),male,Levi,"In this dataset, Hilkiah is described as son of Meshullam (NEH 11:11). Recorded as male; listed with tribe: Levi.",6,2465,"In this dataset, Hilkiah is described as son of Meshullam (NEH 11:11). Recorded as male; listed with tribe: Levi."
Meshullam_15,Meshullam,,son of Zadok (NEH 11:11),male,Levi,"In this dataset, Meshullam is described as son of Zadok (NEH 11:11). Recorded as male; listed with tribe: Levi.",15,2466,"In this dataset, Meshullam is described as son of Zadok (NEH 11:11). Recorded as male; listed with tribe: Levi."
Zadok_6,Zadok,,son of Meraioth (NEH 11:11),male,Levi,"In this dataset, Zadok is described as son of Meraioth (NEH 11:11). Recorded as male; listed with tribe: Levi.",6,2467,"In this dataset, Zadok is described as son of Meraioth (NEH 11:11). Recorded as male; listed with tribe: Levi."
Meraioth_3,Meraioth,,son of Ahitub (NEH 11:11),male,Levi,"In this dataset, Meraioth is described as son of Ahitub (NEH 11:11). Recorded as male; listed with tribe: Levi.",3,2468,"In this dataset, Meraioth is described as son of Ahitub (NEH 11:11). Recorded as male; listed with tribe: Levi."
Ahitub_4,Ahitub,,leader of the house of God (NEH 11:11),male,Levi,"In this dataset, Ahitub is described as leader of the house of God (NEH 11:11). Recorded as male; listed with tribe: Levi.",4,2469,"In this dataset, Ahitub is described as leader of the house of God (NEH 11:11). Recorded as male; listed with tribe: Levi."
Adaiah_9,Adaiah,,"priest, son of Jeroham (NEH 11:12)",male,Levi,"In this dataset, Adaiah is described as priest, son of Jeroham (NEH 11:12). Recorded as male; listed with tribe: Levi.",9,2470,"In this dataset, Adaiah is described as priest, son of Jeroham (NEH 11:12). Recorded as male; listed with tribe: Levi."
Jeroham_7,Jeroham,,son of Pelaliah (NEH 11:12),male,Levi,"In this dataset, Jeroham is described as son of Pelaliah (NEH 11:12). Recorded as male; listed with tribe: Levi.",7,2471,"In this dataset, Jeroham is described as son of Pelaliah (NEH 11:12). Recorded as male; listed with tribe: Levi."
Pelaliah_1,Pelaliah,,son of Amzi (NEH 11:12),male,Levi,"In this dataset, Pelaliah is described as son of Amzi (NEH 11:12). Recorded as male; listed with tribe: Levi.",1,2472,"In this dataset, Pelaliah is described as son of Amzi (NEH 11:12). Recorded as male; listed with tribe: Levi."
Amzi_2,Amzi,,son of Zechariah (NEH 11:12),male,Levi,"In this dataset, Amzi is described as son of Zechariah (NEH 11:12). Recorded as male; listed with tribe: Levi.",2,2473,"In this dataset, Amzi is described as son of Zechariah (NEH 11:12). Recorded as male; listed with tribe: Levi."
Zechariah_21,Zechariah,,son of Pashhur (NEH 11:12),male,Levi,"In this dataset, Zechariah is described as son of Pashhur (NEH 11:12). Recorded as male; listed with tribe: Levi.",21,2474,"In this dataset, Zechariah is described as son of Pashhur (NEH 11:12). Recorded as male; listed with tribe: Levi."
Amashsai_1,Amashsai,,"priest, son of Azarel (NEH 11:13)",male,Levi,"In this dataset, Amashsai is described as priest, son of Azarel (NEH 11:13). Recorded as male; listed with tribe: Levi.",1,2475,"In this dataset, Amashsai is described as priest, son of Azarel (NEH 11:13). Recorded as male; listed with tribe: Levi."
Azarel_4,Azarel,,son of Ahzai (NEH 11:13),male,Levi,"In this dataset, Azarel is described as son of Ahzai (NEH 11:13). Recorded as male; listed with tribe: Levi.",4,2476,"In this dataset, Azarel is described as son of Ahzai (NEH 11:13). Recorded as male; listed with tribe: Levi."
Ahzai_1,Ahzai,,son of Meshillemoth (NEH 11:13),male,Levi,"In this dataset, Ahzai is described as son of Meshillemoth (NEH 11:13). Recorded as male; listed with tribe: Levi.",1,2477,"In this dataset, Ahzai is described as son of Meshillemoth (NEH 11:13). Recorded as male; listed with tribe: Levi."
Zabdiel_2,Zabdiel,,overseer of the priests and son of Haggedolim (NEH 11:14),male,Levi,"In this dataset, Zabdiel is described as overseer of the priests and son of Haggedolim (NEH 11:14). Recorded as male; listed with tribe: Levi.",2,2478,"In this dataset, Zabdiel is described as overseer of the priests and son of Haggedolim (NEH 11:14). Recorded as male; listed with tribe: Levi."
Haggedolim_1,Haggedolim,,father of Zabdiel (NEH 11:14),male,Levi,"In this dataset, Haggedolim is described as father of Zabdiel (NEH 11:14). Recorded as male; listed with tribe: Levi.",1,2479,"In this dataset, Haggedolim is described as father of Zabdiel (NEH 11:14). Recorded as male; listed with tribe: Levi."
Bunni_2,Bunni,,father of Hashabiah (NEH 11:15),male,Levi,"In this dataset, Bunni is described as father of Hashabiah (NEH 11:15). Recorded as male; listed with tribe: Levi.",2,2480,"In this dataset, Bunni is described as father of Hashabiah (NEH 11:15). Recorded as male; listed with tribe: Levi."
Mattaniah_9,Mattaniah,,"descendant of Mica (NEH 11:17), gatekeeper (NEH 12:25)",male,Levi,"In this dataset, Mattaniah is described as descendant of Mica (NEH 11:17), gatekeeper (NEH 12:25). Recorded as male; listed with tribe: Levi.",9,2481,"In this dataset, Mattaniah is described as descendant of Mica (NEH 11:17), gatekeeper (NEH 12:25). Recorded as male; listed with tribe: Levi."
Bakbukiah_1,Bakbukiah,,"second among his brethren (NEH 11:17), gatekeeper (NEH 12:25)",male,Levi,"In this dataset, Bakbukiah is described as second among his brethren (NEH 11:17), gatekeeper (NEH 12:25). Recorded as male; listed with tribe: Levi.",1,2482,"In this dataset, Bakbukiah is described as second among his brethren (NEH 11:17), gatekeeper (NEH 12:25). Recorded as male; listed with tribe: Levi."
Gishpa_1,Gishpa,,in charge of the temple servants (NEH 11:21),male,Levi,"In this dataset, Gishpa is described as in charge of the temple servants (NEH 11:21). Recorded as male; listed with tribe: Levi.",1,2483,"In this dataset, Gishpa is described as in charge of the temple servants (NEH 11:21). Recorded as male; listed with tribe: Levi."
Uzzi_5,Uzzi,,"overseer of the Levites in Jerusalem, son of Bani (NEH 11:22)",male,Levi,"In this dataset, Uzzi is described as overseer of the Levites in Jerusalem, son of Bani (NEH 11:22). Recorded as male; listed with tribe: Levi.",5,2484,"In this dataset, Uzzi is described as overseer of the Levites in Jerusalem, son of Bani (NEH 11:22). Recorded as male; listed with tribe: Levi."
Bani_9,Bani,,son of Hashabiah (NEH 11:22),male,Levi,"In this dataset, Bani is described as son of Hashabiah (NEH 11:22). Recorded as male; listed with tribe: Levi.",9,2485,"In this dataset, Bani is described as son of Hashabiah (NEH 11:22). Recorded as male; listed with tribe: Levi."
Hashabiah_7,Hashabiah,,son of Mattaniah_2 (NEH 11:22),male,Levi,"In this dataset, Hashabiah is described as son of Mattaniah_2 (NEH 11:22). Recorded as male; listed with tribe: Levi.",7,2486,"In this dataset, Hashabiah is described as son of Mattaniah_2 (NEH 11:22). Recorded as male; listed with tribe: Levi."
Pethahiah_4,Pethahiah,,the king's representative in all matters concerning the people (NEH 11:24),male,Judah,"In this dataset, Pethahiah is described as the king's representative in all matters concerning the people (NEH 11:24). Recorded as male; listed with tribe: Judah.",4,2487,"In this dataset, Pethahiah is described as the king's representative in all matters concerning the people (NEH 11:24). Recorded as male; listed with tribe: Judah."
Meshezabel_2,Meshezabel,,father of Pethahiah (NEH 11:24),male,Judah,"In this dataset, Meshezabel is described as father of Pethahiah (NEH 11:24). Recorded as male; listed with tribe: Judah.",2,2488,"In this dataset, Meshezabel is described as father of Pethahiah (NEH 11:24). Recorded as male; listed with tribe: Judah."
Shecaniah_8,Shecaniah,,among the priests who came up with Zerubbabel (NEH 12:3),male,Levi,"In this dataset, Shecaniah is described as among the priests who came up with Zerubbabel (NEH 12:3). Recorded as male; listed with tribe: Levi.",8,2489,"In this dataset, Shecaniah is described as among the priests who came up with Zerubbabel (NEH 12:3). Recorded as male; listed with tribe: Levi."
Rehum_4,Rehum,,among the priests who came up with Zerubbabel (NEH 12:3),male,Levi,"In this dataset, Rehum is described as among the priests who came up with Zerubbabel (NEH 12:3). Recorded as male; listed with tribe: Levi.",4,2490,"In this dataset, Rehum is described as among the priests who came up with Zerubbabel (NEH 12:3). Recorded as male; listed with tribe: Levi."
Bilgah_2,Bilgah,,among the priests who came up with Zerubbabel (NEH 12:5),male,Levi,"In this dataset, Bilgah is described as among the priests who came up with Zerubbabel (NEH 12:5). Recorded as male; listed with tribe: Levi.",2,2491,"In this dataset, Bilgah is described as among the priests who came up with Zerubbabel (NEH 12:5). Recorded as male; listed with tribe: Levi."
Sallu_3,Sallu,,among the priests who came up with Zerubbabel (NEH 12:7),male,Levi,"In this dataset, Sallu is described as among the priests who came up with Zerubbabel (NEH 12:7). Recorded as male; listed with tribe: Levi.",3,2492,"In this dataset, Sallu is described as among the priests who came up with Zerubbabel (NEH 12:7). Recorded as male; listed with tribe: Levi."
Amok_1,Amok,,among the priests who came up with Zerubbabel (NEH 12:7),male,Levi,"In this dataset, Amok is described as among the priests who came up with Zerubbabel (NEH 12:7). Recorded as male; listed with tribe: Levi.",1,2493,"In this dataset, Amok is described as among the priests who came up with Zerubbabel (NEH 12:7). Recorded as male; listed with tribe: Levi."
Judah_4,Judah,,among the Levites who came up with Zerubabbel (NEH 12:8),male,Levi,"In this dataset, Judah is described as among the Levites who came up with Zerubabbel (NEH 12:8). Recorded as male; listed with tribe: Levi.",4,2494,"In this dataset, Judah is described as among the Levites who came up with Zerubabbel (NEH 12:8). Recorded as male; listed with tribe: Levi."
Unni_2,Unni,,among the Levites who came up with Zerubabbel (NEH 12:9),male,Levi,"In this dataset, Unni is described as among the Levites who came up with Zerubabbel (NEH 12:9). Recorded as male; listed with tribe: Levi.",2,2495,"In this dataset, Unni is described as among the Levites who came up with Zerubabbel (NEH 12:9). Recorded as male; listed with tribe: Levi."
Joiakim_1,Joiakim,,son of Jeshua_7 and father of Eliashib (NEH 12:10),male,Levi,"In this dataset, Joiakim is described as son of Jeshua_7 and father of Eliashib (NEH 12:10). Recorded as male; listed with tribe: Levi.",1,2496,"In this dataset, Joiakim is described as son of Jeshua_7 and father of Eliashib (NEH 12:10). Recorded as male; listed with tribe: Levi."
Eliashib_8,Eliashib,,son of Joiakim (NEH 12:10),male,Levi,"In this dataset, Eliashib is described as son of Joiakim (NEH 12:10). Recorded as male; listed with tribe: Levi.",8,2497,"In this dataset, Eliashib is described as son of Joiakim (NEH 12:10). Recorded as male; listed with tribe: Levi."
Joiada_2,Joiada,,son of Eliashib (NEH 12:10),male,Levi,"In this dataset, Joiada is described as son of Eliashib (NEH 12:10). Recorded as male; listed with tribe: Levi.",2,2498,"In this dataset, Joiada is described as son of Eliashib (NEH 12:10). Recorded as male; listed with tribe: Levi."
Jonathan_10,Jonathan,,son of Joiada (NEH 12:11),male,Levi,"In this dataset, Jonathan is described as son of Joiada (NEH 12:11). Recorded as male; listed with tribe: Levi.",10,2499,"In this dataset, Jonathan is described as son of Joiada (NEH 12:11). Recorded as male; listed with tribe: Levi."
Jaddua_2,Jaddua,,son of Jonathan (NEH 12:11),male,Levi,"In this dataset, Jaddua is described as son of Jonathan (NEH 12:11). Recorded as male; listed with tribe: Levi.",2,2500,"In this dataset, Jaddua is described as son of Jonathan (NEH 12:11). Recorded as male; listed with tribe: Levi."
Meraiah_1,Meraiah,,son of Seraiah_7 (NEH 12:12),male,Levi,"In this dataset, Meraiah is described as son of Seraiah_7 (NEH 12:12). Recorded as male; listed with tribe: Levi.",1,2501,"In this dataset, Meraiah is described as son of Seraiah_7 (NEH 12:12). Recorded as male; listed with tribe: Levi."
Hananiah_9,Hananiah,,son of Jeremiah_7 (NEH 12:12),male,Levi,"In this dataset, Hananiah is described as son of Jeremiah_7 (NEH 12:12). Recorded as male; listed with tribe: Levi.",9,2502,"In this dataset, Hananiah is described as son of Jeremiah_7 (NEH 12:12). Recorded as male; listed with tribe: Levi."
Meshullam_16,Meshullam,,son of Ezra_1 (NEH 12:13),male,Levi,"In this dataset, Meshullam is described as son of Ezra_1 (NEH 12:13). Recorded as male; listed with tribe: Levi.",16,2503,"In this dataset, Meshullam is described as son of Ezra_1 (NEH 12:13). Recorded as male; listed with tribe: Levi."
Jehohanan_4,Jehohanan,,son of Amariah_6 (NEH 12:13),male,Levi,"In this dataset, Jehohanan is described as son of Amariah_6 (NEH 12:13). Recorded as male; listed with tribe: Levi.",4,2504,"In this dataset, Jehohanan is described as son of Amariah_6 (NEH 12:13). Recorded as male; listed with tribe: Levi."
Jonathan_11,Jonathan,,son of Malluch_4 [Malluchi] (NEH 12:14),male,Levi,"In this dataset, Jonathan is described as son of Malluch_4 [Malluchi] (NEH 12:14). Recorded as male; listed with tribe: Levi.",11,2505,"In this dataset, Jonathan is described as son of Malluch_4 [Malluchi] (NEH 12:14). Recorded as male; listed with tribe: Levi."
Joseph_5,Joseph,,son of Shebaniah_3 (NEH 12:14),male,Levi,"In this dataset, Joseph is described as son of Shebaniah_3 (NEH 12:14). Recorded as male; listed with tribe: Levi.",5,2506,"In this dataset, Joseph is described as son of Shebaniah_3 (NEH 12:14). Recorded as male; listed with tribe: Levi."
Adna_2,Adna,,son of Harim_3 (NEH 12:15),male,Levi,"In this dataset, Adna is described as son of Harim_3 (NEH 12:15). Recorded as male; listed with tribe: Levi.",2,2507,"In this dataset, Adna is described as son of Harim_3 (NEH 12:15). Recorded as male; listed with tribe: Levi."
Helkai_1,Helkai,,son of Meraioth_2 (NEH 12:15),male,Levi,"In this dataset, Helkai is described as son of Meraioth_2 (NEH 12:15). Recorded as male; listed with tribe: Levi.",1,2508,"In this dataset, Helkai is described as son of Meraioth_2 (NEH 12:15). Recorded as male; listed with tribe: Levi."
Zichri_12,Zichri,,son of Abijah_6 (NEH 12:17),male,Levi,"In this dataset, Zichri is described as son of Abijah_6 (NEH 12:17). Recorded as male; listed with tribe: Levi.",12,2509,"In this dataset, Zichri is described as son of Abijah_6 (NEH 12:17). Recorded as male; listed with tribe: Levi."
Miniamin_2,Miniamin,,ancestor of Piltai (NEH 12:17),male,Levi,"In this dataset, Miniamin is described as ancestor of Piltai (NEH 12:17). Recorded as male; listed with tribe: Levi.",2,2510,"In this dataset, Miniamin is described as ancestor of Piltai (NEH 12:17). Recorded as male; listed with tribe: Levi."
Moadiah_1,Moadiah,,ancestor of Piltai (NEH 12:17),male,Levi,"In this dataset, Moadiah is described as ancestor of Piltai (NEH 12:17). Recorded as male; listed with tribe: Levi.",1,2511,"In this dataset, Moadiah is described as ancestor of Piltai (NEH 12:17). Recorded as male; listed with tribe: Levi."
Piltai_1,Piltai,,son of Miniamin (NEH 12:17),male,Levi,"In this dataset, Piltai is described as son of Miniamin (NEH 12:17). Recorded as male; listed with tribe: Levi.",1,2512,"In this dataset, Piltai is described as son of Miniamin (NEH 12:17). Recorded as male; listed with tribe: Levi."
Shammua_3,Shammua,,descendant of Bilgah (NEH 12:18),male,Levi,"In this dataset, Shammua is described as descendant of Bilgah (NEH 12:18). Recorded as male; listed with tribe: Levi.",3,2513,"In this dataset, Shammua is described as descendant of Bilgah (NEH 12:18). Recorded as male; listed with tribe: Levi."
Jehonathan_2,Jehonathan,,son of Shemaiah_19 (NEH 12:18),male,Levi,"In this dataset, Jehonathan is described as son of Shemaiah_19 (NEH 12:18). Recorded as male; listed with tribe: Levi.",2,2514,"In this dataset, Jehonathan is described as son of Shemaiah_19 (NEH 12:18). Recorded as male; listed with tribe: Levi."
Mattenai_3,Mattenai,,son of Joiarib_3 (NEH 12:19),male,Levi,"In this dataset, Mattenai is described as son of Joiarib_3 (NEH 12:19). Recorded as male; listed with tribe: Levi.",3,2515,"In this dataset, Mattenai is described as son of Joiarib_3 (NEH 12:19). Recorded as male; listed with tribe: Levi."
Uzzi_6,Uzzi,,son of Jedaiah_2 (NEH 12:19),male,Levi,"In this dataset, Uzzi is described as son of Jedaiah_2 (NEH 12:19). Recorded as male; listed with tribe: Levi.",6,2516,"In this dataset, Uzzi is described as son of Jedaiah_2 (NEH 12:19). Recorded as male; listed with tribe: Levi."
Sallai_2,Sallai,,father of Kallai (NEH 12:20),male,Levi,"In this dataset, Sallai is described as father of Kallai (NEH 12:20). Recorded as male; listed with tribe: Levi.",2,2517,"In this dataset, Sallai is described as father of Kallai (NEH 12:20). Recorded as male; listed with tribe: Levi."
Kallai_1,Kallai,,son of Sallai_2 (NEH 12:20),male,Levi,"In this dataset, Kallai is described as son of Sallai_2 (NEH 12:20). Recorded as male; listed with tribe: Levi.",1,2518,"In this dataset, Kallai is described as son of Sallai_2 (NEH 12:20). Recorded as male; listed with tribe: Levi."
Eber_5,Eber,,son of Amok_1 (NEH 12:20),male,Levi,"In this dataset, Eber is described as son of Amok_1 (NEH 12:20). Recorded as male; listed with tribe: Levi.",5,2519,"In this dataset, Eber is described as son of Amok_1 (NEH 12:20). Recorded as male; listed with tribe: Levi."
Hashabiah_8,Hashabiah,,son of Hilkiah_3 (NEH 12:21),male,Levi,"In this dataset, Hashabiah is described as son of Hilkiah_3 (NEH 12:21). Recorded as male; listed with tribe: Levi.",8,2520,"In this dataset, Hashabiah is described as son of Hilkiah_3 (NEH 12:21). Recorded as male; listed with tribe: Levi."
Nethanel_7,Nethanel,,son of Jedaiah_5 (NEH 12:21),male,Levi,"In this dataset, Nethanel is described as son of Jedaiah_5 (NEH 12:21). Recorded as male; listed with tribe: Levi.",7,2521,"In this dataset, Nethanel is described as son of Jedaiah_5 (NEH 12:21). Recorded as male; listed with tribe: Levi."
Obadiah_11,Obadiah,,Levite gatekeeper (NEH 12:25),male,Levi,"In this dataset, Obadiah is described as Levite gatekeeper (NEH 12:25). Recorded as male; listed with tribe: Levi.",11,2522,"In this dataset, Obadiah is described as Levite gatekeeper (NEH 12:25). Recorded as male; listed with tribe: Levi."
Joiakim_2,Joiakim,,"priest, son of Jeshua, son of Jozadak (NEH 12:26)",male,Levi,"In this dataset, Joiakim is described as priest, son of Jeshua, son of Jozadak (NEH 12:26). Recorded as male; listed with tribe: Levi.",2,2523,"In this dataset, Joiakim is described as priest, son of Jeshua, son of Jozadak (NEH 12:26). Recorded as male; listed with tribe: Levi."
Hoshaiah_1,Hoshaiah,,followed the choir to the right on top of the wall (NEH 12:32),male,,"In this dataset, Hoshaiah is described as followed the choir to the right on top of the wall (NEH 12:32). Recorded as male.",1,2524,"In this dataset, Hoshaiah is described as followed the choir to the right on top of the wall (NEH 12:32). Recorded as male."
Zechariah_22,Zechariah,,son of Jonathan (NEH 12:35),male,Levi,"In this dataset, Zechariah is described as son of Jonathan (NEH 12:35). Recorded as male; listed with tribe: Levi.",22,2525,"In this dataset, Zechariah is described as son of Jonathan (NEH 12:35). Recorded as male; listed with tribe: Levi."
Jonathan_12,Jonathan,,son of Shemaiah_14 (NEH 12:35),male,Levi,"In this dataset, Jonathan is described as son of Shemaiah_14 (NEH 12:35). Recorded as male; listed with tribe: Levi.",12,2526,"In this dataset, Jonathan is described as son of Shemaiah_14 (NEH 12:35). Recorded as male; listed with tribe: Levi."
Micaiah_4,Micaiah,,son of Zaccur_4 (NEH 12:35),male,Levi,"In this dataset, Micaiah is described as son of Zaccur_4 (NEH 12:35). Recorded as male; listed with tribe: Levi.",4,2527,"In this dataset, Micaiah is described as son of Zaccur_4 (NEH 12:35). Recorded as male; listed with tribe: Levi."
Milalai_1,Milalai,,Levite with music instruments (NEH 12:36),male,Levi,"In this dataset, Milalai is described as Levite with music instruments (NEH 12:36). Recorded as male; listed with tribe: Levi.",1,2528,"In this dataset, Milalai is described as Levite with music instruments (NEH 12:36). Recorded as male; listed with tribe: Levi."
Gilalai_1,Gilalai,,Levite with music instruments (NEH 12:36),male,Levi,"In this dataset, Gilalai is described as Levite with music instruments (NEH 12:36). Recorded as male; listed with tribe: Levi.",1,2529,"In this dataset, Gilalai is described as Levite with music instruments (NEH 12:36). Recorded as male; listed with tribe: Levi."
Maai_1,Maai,,Levite with music instruments (NEH 12:36),male,Levi,"In this dataset, Maai is described as Levite with music instruments (NEH 12:36). Recorded as male; listed with tribe: Levi.",1,2530,"In this dataset, Maai is described as Levite with music instruments (NEH 12:36). Recorded as male; listed with tribe: Levi."
Eliakim_3,Eliakim,,priest with a trumpet (NEH 12:41),male,Levi,"In this dataset, Eliakim is described as priest with a trumpet (NEH 12:41). Recorded as male; listed with tribe: Levi.",3,2531,"In this dataset, Eliakim is described as priest with a trumpet (NEH 12:41). Recorded as male; listed with tribe: Levi."
Maaseiah_13,Maaseiah,,priest with a trumpet (NEH 12:41),male,Levi,"In this dataset, Maaseiah is described as priest with a trumpet (NEH 12:41). Recorded as male; listed with tribe: Levi.",13,2532,"In this dataset, Maaseiah is described as priest with a trumpet (NEH 12:41). Recorded as male; listed with tribe: Levi."
Miniamin_3,Miniamin,,priest with a trumpet (NEH 12:41),male,Levi,"In this dataset, Miniamin is described as priest with a trumpet (NEH 12:41). Recorded as male; listed with tribe: Levi.",3,2533,"In this dataset, Miniamin is described as priest with a trumpet (NEH 12:41). Recorded as male; listed with tribe: Levi."
Micaiah_5,Micaiah,,priest with a trumpet (NEH 12:41),male,Levi,"In this dataset, Micaiah is described as priest with a trumpet (NEH 12:41). Recorded as male; listed with tribe: Levi.",5,2534,"In this dataset, Micaiah is described as priest with a trumpet (NEH 12:41). Recorded as male; listed with tribe: Levi."
Elioenai_6,Elioenai,,priest with a trumpet (NEH 12:41),male,Levi,"In this dataset, Elioenai is described as priest with a trumpet (NEH 12:41). Recorded as male; listed with tribe: Levi.",6,2535,"In this dataset, Elioenai is described as priest with a trumpet (NEH 12:41). Recorded as male; listed with tribe: Levi."
Eleazar_8,Eleazar,,with the officials and priests in the house of G-d (NEH 12:42),male,,"In this dataset, Eleazar is described as with the officials and priests in the house of G-d (NEH 12:42). Recorded as male.",8,2536,"In this dataset, Eleazar is described as with the officials and priests in the house of G-d (NEH 12:42). Recorded as male."
Jezrahiah_1,Jezrahiah,,the leader of the singers (NEH 12:42),male,Levi,"In this dataset, Jezrahiah is described as the leader of the singers (NEH 12:42). Recorded as male; listed with tribe: Levi.",1,2537,"In this dataset, Jezrahiah is described as the leader of the singers (NEH 12:42). Recorded as male; listed with tribe: Levi."
Shelemiah_4,Shelemiah,,priest appointed by Nehemiah (NEH 13:13),male,Levi,"In this dataset, Shelemiah is described as priest appointed by Nehemiah (NEH 13:13). Recorded as male; listed with tribe: Levi.",4,2538,"In this dataset, Shelemiah is described as priest appointed by Nehemiah (NEH 13:13). Recorded as male; listed with tribe: Levi."
Hanan_7,Hanan,,distributed portions to their kinsmen (NEH 13:13),male,Levi,"In this dataset, Hanan is described as distributed portions to their kinsmen (NEH 13:13). Recorded as male; listed with tribe: Levi.",7,2539,"In this dataset, Hanan is described as distributed portions to their kinsmen (NEH 13:13). Recorded as male; listed with tribe: Levi."
Mattaniah_10,Mattaniah,,grandfather of Hanan_7 (NEH 13:13),male,Levi,"In this dataset, Mattaniah is described as grandfather of Hanan_7 (NEH 13:13). Recorded as male; listed with tribe: Levi.",10,2540,"In this dataset, Mattaniah is described as grandfather of Hanan_7 (NEH 13:13). Recorded as male; listed with tribe: Levi."
Joiada_3,Joiada,,son of Eliashib the high priest (NEH 13:28),male,Levi,"In this dataset, Joiada is described as son of Eliashib the high priest (NEH 13:28). Recorded as male; listed with tribe: Levi.",3,2541,"In this dataset, Joiada is described as son of Eliashib the high priest (NEH 13:28). Recorded as male; listed with tribe: Levi."
Vashti_1,Vashti,,queen of Persia (EST 1:9),female,,"In this dataset, Vashti is described as queen of Persia (EST 1:9). Recorded as female.",1,2542,"In this dataset, Vashti is described as queen of Persia (EST 1:9). Recorded as female."
Mehuman_1,Mehuman,,one of the seven eunuchs who served in the presence of King Ahasuerus (EST 1:10),male,,"In this dataset, Mehuman is described as one of the seven eunuchs who served in the presence of King Ahasuerus (EST 1:10). Recorded as male.",1,2543,"In this dataset, Mehuman is described as one of the seven eunuchs who served in the presence of King Ahasuerus (EST 1:10). Recorded as male."
Biztha_1,Biztha,,one of the seven eunuchs who served in the presence of King Ahasuerus (EST 1:10),male,,"In this dataset, Biztha is described as one of the seven eunuchs who served in the presence of King Ahasuerus (EST 1:10). Recorded as male.",1,2544,"In this dataset, Biztha is described as one of the seven eunuchs who served in the presence of King Ahasuerus (EST 1:10). Recorded as male."
Harbona_1,Harbona,,one of the seven eunuchs who served in the presence of King Ahasuerus (EST 1:10),male,,"In this dataset, Harbona is described as one of the seven eunuchs who served in the presence of King Ahasuerus (EST 1:10). Recorded as male.",1,2545,"In this dataset, Harbona is described as one of the seven eunuchs who served in the presence of King Ahasuerus (EST 1:10). Recorded as male."
Bigtha_1,Bigtha,,one of the seven eunuchs who served in the presence of King Ahasuerus (EST 1:10),male,,"In this dataset, Bigtha is described as one of the seven eunuchs who served in the presence of King Ahasuerus (EST 1:10). Recorded as male.",1,2546,"In this dataset, Bigtha is described as one of the seven eunuchs who served in the presence of King Ahasuerus (EST 1:10). Recorded as male."
Abagtha_1,Abagtha,,one of the seven eunuchs who served in the presence of King Ahasuerus (EST 1:10),male,,"In this dataset, Abagtha is described as one of the seven eunuchs who served in the presence of King Ahasuerus (EST 1:10). Recorded as male.",1,2547,"In this dataset, Abagtha is described as one of the seven eunuchs who served in the presence of King Ahasuerus (EST 1:10). Recorded as male."
Zethar_1,Zethar,,one of the seven eunuchs who served in the presence of King Ahasuerus (EST 1:10),male,,"In this dataset, Zethar is described as one of the seven eunuchs who served in the presence of King Ahasuerus (EST 1:10). Recorded as male.",1,2548,"In this dataset, Zethar is described as one of the seven eunuchs who served in the presence of King Ahasuerus (EST 1:10). Recorded as male."
Carkas_1,Carkas,,one of the seven eunuchs who served in the presence of King Ahasuerus (EST 1:10),male,,"In this dataset, Carkas is described as one of the seven eunuchs who served in the presence of King Ahasuerus (EST 1:10). Recorded as male.",1,2549,"In this dataset, Carkas is described as one of the seven eunuchs who served in the presence of King Ahasuerus (EST 1:10). Recorded as male."
Carshena_1,Carshena,,one of the seven princes of Persia and Media (EST 1:14),male,,"In this dataset, Carshena is described as one of the seven princes of Persia and Media (EST 1:14). Recorded as male.",1,2550,"In this dataset, Carshena is described as one of the seven princes of Persia and Media (EST 1:14). Recorded as male."
Shethar_1,Shethar,,one of the seven princes of Persia and Media (EST 1:14),male,,"In this dataset, Shethar is described as one of the seven princes of Persia and Media (EST 1:14). Recorded as male.",1,2551,"In this dataset, Shethar is described as one of the seven princes of Persia and Media (EST 1:14). Recorded as male."
Admatha_1,Admatha,,one of the seven princes of Persia and Media (EST 1:14),male,,"In this dataset, Admatha is described as one of the seven princes of Persia and Media (EST 1:14). Recorded as male.",1,2552,"In this dataset, Admatha is described as one of the seven princes of Persia and Media (EST 1:14). Recorded as male."
Tarshish_3,Tarshish,,one of the seven princes of Persia and Media (EST 1:14),male,,"In this dataset, Tarshish is described as one of the seven princes of Persia and Media (EST 1:14). Recorded as male.",3,2553,"In this dataset, Tarshish is described as one of the seven princes of Persia and Media (EST 1:14). Recorded as male."
Meres_1,Meres,,one of the seven princes of Persia and Media (EST 1:14),male,,"In this dataset, Meres is described as one of the seven princes of Persia and Media (EST 1:14). Recorded as male.",1,2554,"In this dataset, Meres is described as one of the seven princes of Persia and Media (EST 1:14). Recorded as male."
Marsena_1,Marsena,,one of the seven princes of Persia and Media (EST 1:14),male,,"In this dataset, Marsena is described as one of the seven princes of Persia and Media (EST 1:14). Recorded as male.",1,2555,"In this dataset, Marsena is described as one of the seven princes of Persia and Media (EST 1:14). Recorded as male."
Memucan_1,Memucan,,one of the seven princes of Persia and Media (EST 1:14),male,,"In this dataset, Memucan is described as one of the seven princes of Persia and Media (EST 1:14). Recorded as male.",1,2556,"In this dataset, Memucan is described as one of the seven princes of Persia and Media (EST 1:14). Recorded as male."
Hegai_1,Hegai,,the king's eunuch (EST 2:3),male,,"In this dataset, Hegai is described as the king's eunuch (EST 2:3). Recorded as male.",1,2557,"In this dataset, Hegai is described as the king's eunuch (EST 2:3). Recorded as male."
Mordecai_2,Mordecai,,a Jew who lived in Susa (EST 2:5),male,,"In this dataset, Mordecai is described as a Jew who lived in Susa (EST 2:5). Recorded as male.",2,2558,"In this dataset, Mordecai is described as a Jew who lived in Susa (EST 2:5). Recorded as male."
Jair_3,Jair,,father of Mordecai (EST 2:5),male,,"In this dataset, Jair is described as father of Mordecai (EST 2:5). Recorded as male.",3,2559,"In this dataset, Jair is described as father of Mordecai (EST 2:5). Recorded as male."
Shimei_17,Shimei,,father of Jair (EST 2:5),male,,"In this dataset, Shimei is described as father of Jair (EST 2:5). Recorded as male.",17,2560,"In this dataset, Shimei is described as father of Jair (EST 2:5). Recorded as male."
Kish_4,Kish,,"a Benjamite, father (ancestor?) of Shimei (EST 2:5)",male,,"In this dataset, Kish is described as a Benjamite, father (ancestor?) of Shimei (EST 2:5). Recorded as male.",4,2561,"In this dataset, Kish is described as a Benjamite, father (ancestor?) of Shimei (EST 2:5). Recorded as male."
Hadassah_1,Hadassah,,cousin of Mordecai (EST 2:7),female,,"In this dataset, Hadassah is described as cousin of Mordecai (EST 2:7). Recorded as female.",1,2562,"In this dataset, Hadassah is described as cousin of Mordecai (EST 2:7). Recorded as female."
Shaashgaz_1,Shaashgaz,,king's eunuch in charge of the concubines (EST 2:14),male,,"In this dataset, Shaashgaz is described as king's eunuch in charge of the concubines (EST 2:14). Recorded as male.",1,2563,"In this dataset, Shaashgaz is described as king's eunuch in charge of the concubines (EST 2:14). Recorded as male."
Abihail_5,Abihail,,Esther's father and Mordecai's uncle (EST 2:15),male,,"In this dataset, Abihail is described as Esther's father and Mordecai's uncle (EST 2:15). Recorded as male.",5,2564,"In this dataset, Abihail is described as Esther's father and Mordecai's uncle (EST 2:15). Recorded as male."
Bigthan_1,Bigthan,,plotted against Ahasuerus (EST 2:21),male,,"In this dataset, Bigthan is described as plotted against Ahasuerus (EST 2:21). Recorded as male.",1,2565,"In this dataset, Bigthan is described as plotted against Ahasuerus (EST 2:21). Recorded as male."
Teresh_1,Teresh,,plotted against Ahasuerus (EST 2:21),male,,"In this dataset, Teresh is described as plotted against Ahasuerus (EST 2:21). Recorded as male.",1,2566,"In this dataset, Teresh is described as plotted against Ahasuerus (EST 2:21). Recorded as male."
Haman_1,Haman,,son of Hammedatha the Agagite (EST 3:1),male,,"In this dataset, Haman is described as son of Hammedatha the Agagite (EST 3:1). Recorded as male.",1,2567,"In this dataset, Haman is described as son of Hammedatha the Agagite (EST 3:1). Recorded as male."
Hammedatha_1,Hammedatha,,the Agagite (EST 3:1),male,,"In this dataset, Hammedatha is described as the Agagite (EST 3:1). Recorded as male.",1,2568,"In this dataset, Hammedatha is described as the Agagite (EST 3:1). Recorded as male."
Hathach_1,Hathach,,king's eunuch appointed to attend Esther (EST 4:5),male,,"In this dataset, Hathach is described as king's eunuch appointed to attend Esther (EST 4:5). Recorded as male.",1,2569,"In this dataset, Hathach is described as king's eunuch appointed to attend Esther (EST 4:5). Recorded as male."
Zeresh_1,Zeresh,,wife of Haman (EST 5:10),female,,"In this dataset, Zeresh is described as wife of Haman (EST 5:10). Recorded as female.",1,2570,"In this dataset, Zeresh is described as wife of Haman (EST 5:10). Recorded as female."
Parshandatha_1,Parshandatha,,son of Haman (EST 9:7),male,,"In this dataset, Parshandatha is described as son of Haman (EST 9:7). Recorded as male.",1,2571,"In this dataset, Parshandatha is described as son of Haman (EST 9:7). Recorded as male."
Dalphon_1,Dalphon,,son of Haman (EST 9:7),male,,"In this dataset, Dalphon is described as son of Haman (EST 9:7). Recorded as male.",1,2572,"In this dataset, Dalphon is described as son of Haman (EST 9:7). Recorded as male."
Aspatha_1,Aspatha,,son of Haman (EST 9:7),male,,"In this dataset, Aspatha is described as son of Haman (EST 9:7). Recorded as male.",1,2573,"In this dataset, Aspatha is described as son of Haman (EST 9:7). Recorded as male."
Poratha_1,Poratha,,son of Haman (EST 9:8),male,,"In this dataset, Poratha is described as son of Haman (EST 9:8). Recorded as male.",1,2574,"In this dataset, Poratha is described as son of Haman (EST 9:8). Recorded as male."
Adalia_1,Adalia,,son of Haman (EST 9:8),male,,"In this dataset, Adalia is described as son of Haman (EST 9:8). Recorded as male.",1,2575,"In this dataset, Adalia is described as son of Haman (EST 9:8). Recorded as male."
Aridatha_1,Aridatha,,son of Haman (EST 9:8),male,,"In this dataset, Aridatha is described as son of Haman (EST 9:8). Recorded as male.",1,2576,"In this dataset, Aridatha is described as son of Haman (EST 9:8). Recorded as male."
Parmashta_1,Parmashta,,son of Haman (EST 9:9),male,,"In this dataset, Parmashta is described as son of Haman (EST 9:9). Recorded as male.",1,2577,"In this dataset, Parmashta is described as son of Haman (EST 9:9). Recorded as male."
Arisai_1,Arisai,,son of Haman (EST 9:9),male,,"In this dataset, Arisai is described as son of Haman (EST 9:9). Recorded as male.",1,2578,"In this dataset, Arisai is described as son of Haman (EST 9:9). Recorded as male."
Aridai_1,Aridai,,son of Haman (EST 9:9),male,,"In this dataset, Aridai is described as son of Haman (EST 9:9). Recorded as male.",1,2579,"In this dataset, Aridai is described as son of Haman (EST 9:9). Recorded as male."
Vaizatha_1,Vaizatha,,son of Haman (EST 9:9),male,,"In this dataset, Vaizatha is described as son of Haman (EST 9:9). Recorded as male.",1,2580,"In this dataset, Vaizatha is described as son of Haman (EST 9:9). Recorded as male."
Job_1,Job,,"a blameless, upright, G-d fearing man in the land of Uz (JOB 1:1)",male,,"In this dataset, Job is described as a blameless, upright, G-d fearing man in the land of Uz (JOB 1:1). Recorded as male.",1,2581,"In this dataset, Job is described as a blameless, upright, G-d fearing man in the land of Uz (JOB 1:1). Recorded as male."
Eliphaz_2,Eliphaz,,"the Temanite, friend of Job (JOB 2:11)",male,,"In this dataset, Eliphaz is described as the Temanite, friend of Job (JOB 2:11). Recorded as male.",2,2582,"In this dataset, Eliphaz is described as the Temanite, friend of Job (JOB 2:11). Recorded as male."
Bildad_1,Bildad,,"the Shuhite, friend of Job (JOB 2:11)",male,,"In this dataset, Bildad is described as the Shuhite, friend of Job (JOB 2:11). Recorded as male.",1,2583,"In this dataset, Bildad is described as the Shuhite, friend of Job (JOB 2:11). Recorded as male."
Zophar_1,Zophar,,"the Naamathite, friend of Job (JOB 2:11)",male,,"In this dataset, Zophar is described as the Naamathite, friend of Job (JOB 2:11). Recorded as male.",1,2584,"In this dataset, Zophar is described as the Naamathite, friend of Job (JOB 2:11). Recorded as male."
Elihu_5,Elihu,,"son of Barachel, who spoke to Job (JOB 32:2)",male,,"In this dataset, Elihu is described as son of Barachel, who spoke to Job (JOB 32:2). Recorded as male.",5,2585,"In this dataset, Elihu is described as son of Barachel, who spoke to Job (JOB 32:2). Recorded as male."
Barachel_1,Barachel,,"the Buzite, of the family of Ram (JOB 32:2)",male,,"In this dataset, Barachel is described as the Buzite, of the family of Ram (JOB 32:2). Recorded as male.",1,2586,"In this dataset, Barachel is described as the Buzite, of the family of Ram (JOB 32:2). Recorded as male."
Ram_3,Ram,,ancestor of Barachel (JOB 32:2),male,,"In this dataset, Ram is described as ancestor of Barachel (JOB 32:2). Recorded as male.",3,2587,"In this dataset, Ram is described as ancestor of Barachel (JOB 32:2). Recorded as male."
Jemimah_1,Jemimah,,daughter of Job (JOB 42:14),female,,"In this dataset, Jemimah is described as daughter of Job (JOB 42:14). Recorded as female.",1,2588,"In this dataset, Jemimah is described as daughter of Job (JOB 42:14). Recorded as female."
Keziah_1,Keziah,,daughter of Job (JOB 42:14),female,,"In this dataset, Keziah is described as daughter of Job (JOB 42:14). Recorded as female.",1,2589,"In this dataset, Keziah is described as daughter of Job (JOB 42:14). Recorded as female."
Keren-happuch_1,Keren-happuch,,daughter of Job (JOB 42:14),female,,"In this dataset, Keren-happuch is described as daughter of Job (JOB 42:14). Recorded as female.",1,2590,"In this dataset, Keren-happuch is described as daughter of Job (JOB 42:14). Recorded as female."
Cush_2,Cush,,a Benjamite (Psalm 7:0),male,,"In this dataset, Cush is described as a Benjamite (Psalm 7:0). Recorded as male.",2,2591,"In this dataset, Cush is described as a Benjamite (Psalm 7:0). Recorded as male."
Agur_1,Agur,,"son of Jakeh, the oracle (PRO 30:1)",male,,"In this dataset, Agur is described as son of Jakeh, the oracle (PRO 30:1). Recorded as male.",1,2592,"In this dataset, Agur is described as son of Jakeh, the oracle (PRO 30:1). Recorded as male."
Jakeh_1,Jakeh,,father of Agur (PRO 30:1),male,,"In this dataset, Jakeh is described as father of Agur (PRO 30:1). Recorded as male.",1,2593,"In this dataset, Jakeh is described as father of Agur (PRO 30:1). Recorded as male."
Ithiel_2,Ithiel,,audience of Agur (PRO 30:1),male,,"In this dataset, Ithiel is described as audience of Agur (PRO 30:1). Recorded as male.",2,2594,"In this dataset, Ithiel is described as audience of Agur (PRO 30:1). Recorded as male."
Ucal_1,Ucal,,audience of Agur (PRO 30:1),male,,"In this dataset, Ucal is described as audience of Agur (PRO 30:1). Recorded as male.",1,2595,"In this dataset, Ucal is described as audience of Agur (PRO 30:1). Recorded as male."
Lemuel_1,Lemuel,,king quoted in Proverbs 31 (PRO 31:1),male,,"In this dataset, Lemuel is described as king quoted in Proverbs 31 (PRO 31:1). Recorded as male.",1,2596,"In this dataset, Lemuel is described as king quoted in Proverbs 31 (PRO 31:1). Recorded as male."
Shear-jashub_1,Shear-jashub,,son of Isaiah (ISA 7:3),male,,"In this dataset, Shear-jashub is described as son of Isaiah (ISA 7:3). Recorded as male.",1,2597,"In this dataset, Shear-jashub is described as son of Isaiah (ISA 7:3). Recorded as male."
Tabeel_2,Tabeel,,enemies wanted to set his son over Judah as king,male,,"In this dataset, Tabeel is described as enemies wanted to set his son over Judah as king. Recorded as male.",2,2598,"In this dataset, Tabeel is described as enemies wanted to set his son over Judah as king. Recorded as male."
Immanuel_1,Immanuel,,the son of Isaiah (ISA 8:2) given as a sign by G-d to Ahaz (ISA 7:14),male,,"In this dataset, Immanuel is described as the son of Isaiah (ISA 8:2) given as a sign by G-d to Ahaz (ISA 7:14). Recorded as male.",1,2599,"In this dataset, Immanuel is described as the son of Isaiah (ISA 8:2) given as a sign by G-d to Ahaz (ISA 7:14). Recorded as male."
Zechariah_23,Zechariah,,son of Jeberechiah who witnessed Isaiah's naming of his son (ISA 8:2),male,,"In this dataset, Zechariah is described as son of Jeberechiah who witnessed Isaiah's naming of his son (ISA 8:2). Recorded as male.",23,2600,"In this dataset, Zechariah is described as son of Jeberechiah who witnessed Isaiah's naming of his son (ISA 8:2). Recorded as male."
Jeberechiah_1,Jeberechiah,,father of Zechariah (ISA 8:2),male,,"In this dataset, Jeberechiah is described as father of Zechariah (ISA 8:2). Recorded as male.",1,2601,"In this dataset, Jeberechiah is described as father of Zechariah (ISA 8:2). Recorded as male."
Pharaoh_7,Pharaoh,,Pharaoh of Isaiah's day (ISA 19:11),male,,"In this dataset, Pharaoh is described as Pharaoh of Isaiah's day (ISA 19:11). Recorded as male.",7,2602,"In this dataset, Pharaoh is described as Pharaoh of Isaiah's day (ISA 19:11). Recorded as male."
Sargon_1,Sargon,,king of Assyria (ISA 20:1),male,,"In this dataset, Sargon is described as king of Assyria (ISA 20:1). Recorded as male.",1,2603,"In this dataset, Sargon is described as king of Assyria (ISA 20:1). Recorded as male."
Pashhur_2,Pashhur,,"son (descendant?) of Immer, chief officer in the Temple (JER 20:1)",male,,"In this dataset, Pashhur is described as son (descendant?) of Immer, chief officer in the Temple (JER 20:1). Recorded as male.",2,2604,"In this dataset, Pashhur is described as son (descendant?) of Immer, chief officer in the Temple (JER 20:1). Recorded as male."
Zephaniah_2,Zephaniah,,"the priest, son of Maaseiah (JER 21:1)",male,Levi,"In this dataset, Zephaniah is described as the priest, son of Maaseiah (JER 21:1). Recorded as male; listed with tribe: Levi.",2,2605,"In this dataset, Zephaniah is described as the priest, son of Maaseiah (JER 21:1). Recorded as male; listed with tribe: Levi."
Maaseiah_14,Maaseiah,,father of Zephaniah (JER 21:1),male,,"In this dataset, Maaseiah is described as father of Zephaniah (JER 21:1). Recorded as male.",14,2606,"In this dataset, Maaseiah is described as father of Zephaniah (JER 21:1). Recorded as male."
Pharaoh_8,Pharaoh,,Pharaoh of Jeremiah's day (JER 25:19),male,,"In this dataset, Pharaoh is described as Pharaoh of Jeremiah's day (JER 25:19). Recorded as male.",8,2607,"In this dataset, Pharaoh is described as Pharaoh of Jeremiah's day (JER 25:19). Recorded as male."
Micah_4,Micah,,of Moresheth (JER 26:18) authored the book of Micah (MIC 1:1),male,,"In this dataset, Micah is described as of Moresheth (JER 26:18) authored the book of Micah (MIC 1:1). Recorded as male.",4,2608,"In this dataset, Micah is described as of Moresheth (JER 26:18) authored the book of Micah (MIC 1:1). Recorded as male."
Uriah_4,Uriah,,prophesied in the name of the LORD (JER 26:20),male,,"In this dataset, Uriah is described as prophesied in the name of the LORD (JER 26:20). Recorded as male.",4,2609,"In this dataset, Uriah is described as prophesied in the name of the LORD (JER 26:20). Recorded as male."
Shemaiah_20,Shemaiah,,"father of Uriah, from Kiriath-jearim (JER 26:20)",male,,"In this dataset, Shemaiah is described as father of Uriah, from Kiriath-jearim (JER 26:20). Recorded as male.",20,2610,"In this dataset, Shemaiah is described as father of Uriah, from Kiriath-jearim (JER 26:20). Recorded as male."
King of Edom_3,King of Edom,,king during the reign of Zedekiah (JER 27:3),male,,"In this dataset, King of Edom is described as king during the reign of Zedekiah (JER 27:3). Recorded as male.",3,2611,"In this dataset, King of Edom is described as king during the reign of Zedekiah (JER 27:3). Recorded as male."
King of Moab_3,King of Moab,,king during the reign of Zedekiah (JER 27:3),male,,"In this dataset, King of Moab is described as king during the reign of Zedekiah (JER 27:3). Recorded as male.",3,2612,"In this dataset, King of Moab is described as king during the reign of Zedekiah (JER 27:3). Recorded as male."
King of the sons of Ammon_2,King of the sons of Ammon,,king during the reign of Zedekiah (JER 27:3),male,,"In this dataset, King of the sons of Ammon is described as king during the reign of Zedekiah (JER 27:3). Recorded as male.",2,2613,"In this dataset, King of the sons of Ammon is described as king during the reign of Zedekiah (JER 27:3). Recorded as male."
King of Tyre_1,King of Tyre,,king during the reign of Zedekiah (JER 27:3),male,,"In this dataset, King of Tyre is described as king during the reign of Zedekiah (JER 27:3). Recorded as male.",1,2614,"In this dataset, King of Tyre is described as king during the reign of Zedekiah (JER 27:3). Recorded as male."
King of Sidon_1,King of Sidon,,king during the reign of Zedekiah (JER 27:3),male,,"In this dataset, King of Sidon is described as king during the reign of Zedekiah (JER 27:3). Recorded as male.",1,2615,"In this dataset, King of Sidon is described as king during the reign of Zedekiah (JER 27:3). Recorded as male."
Hananiah_10,Hananiah,,"the [false] prophet, son of Azzur (JER 28:1)",male,,"In this dataset, Hananiah is described as the [false] prophet, son of Azzur (JER 28:1). Recorded as male.",10,2616,"In this dataset, Hananiah is described as the [false] prophet, son of Azzur (JER 28:1). Recorded as male."
Azzur_2,Azzur,,father of Hananiah (JER 28:1),male,,"In this dataset, Azzur is described as father of Hananiah (JER 28:1). Recorded as male.",2,2617,"In this dataset, Azzur is described as father of Hananiah (JER 28:1). Recorded as male."
Elasah_2,Elasah,,son of Shaphan (JER 29:3),male,,"In this dataset, Elasah is described as son of Shaphan (JER 29:3). Recorded as male.",2,2618,"In this dataset, Elasah is described as son of Shaphan (JER 29:3). Recorded as male."
Shaphan_2,Shaphan,,father of Elasah (JER 29:3),male,,"In this dataset, Shaphan is described as father of Elasah (JER 29:3). Recorded as male.",2,2619,"In this dataset, Shaphan is described as father of Elasah (JER 29:3). Recorded as male."
Gemariah_1,Gemariah,,son of Hilkiah_3 (JER 29:3),male,,"In this dataset, Gemariah is described as son of Hilkiah_3 (JER 29:3). Recorded as male.",1,2620,"In this dataset, Gemariah is described as son of Hilkiah_3 (JER 29:3). Recorded as male."
Ahab_2,Ahab,,prophesied falsely (JER 29:21),male,,"In this dataset, Ahab is described as prophesied falsely (JER 29:21). Recorded as male.",2,2621,"In this dataset, Ahab is described as prophesied falsely (JER 29:21). Recorded as male."
Kolaiah_2,Kolaiah,,father of Ahab_2 (JER 29:21),male,,"In this dataset, Kolaiah is described as father of Ahab_2 (JER 29:21). Recorded as male.",2,2622,"In this dataset, Kolaiah is described as father of Ahab_2 (JER 29:21). Recorded as male."
Zedekiah_4,Zedekiah,,"prophesied falsely, son of Maaseiah_6 (JER 29:21)",male,,"In this dataset, Zedekiah is described as prophesied falsely, son of Maaseiah_6 (JER 29:21). Recorded as male.",4,2623,"In this dataset, Zedekiah is described as prophesied falsely, son of Maaseiah_6 (JER 29:21). Recorded as male."
Shemaiah_21,Shemaiah,,the Nehelamite (JER 29:24) who prophesied a lie (JER 29:31),male,Levi,"In this dataset, Shemaiah is described as the Nehelamite (JER 29:24) who prophesied a lie (JER 29:31). Recorded as male; listed with tribe: Levi.",21,2624,"In this dataset, Shemaiah is described as the Nehelamite (JER 29:24) who prophesied a lie (JER 29:31). Recorded as male; listed with tribe: Levi."
Jehoiada_3,Jehoiada,,the priest replaced by Shemaiah the Nehelamite (JER 29:26),male,Levi,"In this dataset, Jehoiada is described as the priest replaced by Shemaiah the Nehelamite (JER 29:26). Recorded as male; listed with tribe: Levi.",3,2625,"In this dataset, Jehoiada is described as the priest replaced by Shemaiah the Nehelamite (JER 29:26). Recorded as male; listed with tribe: Levi."
Hanamel_1,Hanamel,,"son of Shallum (JER 32:7), Jeremiah's cousin",male,,"In this dataset, Hanamel is described as son of Shallum (JER 32:7), Jeremiah's cousin. Recorded as male.",1,2626,"In this dataset, Hanamel is described as son of Shallum (JER 32:7), Jeremiah's cousin. Recorded as male."
Shallum_13,Shallum,,"father of Hanamel (JER 32:7), Jeremiah's uncle",male,,"In this dataset, Shallum is described as father of Hanamel (JER 32:7), Jeremiah's uncle. Recorded as male.",13,2627,"In this dataset, Shallum is described as father of Hanamel (JER 32:7), Jeremiah's uncle. Recorded as male."
Baruch_4,Baruch,,scribe and friend (?) of Jeremiah (JER 32:12),male,,"In this dataset, Baruch is described as scribe and friend (?) of Jeremiah (JER 32:12). Recorded as male.",4,2628,"In this dataset, Baruch is described as scribe and friend (?) of Jeremiah (JER 32:12). Recorded as male."
Neriah_1,Neriah,,father of Baruch (JER 32:12),male,,"In this dataset, Neriah is described as father of Baruch (JER 32:12). Recorded as male.",1,2629,"In this dataset, Neriah is described as father of Baruch (JER 32:12). Recorded as male."
Mahseiah_1,Mahseiah,,father of Neriah (JER 32:12),male,,"In this dataset, Mahseiah is described as father of Neriah (JER 32:12). Recorded as male.",1,2630,"In this dataset, Mahseiah is described as father of Neriah (JER 32:12). Recorded as male."
Jaazaniah_2,Jaazaniah,,"son of Jeremiah, the Rechabite (JER 35:3)",male,,"In this dataset, Jaazaniah is described as son of Jeremiah, the Rechabite (JER 35:3). Recorded as male.",2,2631,"In this dataset, Jaazaniah is described as son of Jeremiah, the Rechabite (JER 35:3). Recorded as male."
Jeremiah_8,Jeremiah,,"son of Habazziniah, the Rechabite (JER 35:3)",male,,"In this dataset, Jeremiah is described as son of Habazziniah, the Rechabite (JER 35:3). Recorded as male.",8,2632,"In this dataset, Jeremiah is described as son of Habazziniah, the Rechabite (JER 35:3). Recorded as male."
Habazziniah_1,Habazziniah,,the Rechabite (JER 35:3),male,,"In this dataset, Habazziniah is described as the Rechabite (JER 35:3). Recorded as male.",1,2633,"In this dataset, Habazziniah is described as the Rechabite (JER 35:3). Recorded as male."
Hanan_8,Hanan,,had a chamber in the Temple (JER 35:4),male,,"In this dataset, Hanan is described as had a chamber in the Temple (JER 35:4). Recorded as male.",8,2634,"In this dataset, Hanan is described as had a chamber in the Temple (JER 35:4). Recorded as male."
Igdaliah_1,Igdaliah,,"the man of G-d, father of Hanan (JER 35:4)",male,,"In this dataset, Igdaliah is described as the man of G-d, father of Hanan (JER 35:4). Recorded as male.",1,2635,"In this dataset, Igdaliah is described as the man of G-d, father of Hanan (JER 35:4). Recorded as male."
Gemariah_2,Gemariah,,son of Shaphan_1 the scribe (JER 36:10),male,,"In this dataset, Gemariah is described as son of Shaphan_1 the scribe (JER 36:10). Recorded as male.",2,2636,"In this dataset, Gemariah is described as son of Shaphan_1 the scribe (JER 36:10). Recorded as male."
Micaiah_6,Micaiah,,son of Gemariah_2 (JER 36:10),male,,"In this dataset, Micaiah is described as son of Gemariah_2 (JER 36:10). Recorded as male.",6,2637,"In this dataset, Micaiah is described as son of Gemariah_2 (JER 36:10). Recorded as male."
Elishama_6,Elishama,,"the scribe, an official (JER 36:12)",male,,"In this dataset, Elishama is described as the scribe, an official (JER 36:12). Recorded as male.",6,2638,"In this dataset, Elishama is described as the scribe, an official (JER 36:12). Recorded as male."
Delaiah_5,Delaiah,,"son of Shemaiah_21, an official (JER 36:12)",male,,"In this dataset, Delaiah is described as son of Shemaiah_21, an official (JER 36:12). Recorded as male.",5,2639,"In this dataset, Delaiah is described as son of Shemaiah_21, an official (JER 36:12). Recorded as male."
Zedekiah_5,Zedekiah,,"son of Hananiah_10, an official (JER 36:12)",male,,"In this dataset, Zedekiah is described as son of Hananiah_10, an official (JER 36:12). Recorded as male.",5,2640,"In this dataset, Zedekiah is described as son of Hananiah_10, an official (JER 36:12). Recorded as male."
Jehudi_1,Jehudi,,son of Nethaniah (JER 36:14),male,,"In this dataset, Jehudi is described as son of Nethaniah (JER 36:14). Recorded as male.",1,2641,"In this dataset, Jehudi is described as son of Nethaniah (JER 36:14). Recorded as male."
Nethaniah_4,Nethaniah,,son of Shelemiah (JER 36:14),male,,"In this dataset, Nethaniah is described as son of Shelemiah (JER 36:14). Recorded as male.",4,2642,"In this dataset, Nethaniah is described as son of Shelemiah (JER 36:14). Recorded as male."
Shelemiah_5,Shelemiah,,son of Cushi (JER 36:14),male,,"In this dataset, Shelemiah is described as son of Cushi (JER 36:14). Recorded as male.",5,2643,"In this dataset, Shelemiah is described as son of Cushi (JER 36:14). Recorded as male."
Cushi_1,Cushi,,father of Shelamiah (JER 36:14),male,,"In this dataset, Cushi is described as father of Shelamiah (JER 36:14). Recorded as male.",1,2644,"In this dataset, Cushi is described as father of Shelamiah (JER 36:14). Recorded as male."
Jerahmeel_3,Jerahmeel,,"son of King Jehoiakim (Eliakim_2), sent to sieze Baruch and Jeremiah (JER 36:26)",male,,"In this dataset, Jerahmeel is described as son of King Jehoiakim (Eliakim_2), sent to sieze Baruch and Jeremiah (JER 36:26). Recorded as male.",3,2645,"In this dataset, Jerahmeel is described as son of King Jehoiakim (Eliakim_2), sent to sieze Baruch and Jeremiah (JER 36:26). Recorded as male."
Seraiah_9,Seraiah,,"son of Azriel, sent to sieze Baruch and Jeremiah (JER 36:26)",male,,"In this dataset, Seraiah is described as son of Azriel, sent to sieze Baruch and Jeremiah (JER 36:26). Recorded as male.",9,2646,"In this dataset, Seraiah is described as son of Azriel, sent to sieze Baruch and Jeremiah (JER 36:26). Recorded as male."
Azriel_3,Azriel,,father of Seraiah_9 (JER 36:26),male,,"In this dataset, Azriel is described as father of Seraiah_9 (JER 36:26). Recorded as male.",3,2647,"In this dataset, Azriel is described as father of Seraiah_9 (JER 36:26). Recorded as male."
Shelemiah_6,Shelemiah,,"son of Adbeel, sent to sieze Baruch and Jeremiah (JER 36:26)",male,,"In this dataset, Shelemiah is described as son of Adbeel, sent to sieze Baruch and Jeremiah (JER 36:26). Recorded as male.",6,2648,"In this dataset, Shelemiah is described as son of Adbeel, sent to sieze Baruch and Jeremiah (JER 36:26). Recorded as male."
Abdeel_1,Abdeel,,father of Shelemiah_6 (JER 36:26),male,,"In this dataset, Abdeel is described as father of Shelemiah_6 (JER 36:26). Recorded as male.",1,2649,"In this dataset, Abdeel is described as father of Shelemiah_6 (JER 36:26). Recorded as male."
Jehucal_1,Jehucal,,son of Shelemiah (JER 37:3),male,,"In this dataset, Jehucal is described as son of Shelemiah (JER 37:3). Recorded as male.",1,2650,"In this dataset, Jehucal is described as son of Shelemiah (JER 37:3). Recorded as male."
Irijah_1,Irijah,,a captain of the guard (JER 37:13),male,,"In this dataset, Irijah is described as a captain of the guard (JER 37:13). Recorded as male.",1,2651,"In this dataset, Irijah is described as a captain of the guard (JER 37:13). Recorded as male."
Shelemiah_7,Shelemiah,,father of Irijah (JER 37:13),male,,"In this dataset, Shelemiah is described as father of Irijah (JER 37:13). Recorded as male.",7,2652,"In this dataset, Shelemiah is described as father of Irijah (JER 37:13). Recorded as male."
Hananiah_11,Hananiah,,father of Shelemiah (JER 37:13),male,,"In this dataset, Hananiah is described as father of Shelemiah (JER 37:13). Recorded as male.",11,2653,"In this dataset, Hananiah is described as father of Shelemiah (JER 37:13). Recorded as male."
Jonathan_13,Jonathan,,the scribe in whose house Jeremiah was jailed (JER 37:15),male,,"In this dataset, Jonathan is described as the scribe in whose house Jeremiah was jailed (JER 37:15). Recorded as male.",13,2654,"In this dataset, Jonathan is described as the scribe in whose house Jeremiah was jailed (JER 37:15). Recorded as male."
Shephatiah_8,Shephatiah,,son of Mattan (JER 38:1),male,,"In this dataset, Shephatiah is described as son of Mattan (JER 38:1). Recorded as male.",8,2655,"In this dataset, Shephatiah is described as son of Mattan (JER 38:1). Recorded as male."
Mattan_2,Mattan,,father of Shephatiah (JER 38:1),male,,"In this dataset, Mattan is described as father of Shephatiah (JER 38:1). Recorded as male.",2,2656,"In this dataset, Mattan is described as father of Shephatiah (JER 38:1). Recorded as male."
Gedaliah_4,Gedaliah,,son of Pashhur_1 (JER 38:1),male,,"In this dataset, Gedaliah is described as son of Pashhur_1 (JER 38:1). Recorded as male.",4,2657,"In this dataset, Gedaliah is described as son of Pashhur_1 (JER 38:1). Recorded as male."
Pashhur_3,Pashhur,,father of Gedaliah (JER 38:1),male,,"In this dataset, Pashhur is described as father of Gedaliah (JER 38:1). Recorded as male.",3,2658,"In this dataset, Pashhur is described as father of Gedaliah (JER 38:1). Recorded as male."
Jucal_1,Jucal,,son of Shelemiah (JER 38:1),male,,"In this dataset, Jucal is described as son of Shelemiah (JER 38:1). Recorded as male.",1,2659,"In this dataset, Jucal is described as son of Shelemiah (JER 38:1). Recorded as male."
Shelemiah_8,Shelemiah,,father of Jucal (JER 38:1),male,,"In this dataset, Shelemiah is described as father of Jucal (JER 38:1). Recorded as male.",8,2660,"In this dataset, Shelemiah is described as father of Jucal (JER 38:1). Recorded as male."
Pashhur_4,Pashhur,,son of Malchijah (JER 38:1),male,,"In this dataset, Pashhur is described as son of Malchijah (JER 38:1). Recorded as male.",4,2661,"In this dataset, Pashhur is described as son of Malchijah (JER 38:1). Recorded as male."
Malchijah_10,Malchijah,,father of Pashhur (JER 38:1) and son of King Zedekiah (JER 38:6),male,,"In this dataset, Malchijah is described as father of Pashhur (JER 38:1) and son of King Zedekiah (JER 38:6). Recorded as male.",10,2662,"In this dataset, Malchijah is described as father of Pashhur (JER 38:1) and son of King Zedekiah (JER 38:6). Recorded as male."
Ebed-melech_1,Ebed-melech,,the Ethiopian eunuch who spoke up for Jeremiah (JER 38:7),male,,"In this dataset, Ebed-melech is described as the Ethiopian eunuch who spoke up for Jeremiah (JER 38:7). Recorded as male.",1,2663,"In this dataset, Ebed-melech is described as the Ethiopian eunuch who spoke up for Jeremiah (JER 38:7). Recorded as male."
Nergal-sar-ezer_1,Nergal-sar-ezer,,Babylonian official who sat in the Middle Gate of Jerusalem (JER 39:3),male,,"In this dataset, Nergal-sar-ezer is described as Babylonian official who sat in the Middle Gate of Jerusalem (JER 39:3). Recorded as male.",1,2664,"In this dataset, Nergal-sar-ezer is described as Babylonian official who sat in the Middle Gate of Jerusalem (JER 39:3). Recorded as male."
Samgar-nebu_1,Samgar-nebu,,Babylonian official who sat in the Middle Gate of Jerusalem (JER 39:3),male,,"In this dataset, Samgar-nebu is described as Babylonian official who sat in the Middle Gate of Jerusalem (JER 39:3). Recorded as male.",1,2665,"In this dataset, Samgar-nebu is described as Babylonian official who sat in the Middle Gate of Jerusalem (JER 39:3). Recorded as male."
Sar-sekim_1,Sar-sekim,,the Rab-saris [chief official] (JER 39:3),male,,"In this dataset, Sar-sekim is described as the Rab-saris [chief official] (JER 39:3). Recorded as male.",1,2666,"In this dataset, Sar-sekim is described as the Rab-saris [chief official] (JER 39:3). Recorded as male."
Nergal-sar-ezer_2,Nergal-sar-ezer,,the Rab-mag [high official] (JER 39:3),male,,"In this dataset, Nergal-sar-ezer is described as the Rab-mag [high official] (JER 39:3). Recorded as male.",2,2667,"In this dataset, Nergal-sar-ezer is described as the Rab-mag [high official] (JER 39:3). Recorded as male."
Nebushazban_1,Nebushazban,,the Rab-saris [chief official] (JER 39:13),male,,"In this dataset, Nebushazban is described as the Rab-saris [chief official] (JER 39:13). Recorded as male.",1,2668,"In this dataset, Nebushazban is described as the Rab-saris [chief official] (JER 39:13). Recorded as male."
Jonathan_14,Jonathan,,son of Kareah (JER 40:8),male,,"In this dataset, Jonathan is described as son of Kareah (JER 40:8). Recorded as male.",14,2669,"In this dataset, Jonathan is described as son of Kareah (JER 40:8). Recorded as male."
Ephai_1,Ephai,,the Netophathite (JER 40:8),male,,"In this dataset, Ephai is described as the Netophathite (JER 40:8). Recorded as male.",1,2670,"In this dataset, Ephai is described as the Netophathite (JER 40:8). Recorded as male."
Baalis_1,Baalis,,king of the sons of Ammon (JER 40:14),male,,"In this dataset, Baalis is described as king of the sons of Ammon (JER 40:14). Recorded as male.",1,2671,"In this dataset, Baalis is described as king of the sons of Ammon (JER 40:14). Recorded as male."
Hoshaiah_2,Hoshaiah,,"father of Jezaniah [Jaazaniah_1] (JER 42:1) and a Maacathite (2KI 25:23, JER 40:8)",male,,"In this dataset, Hoshaiah is described as father of Jezaniah [Jaazaniah_1] (JER 42:1) and a Maacathite (2KI 25:23, JER 40:8). Recorded as male.",2,2672,"In this dataset, Hoshaiah is described as father of Jezaniah [Jaazaniah_1] (JER 42:1) and a Maacathite (2KI 25:23, JER 40:8). Recorded as male."
Azariah_17,Azariah,,"son of Hoshaiah, opposed Jeremiah (JER 43:2)",male,,"In this dataset, Azariah is described as son of Hoshaiah, opposed Jeremiah (JER 43:2). Recorded as male.",17,2673,"In this dataset, Azariah is described as son of Hoshaiah, opposed Jeremiah (JER 43:2). Recorded as male."
Amon_3,Amon,,"of Thebes, punished by G-d (JER 46:25)",male,,"In this dataset, Amon is described as of Thebes, punished by G-d (JER 46:25). Recorded as male.",3,2674,"In this dataset, Amon is described as of Thebes, punished by G-d (JER 46:25). Recorded as male."
Seraiah_10,Seraiah,,son of Neriah_1 (JER 51:59),male,,"In this dataset, Seraiah is described as son of Neriah_1 (JER 51:59). Recorded as male.",10,2675,"In this dataset, Seraiah is described as son of Neriah_1 (JER 51:59). Recorded as male."
Ezekiel_1,Ezekiel,,"the priest, son of Buzi (EZK  1:3)",male,Levi,"In this dataset, Ezekiel is described as the priest, son of Buzi (EZK  1:3). Recorded as male; listed with tribe: Levi.",1,2676,"In this dataset, Ezekiel is described as the priest, son of Buzi (EZK  1:3). Recorded as male; listed with tribe: Levi."
Buzi_1,Buzi,,"the priest, father of Ezekiel (EZK  1:3)",male,Levi,"In this dataset, Buzi is described as the priest, father of Ezekiel (EZK  1:3). Recorded as male; listed with tribe: Levi.",1,2677,"In this dataset, Buzi is described as the priest, father of Ezekiel (EZK  1:3). Recorded as male; listed with tribe: Levi."
Jaazaniah_3,Jaazaniah,,son of Shaphan (EZK  8:11),male,,"In this dataset, Jaazaniah is described as son of Shaphan (EZK  8:11). Recorded as male.",3,2678,"In this dataset, Jaazaniah is described as son of Shaphan (EZK  8:11). Recorded as male."
Shaphan_3,Shaphan,,father of Jaazaniah (EZK  8:11),male,,"In this dataset, Shaphan is described as father of Jaazaniah (EZK  8:11). Recorded as male.",3,2679,"In this dataset, Shaphan is described as father of Jaazaniah (EZK  8:11). Recorded as male."
Jaazaniah_4,Jaazaniah,,son of Azzur (EZK  11:1),male,,"In this dataset, Jaazaniah is described as son of Azzur (EZK  11:1). Recorded as male.",4,2680,"In this dataset, Jaazaniah is described as son of Azzur (EZK  11:1). Recorded as male."
Azzur_3,Azzur,,father of Jaazaniah (EZK  11:1),male,,"In this dataset, Azzur is described as father of Jaazaniah (EZK  11:1). Recorded as male.",3,2681,"In this dataset, Azzur is described as father of Jaazaniah (EZK  11:1). Recorded as male."
Pelatiah_4,Pelatiah,,son of Benaiah (EZK  11:1),male,,"In this dataset, Pelatiah is described as son of Benaiah (EZK  11:1). Recorded as male.",4,2682,"In this dataset, Pelatiah is described as son of Benaiah (EZK  11:1). Recorded as male."
Benaiah_11,Benaiah,,father of Pelatiah (EZK  11:1),male,,"In this dataset, Benaiah is described as father of Pelatiah (EZK  11:1). Recorded as male.",11,2683,"In this dataset, Benaiah is described as father of Pelatiah (EZK  11:1). Recorded as male."
Daniel_2,Daniel,,the prophet of the book of Daniel (EZK  14:14),male,,"In this dataset, Daniel is described as the prophet of the book of Daniel (EZK  14:14). Recorded as male.",2,2684,"In this dataset, Daniel is described as the prophet of the book of Daniel (EZK  14:14). Recorded as male."
Gog_2,Gog,,"prince of Rosh, Meshech, and Tubal (EZK  28:2)",male,,"In this dataset, Gog is described as prince of Rosh, Meshech, and Tubal (EZK  28:2). Recorded as male.",2,2685,"In this dataset, Gog is described as prince of Rosh, Meshech, and Tubal (EZK  28:2). Recorded as male."
Ashpenaz_1,Ashpenaz,,the chief of Nebuchadnezzar's officials (DAN 1:3),male,,"In this dataset, Ashpenaz is described as the chief of Nebuchadnezzar's officials (DAN 1:3). Recorded as male.",1,2686,"In this dataset, Ashpenaz is described as the chief of Nebuchadnezzar's officials (DAN 1:3). Recorded as male."
Hananiah_12,Hananiah,,chosen for Nebuchadnezzar's service along with Daniel (DAN 1:6),male,,"In this dataset, Hananiah is described as chosen for Nebuchadnezzar's service along with Daniel (DAN 1:6). Recorded as male.",12,2687,"In this dataset, Hananiah is described as chosen for Nebuchadnezzar's service along with Daniel (DAN 1:6). Recorded as male."
Mishael_3,Mishael,,chosen for Nebuchadnezzar's service along with Daniel (DAN 1:6),male,,"In this dataset, Mishael is described as chosen for Nebuchadnezzar's service along with Daniel (DAN 1:6). Recorded as male.",3,2688,"In this dataset, Mishael is described as chosen for Nebuchadnezzar's service along with Daniel (DAN 1:6). Recorded as male."
Azariah_18,Azariah,,chosen for Nebuchadnezzar's service along with Daniel (DAN 1:6),male,,"In this dataset, Azariah is described as chosen for Nebuchadnezzar's service along with Daniel (DAN 1:6). Recorded as male.",18,2689,"In this dataset, Azariah is described as chosen for Nebuchadnezzar's service along with Daniel (DAN 1:6). Recorded as male."
Arioch_2,Arioch,,captain of Nebuchadnezzar's bodyguard (DAN 2:14),male,,"In this dataset, Arioch is described as captain of Nebuchadnezzar's bodyguard (DAN 2:14). Recorded as male.",2,2690,"In this dataset, Arioch is described as captain of Nebuchadnezzar's bodyguard (DAN 2:14). Recorded as male."
Belshazzar_1,Belshazzar,,"the king of Babylon, son of Nebuchadnezzar (DAN 5:1)",male,,"In this dataset, Belshazzar is described as the king of Babylon, son of Nebuchadnezzar (DAN 5:1). Recorded as male.",1,2691,"In this dataset, Belshazzar is described as the king of Babylon, son of Nebuchadnezzar (DAN 5:1). Recorded as male."
Gabriel_1,Gabriel,,instructed to give Daniel an understanding of a vision (DAN 8:16),male,,"In this dataset, Gabriel is described as instructed to give Daniel an understanding of a vision (DAN 8:16). Recorded as male.",1,2692,"In this dataset, Gabriel is described as instructed to give Daniel an understanding of a vision (DAN 8:16). Recorded as male."
Darius_2,Darius,,"son of Ahaseurus, a Mede (DAN 9:1)",male,,"In this dataset, Darius is described as son of Ahaseurus, a Mede (DAN 9:1). Recorded as male.",2,2693,"In this dataset, Darius is described as son of Ahaseurus, a Mede (DAN 9:1). Recorded as male."
Prince of the Kingdom of Persia_1,Prince of the Kingdom of Persia,,opposed the messenger to Daniel (DAN 10:13),male,,"In this dataset, Prince of the Kingdom of Persia is described as opposed the messenger to Daniel (DAN 10:13). Recorded as male.",1,2694,"In this dataset, Prince of the Kingdom of Persia is described as opposed the messenger to Daniel (DAN 10:13). Recorded as male."
Michael_9,Michael,,one of the chief princes (DAN 10:13),male,,"In this dataset, Michael is described as one of the chief princes (DAN 10:13). Recorded as male.",9,2695,"In this dataset, Michael is described as one of the chief princes (DAN 10:13). Recorded as male."
Prince of Greece_1,Prince of Greece,,was about to arrive after Michael gave his message to Daniel (DAN 10:20),male,,"In this dataset, Prince of Greece is described as was about to arrive after Michael gave his message to Daniel (DAN 10:20). Recorded as male.",1,2696,"In this dataset, Prince of Greece is described as was about to arrive after Michael gave his message to Daniel (DAN 10:20). Recorded as male."
King of the South_1,King of the South,,one of the four kings of Daniel 11 (DAN 11:5),male,,"In this dataset, King of the South is described as one of the four kings of Daniel 11 (DAN 11:5). Recorded as male.",1,2697,"In this dataset, King of the South is described as one of the four kings of Daniel 11 (DAN 11:5). Recorded as male."
daughter of the King of the South_1,daughter of the King of the South,,the daughter of the king of Egypt (DAN 11:6),female,,"In this dataset, daughter of the King of the South is described as the daughter of the king of Egypt (DAN 11:6). Recorded as female.",1,2698,"In this dataset, daughter of the King of the South is described as the daughter of the king of Egypt (DAN 11:6). Recorded as female."
King of the North_1,King of the North,,one of the four kings of Daniel 11 (DAN 11:6),male,,"In this dataset, King of the North is described as one of the four kings of Daniel 11 (DAN 11:6). Recorded as male.",1,2699,"In this dataset, King of the North is described as one of the four kings of Daniel 11 (DAN 11:6). Recorded as male."
a despicable person_1,a despicable person,,leader of the kingdom of the north (DAN 11:21),male,,"In this dataset, a despicable person is described as leader of the kingdom of the north (DAN 11:21). Recorded as male.",1,2700,"In this dataset, a despicable person is described as leader of the kingdom of the north (DAN 11:21). Recorded as male."
Hosea_1,Hosea,,the prophet of the book of Hosea (HOS 1:1),male,,"In this dataset, Hosea is described as the prophet of the book of Hosea (HOS 1:1). Recorded as male.",1,2701,"In this dataset, Hosea is described as the prophet of the book of Hosea (HOS 1:1). Recorded as male."
Beeri_2,Beeri,,father of Hosea (HOS 1:1),male,,"In this dataset, Beeri is described as father of Hosea (HOS 1:1). Recorded as male.",2,2702,"In this dataset, Beeri is described as father of Hosea (HOS 1:1). Recorded as male."
Gomer_2,Gomer,,Hosea's harlotrous wife (HOS 1:3),female,,"In this dataset, Gomer is described as Hosea's harlotrous wife (HOS 1:3). Recorded as female.",2,2703,"In this dataset, Gomer is described as Hosea's harlotrous wife (HOS 1:3). Recorded as female."
Diblaim_1,Diblaim,,father of Gomer (HOS 1:3),male,,"In this dataset, Diblaim is described as father of Gomer (HOS 1:3). Recorded as male.",1,2704,"In this dataset, Diblaim is described as father of Gomer (HOS 1:3). Recorded as male."
Jezreel_2,Jezreel,,son of Hosea and Gomer (HOS 1:4),male,,"In this dataset, Jezreel is described as son of Hosea and Gomer (HOS 1:4). Recorded as male.",2,2705,"In this dataset, Jezreel is described as son of Hosea and Gomer (HOS 1:4). Recorded as male."
Lo-ruhamah_1,Lo-ruhamah,,daughter of Gomer (HOS 1:6),female,,"In this dataset, Lo-ruhamah is described as daughter of Gomer (HOS 1:6). Recorded as female.",1,2706,"In this dataset, Lo-ruhamah is described as daughter of Gomer (HOS 1:6). Recorded as female."
Lo-ammi_1,Lo-ammi,,son of Gomer (HOS 1:8),male,,"In this dataset, Lo-ammi is described as son of Gomer (HOS 1:8). Recorded as male.",1,2707,"In this dataset, Lo-ammi is described as son of Gomer (HOS 1:8). Recorded as male."
King Jareb_1,King Jareb,,mentioned in HOS 5:14,male,,"In this dataset, King Jareb is described as mentioned in HOS 5:14. Recorded as male.",1,2708,"In this dataset, King Jareb is described as mentioned in HOS 5:14. Recorded as male."
Joel_11,Joel,,"the prophet, son of Pethuel (JOL 1:1)",male,,"In this dataset, Joel is described as the prophet, son of Pethuel (JOL 1:1). Recorded as male.",11,2709,"In this dataset, Joel is described as the prophet, son of Pethuel (JOL 1:1). Recorded as male."
Pethuel_1,Pethuel,,father of Joel the prophet (JOL 1:1),male,,"In this dataset, Pethuel is described as father of Joel the prophet (JOL 1:1). Recorded as male.",1,2710,"In this dataset, Pethuel is described as father of Joel the prophet (JOL 1:1). Recorded as male."
Amos_1,Amos,,"the prophet, from among the sheepherders of Tekoa (AMO 1:1)",male,,"In this dataset, Amos is described as the prophet, from among the sheepherders of Tekoa (AMO 1:1). Recorded as male.",1,2711,"In this dataset, Amos is described as the prophet, from among the sheepherders of Tekoa (AMO 1:1). Recorded as male."
Obadiah_12,Obadiah,,the prophet (OBA 1:1),male,,"In this dataset, Obadiah is described as the prophet (OBA 1:1). Recorded as male.",12,2712,"In this dataset, Obadiah is described as the prophet (OBA 1:1). Recorded as male."
King of Nineveh_1,King of Nineveh,,the king of Jonah's account (JON 3:6),male,,"In this dataset, King of Nineveh is described as the king of Jonah's account (JON 3:6). Recorded as male.",1,2713,"In this dataset, King of Nineveh is described as the king of Jonah's account (JON 3:6). Recorded as male."
Nahum_1,Nahum,,"the Elkoshite, prophet of the book of Nahum (NAH 1:1)",male,,"In this dataset, Nahum is described as the Elkoshite, prophet of the book of Nahum (NAH 1:1). Recorded as male.",1,2714,"In this dataset, Nahum is described as the Elkoshite, prophet of the book of Nahum (NAH 1:1). Recorded as male."
Habakkuk_1,Habakkuk,,the prophet (HAB 1:1),male,,"In this dataset, Habakkuk is described as the prophet (HAB 1:1). Recorded as male.",1,2715,"In this dataset, Habakkuk is described as the prophet (HAB 1:1). Recorded as male."
Zephaniah_3,Zephaniah,,"the prophet, the son of Cushi (ZEP 1:1)",male,,"In this dataset, Zephaniah is described as the prophet, the son of Cushi (ZEP 1:1). Recorded as male.",3,2716,"In this dataset, Zephaniah is described as the prophet, the son of Cushi (ZEP 1:1). Recorded as male."
Cushi_2,Cushi,,father of Zephaniah the prophet (ZEP 1:1),male,,"In this dataset, Cushi is described as father of Zephaniah the prophet (ZEP 1:1). Recorded as male.",2,2717,"In this dataset, Cushi is described as father of Zephaniah the prophet (ZEP 1:1). Recorded as male."
Gedaliah_5,Gedaliah,,grandfather of Zephaniah the prophet (ZEP 1:1),male,,"In this dataset, Gedaliah is described as grandfather of Zephaniah the prophet (ZEP 1:1). Recorded as male.",5,2718,"In this dataset, Gedaliah is described as grandfather of Zephaniah the prophet (ZEP 1:1). Recorded as male."
Amariah_8,Amariah,,great-grandfather of Zephaniah the prophet (ZEP 1:1),male,,"In this dataset, Amariah is described as great-grandfather of Zephaniah the prophet (ZEP 1:1). Recorded as male.",8,2719,"In this dataset, Amariah is described as great-grandfather of Zephaniah the prophet (ZEP 1:1). Recorded as male."
Hezekiah_3,Hezekiah,,great-great-grandfather of Zephaniah the prophet (ZEP 1:1),male,,"In this dataset, Hezekiah is described as great-great-grandfather of Zephaniah the prophet (ZEP 1:1). Recorded as male.",3,2720,"In this dataset, Hezekiah is described as great-great-grandfather of Zephaniah the prophet (ZEP 1:1). Recorded as male."
Joshua_4,Joshua,,high priest of Haggai's time (HAG 1:1),male,,"In this dataset, Joshua is described as high priest of Haggai's time (HAG 1:1). Recorded as male.",4,2721,"In this dataset, Joshua is described as high priest of Haggai's time (HAG 1:1). Recorded as male."
Jehozadak_2,Jehozadak,,father of Joshua the high priest (HAG 1:1),male,,"In this dataset, Jehozadak is described as father of Joshua the high priest (HAG 1:1). Recorded as male.",2,2722,"In this dataset, Jehozadak is described as father of Joshua the high priest (HAG 1:1). Recorded as male."
Berechiah_6,Berechiah,,father of Zechariah the prophet (ZEC 1:1),male,,"In this dataset, Berechiah is described as father of Zechariah the prophet (ZEC 1:1). Recorded as male.",6,2723,"In this dataset, Berechiah is described as father of Zechariah the prophet (ZEC 1:1). Recorded as male."
Heldai_2,Heldai,,one of the exiles returned from Babylon (ZEC 6:10),male,,"In this dataset, Heldai is described as one of the exiles returned from Babylon (ZEC 6:10). Recorded as male.",2,2724,"In this dataset, Heldai is described as one of the exiles returned from Babylon (ZEC 6:10). Recorded as male."
Tobijah_2,Tobijah,,one of the exiles returned from Babylon (ZEC 6:10),male,,"In this dataset, Tobijah is described as one of the exiles returned from Babylon (ZEC 6:10). Recorded as male.",2,2725,"In this dataset, Tobijah is described as one of the exiles returned from Babylon (ZEC 6:10). Recorded as male."
Jedaiah_6,Jedaiah,,one of the exiles returned from Babylon (ZEC 6:10),male,,"In this dataset, Jedaiah is described as one of the exiles returned from Babylon (ZEC 6:10). Recorded as male.",6,2726,"In this dataset, Jedaiah is described as one of the exiles returned from Babylon (ZEC 6:10). Recorded as male."
Josiah_2,Josiah,,son of Zephaniah (ZEC 6:10),male,,"In this dataset, Josiah is described as son of Zephaniah (ZEC 6:10). Recorded as male.",2,2727,"In this dataset, Josiah is described as son of Zephaniah (ZEC 6:10). Recorded as male."
Zephaniah_4,Zephaniah,,father of Josiah (ZEC 6:10),male,,"In this dataset, Zephaniah is described as father of Josiah (ZEC 6:10). Recorded as male.",4,2728,"In this dataset, Zephaniah is described as father of Josiah (ZEC 6:10). Recorded as male."
Sharezer_2,Sharezer,,emissary from Bethel seeking the favor of the LORD (ZEC 7:2),male,,"In this dataset, Sharezer is described as emissary from Bethel seeking the favor of the LORD (ZEC 7:2). Recorded as male.",2,2729,"In this dataset, Sharezer is described as emissary from Bethel seeking the favor of the LORD (ZEC 7:2). Recorded as male."
Regemmelech_1,Regemmelech,,emissary from Bethel seeking the favor of the LORD (ZEC 7:2),male,,"In this dataset, Regemmelech is described as emissary from Bethel seeking the favor of the LORD (ZEC 7:2). Recorded as male.",1,2730,"In this dataset, Regemmelech is described as emissary from Bethel seeking the favor of the LORD (ZEC 7:2). Recorded as male."
Malachi_1,Malachi,,the prophet (MAL 1:1),male,,"In this dataset, Malachi is described as the prophet (MAL 1:1). Recorded as male.",1,2731,"In this dataset, Malachi is described as the prophet (MAL 1:1). Recorded as male."
Abihud_2,Abihud,,son of Zerubbabel in the lineage of the Messiah (MAT 1:13),male,Judah,"In this dataset, Abihud is described as son of Zerubbabel in the lineage of the Messiah (MAT 1:13). Recorded as male; listed with tribe: Judah.",2,2732,"In this dataset, Abihud is described as son of Zerubbabel in the lineage of the Messiah (MAT 1:13). Recorded as male; listed with tribe: Judah."
Eliakim_4,Eliakim,,son of Abihud in the lineage of the Messiah (MAT 1:13),male,Judah,"In this dataset, Eliakim is described as son of Abihud in the lineage of the Messiah (MAT 1:13). Recorded as male; listed with tribe: Judah.",4,2733,"In this dataset, Eliakim is described as son of Abihud in the lineage of the Messiah (MAT 1:13). Recorded as male; listed with tribe: Judah."
Azor_1,Azor,,son of Eliakim in the lineage of the Messiah (MAT 1:13),male,Judah,"In this dataset, Azor is described as son of Eliakim in the lineage of the Messiah (MAT 1:13). Recorded as male; listed with tribe: Judah.",1,2734,"In this dataset, Azor is described as son of Eliakim in the lineage of the Messiah (MAT 1:13). Recorded as male; listed with tribe: Judah."
Zadok_7,Zadok,,son of Azor in the lineage of the Messiah (MAT 1:14),male,Judah,"In this dataset, Zadok is described as son of Azor in the lineage of the Messiah (MAT 1:14). Recorded as male; listed with tribe: Judah.",7,2735,"In this dataset, Zadok is described as son of Azor in the lineage of the Messiah (MAT 1:14). Recorded as male; listed with tribe: Judah."
Achim_1,Achim,,son of Zadok in the lineage of the Messiah (MAT 1:14),male,Judah,"In this dataset, Achim is described as son of Zadok in the lineage of the Messiah (MAT 1:14). Recorded as male; listed with tribe: Judah.",1,2736,"In this dataset, Achim is described as son of Zadok in the lineage of the Messiah (MAT 1:14). Recorded as male; listed with tribe: Judah."
Eliud_1,Eliud,,son of Achim in the lineage of the Messiah (MAT 1:14),male,Judah,"In this dataset, Eliud is described as son of Achim in the lineage of the Messiah (MAT 1:14). Recorded as male; listed with tribe: Judah.",1,2737,"In this dataset, Eliud is described as son of Achim in the lineage of the Messiah (MAT 1:14). Recorded as male; listed with tribe: Judah."
Eleazar_9,Eleazar,,son of Eliud in the lineage of the Messiah (MAT 1:15),male,Judah,"In this dataset, Eleazar is described as son of Eliud in the lineage of the Messiah (MAT 1:15). Recorded as male; listed with tribe: Judah.",9,2738,"In this dataset, Eleazar is described as son of Eliud in the lineage of the Messiah (MAT 1:15). Recorded as male; listed with tribe: Judah."
Matthan_1,Matthan,,son of Eleazar in the lineage of the Messiah (MAT 1:15),male,Judah,"In this dataset, Matthan is described as son of Eleazar in the lineage of the Messiah (MAT 1:15). Recorded as male; listed with tribe: Judah.",1,2739,"In this dataset, Matthan is described as son of Eleazar in the lineage of the Messiah (MAT 1:15). Recorded as male; listed with tribe: Judah."
Jacob_2,Jacob,,son of Matthan in the lineage of the Messiah (MAT 1:15),male,Judah,"In this dataset, Jacob is described as son of Matthan in the lineage of the Messiah (MAT 1:15). Recorded as male; listed with tribe: Judah.",2,2740,"In this dataset, Jacob is described as son of Matthan in the lineage of the Messiah (MAT 1:15). Recorded as male; listed with tribe: Judah."
Joseph_6,Joseph,,son of Jacob in the lineage of the Messiah (MAT 1:16),male,Judah,"In this dataset, Joseph is described as son of Jacob in the lineage of the Messiah (MAT 1:16). Recorded as male; listed with tribe: Judah.",6,2741,"In this dataset, Joseph is described as son of Jacob in the lineage of the Messiah (MAT 1:16). Recorded as male; listed with tribe: Judah."
Mary_1,Mary,,"wife of Joseph, and mother of the Messiah (MAT 1:16)",female,,"In this dataset, Mary is described as wife of Joseph, and mother of the Messiah (MAT 1:16). Recorded as female.",1,2742,"In this dataset, Mary is described as wife of Joseph, and mother of the Messiah (MAT 1:16). Recorded as female."
Herod_1,Herod,,the king (MAT 2:1),male,Edom,"In this dataset, Herod is described as the king (MAT 2:1). Recorded as male; listed with tribe: Edom.",1,2743,"In this dataset, Herod is described as the king (MAT 2:1). Recorded as male; listed with tribe: Edom."
Archelaus_1,Archelaus,,son of Herod (MAT 2:22),male,Edom,"In this dataset, Archelaus is described as son of Herod (MAT 2:22). Recorded as male; listed with tribe: Edom.",1,2744,"In this dataset, Archelaus is described as son of Herod (MAT 2:22). Recorded as male; listed with tribe: Edom."
John_1,John,,the baptist (MAT 3:1),male,Levi,"In this dataset, John is described as the baptist (MAT 3:1). Recorded as male; listed with tribe: Levi.",1,2745,"In this dataset, John is described as the baptist (MAT 3:1). Recorded as male; listed with tribe: Levi."
Simon_1,Simon,Barjona,"Peter, brother of Andrew (MAT 4:18)",male,,"In this dataset, Simon Barjona is described as Peter, brother of Andrew (MAT 4:18). Recorded as male.",1,2746,"In this dataset, Simon Barjona is described as Peter, brother of Andrew (MAT 4:18). Recorded as male."
Andrew_1,Andrew,,brother of Simon/Peter (MAT 4:18),male,,"In this dataset, Andrew is described as brother of Simon/Peter (MAT 4:18). Recorded as male.",1,2747,"In this dataset, Andrew is described as brother of Simon/Peter (MAT 4:18). Recorded as male."
James_1,James,,son of Zebedee (MAT 4:21),male,,"In this dataset, James is described as son of Zebedee (MAT 4:21). Recorded as male.",1,2748,"In this dataset, James is described as son of Zebedee (MAT 4:21). Recorded as male."
Zebedee_1,Zebedee,,father of James and John (MAT 4:21),male,,"In this dataset, Zebedee is described as father of James and John (MAT 4:21). Recorded as male.",1,2749,"In this dataset, Zebedee is described as father of James and John (MAT 4:21). Recorded as male."
John_2,John,,son of Zebedee (MAT 4:21),male,,"In this dataset, John is described as son of Zebedee (MAT 4:21). Recorded as male.",2,2750,"In this dataset, John is described as son of Zebedee (MAT 4:21). Recorded as male."
YHVH_2,YHVH,,Heavenly Father (MAT 5:16),male,,"In this dataset, YHVH is described as Heavenly Father (MAT 5:16). Recorded as male.",2,2751,"In this dataset, YHVH is described as Heavenly Father (MAT 5:16). Recorded as male."
Matthew_1,Matthew,,the tax collector (MAT 9:9),male,,"In this dataset, Matthew is described as the tax collector (MAT 9:9). Recorded as male.",1,2752,"In this dataset, Matthew is described as the tax collector (MAT 9:9). Recorded as male."
Daughter_1,Daughter,,daughter of Abraham with an issue of blood for twelve years (MAT 9:22),female,,"In this dataset, Daughter is described as daughter of Abraham with an issue of blood for twelve years (MAT 9:22). Recorded as female.",1,2753,"In this dataset, Daughter is described as daughter of Abraham with an issue of blood for twelve years (MAT 9:22). Recorded as female."
Philip_1,Philip,,disciple of the Messiah (MAT 10:3),male,,"In this dataset, Philip is described as disciple of the Messiah (MAT 10:3). Recorded as male.",1,2754,"In this dataset, Philip is described as disciple of the Messiah (MAT 10:3). Recorded as male."
Bartholomew_1,Bartholomew,,disciple of the Messiah (MAT 10:3),male,,"In this dataset, Bartholomew is described as disciple of the Messiah (MAT 10:3). Recorded as male.",1,2755,"In this dataset, Bartholomew is described as disciple of the Messiah (MAT 10:3). Recorded as male."
Thomas_1,Thomas,,disciple of the Messiah (MAT 10:3),male,,"In this dataset, Thomas is described as disciple of the Messiah (MAT 10:3). Recorded as male.",1,2756,"In this dataset, Thomas is described as disciple of the Messiah (MAT 10:3). Recorded as male."
James_2,James,,disciple of the Messiah (MAT 10:3),male,,"In this dataset, James is described as disciple of the Messiah (MAT 10:3). Recorded as male.",2,2757,"In this dataset, James is described as disciple of the Messiah (MAT 10:3). Recorded as male."
Alphaeus_1,Alphaeus,,father of James the disciple (MAT 10:3),male,,"In this dataset, Alphaeus is described as father of James the disciple (MAT 10:3). Recorded as male.",1,2758,"In this dataset, Alphaeus is described as father of James the disciple (MAT 10:3). Recorded as male."
Thaddaeus_1,Thaddaeus,,disciple of the Messiah (MAT 10:3),male,,"In this dataset, Thaddaeus is described as disciple of the Messiah (MAT 10:3). Recorded as male.",1,2759,"In this dataset, Thaddaeus is described as disciple of the Messiah (MAT 10:3). Recorded as male."
Simon_2,Simon,,"disciple of the Messiah (MAT 10:4), the zealot",male,,"In this dataset, Simon is described as disciple of the Messiah (MAT 10:4), the zealot. Recorded as male.",2,2760,"In this dataset, Simon is described as disciple of the Messiah (MAT 10:4), the zealot. Recorded as male."
Judas_1,Judas,Iscariot,disciple of the Messiah (MAT 10:4) who betrayed Him (MAT 10:4),male,,"In this dataset, Judas Iscariot is described as disciple of the Messiah (MAT 10:4) who betrayed Him (MAT 10:4). Recorded as male.",1,2761,"In this dataset, Judas Iscariot is described as disciple of the Messiah (MAT 10:4) who betrayed Him (MAT 10:4). Recorded as male."
James_3,James,,"""brother"" of Jesus, son of Mary (MAT 13:55)",male,Judah,"In this dataset, James is described as ""brother"" of Jesus, son of Mary (MAT 13:55). Recorded as male; listed with tribe: Judah.",3,2762,"In this dataset, James is described as ""brother"" of Jesus, son of Mary (MAT 13:55). Recorded as male; listed with tribe: Judah."
Joseph_7,Joseph,,"""brother"" of Jesus, son of Mary (MAT 13:55)",male,Judah,"In this dataset, Joseph is described as ""brother"" of Jesus, son of Mary (MAT 13:55). Recorded as male; listed with tribe: Judah.",7,2763,"In this dataset, Joseph is described as ""brother"" of Jesus, son of Mary (MAT 13:55). Recorded as male; listed with tribe: Judah."
Simon_3,Simon,,"""brother"" of Jesus, son of Mary (MAT 13:55)",male,Judah,"In this dataset, Simon is described as ""brother"" of Jesus, son of Mary (MAT 13:55). Recorded as male; listed with tribe: Judah.",3,2764,"In this dataset, Simon is described as ""brother"" of Jesus, son of Mary (MAT 13:55). Recorded as male; listed with tribe: Judah."
Judas_2,Judas,,"""brother"" of Jesus, son of Mary (MAT 13:55)",male,Judah,"In this dataset, Judas is described as ""brother"" of Jesus, son of Mary (MAT 13:55). Recorded as male; listed with tribe: Judah.",2,2765,"In this dataset, Judas is described as ""brother"" of Jesus, son of Mary (MAT 13:55). Recorded as male; listed with tribe: Judah."
Herod_2,Herod,,the tetrarch (MAT 14:1),male,Edom,"In this dataset, Herod is described as the tetrarch (MAT 14:1). Recorded as male; listed with tribe: Edom.",2,2766,"In this dataset, Herod is described as the tetrarch (MAT 14:1). Recorded as male; listed with tribe: Edom."
Herodias_1,Herodias,,wife of Philip (MAT 14:3),female,,"In this dataset, Herodias is described as wife of Philip (MAT 14:3). Recorded as female.",1,2767,"In this dataset, Herodias is described as wife of Philip (MAT 14:3). Recorded as female."
Philip_2,Philip,,brother of Herod (MAT 14:3),male,Edom,"In this dataset, Philip is described as brother of Herod (MAT 14:3). Recorded as male; listed with tribe: Edom.",2,2768,"In this dataset, Philip is described as brother of Herod (MAT 14:3). Recorded as male; listed with tribe: Edom."
Caesar_1,Caesar,,Caesar during Jesus' ministry (MAT 22:17),male,,"In this dataset, Caesar is described as Caesar during Jesus' ministry (MAT 22:17). Recorded as male.",1,2769,"In this dataset, Caesar is described as Caesar during Jesus' ministry (MAT 22:17). Recorded as male."
Caiaphas_1,Caiaphas,,the High Priest at the time of Messiah's last Passover (MAT 26:3),male,Levi,"In this dataset, Caiaphas is described as the High Priest at the time of Messiah's last Passover (MAT 26:3). Recorded as male; listed with tribe: Levi.",1,2770,"In this dataset, Caiaphas is described as the High Priest at the time of Messiah's last Passover (MAT 26:3). Recorded as male; listed with tribe: Levi."
Simon_4,Simon,,the leper (MAT 26:6),male,,"In this dataset, Simon is described as the leper (MAT 26:6). Recorded as male.",4,2771,"In this dataset, Simon is described as the leper (MAT 26:6). Recorded as male."
Pilate_1,Pilate,,the governor of Judea (MAT 27:2),male,,"In this dataset, Pilate is described as the governor of Judea (MAT 27:2). Recorded as male.",1,2772,"In this dataset, Pilate is described as the governor of Judea (MAT 27:2). Recorded as male."
Barabbas_1,Barabbas,,notorious prisoner (MAT 27:16) set free instead of the Messiah,male,,"In this dataset, Barabbas is described as notorious prisoner (MAT 27:16) set free instead of the Messiah. Recorded as male.",1,2773,"In this dataset, Barabbas is described as notorious prisoner (MAT 27:16) set free instead of the Messiah. Recorded as male."
Simon_5,Simon,,man of Cyrene who bore Messiah's cross (MAT 27:32),male,,"In this dataset, Simon is described as man of Cyrene who bore Messiah's cross (MAT 27:32). Recorded as male.",5,2774,"In this dataset, Simon is described as man of Cyrene who bore Messiah's cross (MAT 27:32). Recorded as male."
Mary_2,Mary,Magdalene,one of the women who followed Jesus from the Galilee (MAT 27:56),female,,"In this dataset, Mary Magdalene is described as one of the women who followed Jesus from the Galilee (MAT 27:56). Recorded as female.",2,2775,"In this dataset, Mary Magdalene is described as one of the women who followed Jesus from the Galilee (MAT 27:56). Recorded as female."
Joseph_8,Joseph,,"of Arimethea (MAT 27:57), a member of the (Sanhedrin?) Council (LUK 23:50)",male,,"In this dataset, Joseph is described as of Arimethea (MAT 27:57), a member of the (Sanhedrin?) Council (LUK 23:50). Recorded as male.",8,2776,"In this dataset, Joseph is described as of Arimethea (MAT 27:57), a member of the (Sanhedrin?) Council (LUK 23:50). Recorded as male."
Legion_1,Legion,,the unclean spirit who afflicted the Gerasene man (MRK 5:9),male,,"In this dataset, Legion is described as the unclean spirit who afflicted the Gerasene man (MRK 5:9). Recorded as male.",1,2777,"In this dataset, Legion is described as the unclean spirit who afflicted the Gerasene man (MRK 5:9). Recorded as male."
Jairus_1,Jairus,,synagogue official whose daughter was healed (MRK 5:22),male,,"In this dataset, Jairus is described as synagogue official whose daughter was healed (MRK 5:22). Recorded as male.",1,2778,"In this dataset, Jairus is described as synagogue official whose daughter was healed (MRK 5:22). Recorded as male."
Talitha_1,Talitha,,the daughter of the synagogue official who was healed (MRK 5:41),female,,"In this dataset, Talitha is described as the daughter of the synagogue official who was healed (MRK 5:41). Recorded as female.",1,2779,"In this dataset, Talitha is described as the daughter of the synagogue official who was healed (MRK 5:41). Recorded as female."
Bartimaeus_1,Bartimaeus,,a blind beggar outside in Jericho (MRK 10:46),male,,"In this dataset, Bartimaeus is described as a blind beggar outside in Jericho (MRK 10:46). Recorded as male.",1,2780,"In this dataset, Bartimaeus is described as a blind beggar outside in Jericho (MRK 10:46). Recorded as male."
Timaeus_1,Timaeus,,father of Bartimaeus (MRK 10:46),male,,"In this dataset, Timaeus is described as father of Bartimaeus (MRK 10:46). Recorded as male.",1,2781,"In this dataset, Timaeus is described as father of Bartimaeus (MRK 10:46). Recorded as male."
Alexander_1,Alexander,,son of Simon the Cyrene (MRK 15:21),male,,"In this dataset, Alexander is described as son of Simon the Cyrene (MRK 15:21). Recorded as male.",1,2782,"In this dataset, Alexander is described as son of Simon the Cyrene (MRK 15:21). Recorded as male."
Rufus_1,Rufus,,son of Simon the Cyrene (MRK 15:21),male,,"In this dataset, Rufus is described as son of Simon the Cyrene (MRK 15:21). Recorded as male.",1,2783,"In this dataset, Rufus is described as son of Simon the Cyrene (MRK 15:21). Recorded as male."
Salome_1,Salome,,one of the women who followed Jesus from the Galilee (MRK 15:40),female,,"In this dataset, Salome is described as one of the women who followed Jesus from the Galilee (MRK 15:40). Recorded as female.",1,2784,"In this dataset, Salome is described as one of the women who followed Jesus from the Galilee (MRK 15:40). Recorded as female."
Theophilus_1,Theophilus,,the recipient/audience of Luke's account (LUK 1:3),male,,"In this dataset, Theophilus is described as the recipient/audience of Luke's account (LUK 1:3). Recorded as male.",1,2785,"In this dataset, Theophilus is described as the recipient/audience of Luke's account (LUK 1:3). Recorded as male."
Zacharias_1,Zacharias,,the priest (LUK 1:5) father of John the Baptist,male,Levi,"In this dataset, Zacharias is described as the priest (LUK 1:5) father of John the Baptist. Recorded as male; listed with tribe: Levi.",1,2786,"In this dataset, Zacharias is described as the priest (LUK 1:5) father of John the Baptist. Recorded as male; listed with tribe: Levi."
Elizabeth_1,Elizabeth,,wife of Zacharias (LUK 1:5),female,Levi,"In this dataset, Elizabeth is described as wife of Zacharias (LUK 1:5). Recorded as female; listed with tribe: Levi.",1,2787,"In this dataset, Elizabeth is described as wife of Zacharias (LUK 1:5). Recorded as female; listed with tribe: Levi."
Caesar Augustus_1,Caesar Augustus,,Caesar at the time of Jesus' incarnation (LUK 2:1),male,,"In this dataset, Caesar Augustus is described as Caesar at the time of Jesus' incarnation (LUK 2:1). Recorded as male.",1,2788,"In this dataset, Caesar Augustus is described as Caesar at the time of Jesus' incarnation (LUK 2:1). Recorded as male."
Quirinius_1,Quirinius,,govern of Syria when the census at the time of Jesus' birth occurred (LUK 2:2),male,,"In this dataset, Quirinius is described as govern of Syria when the census at the time of Jesus' birth occurred (LUK 2:2). Recorded as male.",1,2789,"In this dataset, Quirinius is described as govern of Syria when the census at the time of Jesus' birth occurred (LUK 2:2). Recorded as male."
Simeon_2,Simeon,,the righteous and devout man in Jerusalem looking for the consolation of Israel (LUK 2:25),male,,"In this dataset, Simeon is described as the righteous and devout man in Jerusalem looking for the consolation of Israel (LUK 2:25). Recorded as male.",2,2790,"In this dataset, Simeon is described as the righteous and devout man in Jerusalem looking for the consolation of Israel (LUK 2:25). Recorded as male."
Anna_1,Anna,,the prophetess (LUK 2:36),female,Asher,"In this dataset, Anna is described as the prophetess (LUK 2:36). Recorded as female; listed with tribe: Asher.",1,2791,"In this dataset, Anna is described as the prophetess (LUK 2:36). Recorded as female; listed with tribe: Asher."
Phanuel_1,Phanuel,,the father of Anna the prophetess (LUK 2:36),male,Asher,"In this dataset, Phanuel is described as the father of Anna the prophetess (LUK 2:36). Recorded as male; listed with tribe: Asher.",1,2792,"In this dataset, Phanuel is described as the father of Anna the prophetess (LUK 2:36). Recorded as male; listed with tribe: Asher."
Lysanias_1,Lysanias,,the tetrarch of Abilene (LUK 3:1),male,,"In this dataset, Lysanias is described as the tetrarch of Abilene (LUK 3:1). Recorded as male.",1,2793,"In this dataset, Lysanias is described as the tetrarch of Abilene (LUK 3:1). Recorded as male."
Annas_1,Annas,,high priest during John the Baptist's ministry (LUK 3:2),male,Levi,"In this dataset, Annas is described as high priest during John the Baptist's ministry (LUK 3:2). Recorded as male; listed with tribe: Levi.",1,2794,"In this dataset, Annas is described as high priest during John the Baptist's ministry (LUK 3:2). Recorded as male; listed with tribe: Levi."
Eli_2,Eli,,in the lineage of Messiah (LUK 3:23),male,,"In this dataset, Eli is described as in the lineage of Messiah (LUK 3:23). Recorded as male.",2,2795,"In this dataset, Eli is described as in the lineage of Messiah (LUK 3:23). Recorded as male."
Matthat_1,Matthat,,in the lineage of Messiah (LUK 3:24),male,,"In this dataset, Matthat is described as in the lineage of Messiah (LUK 3:24). Recorded as male.",1,2796,"In this dataset, Matthat is described as in the lineage of Messiah (LUK 3:24). Recorded as male."
Levi_2,Levi,,in the lineage of Messiah (LUK 3:24),male,,"In this dataset, Levi is described as in the lineage of Messiah (LUK 3:24). Recorded as male.",2,2797,"In this dataset, Levi is described as in the lineage of Messiah (LUK 3:24). Recorded as male."
Melchi_1,Melchi,,in the lineage of Messiah (LUK 3:24),male,,"In this dataset, Melchi is described as in the lineage of Messiah (LUK 3:24). Recorded as male.",1,2798,"In this dataset, Melchi is described as in the lineage of Messiah (LUK 3:24). Recorded as male."
Jannai_1,Jannai,,in the lineage of Messiah (LUK 3:24),male,,"In this dataset, Jannai is described as in the lineage of Messiah (LUK 3:24). Recorded as male.",1,2799,"In this dataset, Jannai is described as in the lineage of Messiah (LUK 3:24). Recorded as male."
Joseph_9,Joseph,,in the lineage of Messiah (LUK 3:24),male,,"In this dataset, Joseph is described as in the lineage of Messiah (LUK 3:24). Recorded as male.",9,2800,"In this dataset, Joseph is described as in the lineage of Messiah (LUK 3:24). Recorded as male."
Mattathias_1,Mattathias,,in the lineage of Messiah (LUK 3:25),male,,"In this dataset, Mattathias is described as in the lineage of Messiah (LUK 3:25). Recorded as male.",1,2801,"In this dataset, Mattathias is described as in the lineage of Messiah (LUK 3:25). Recorded as male."
Amos_2,Amos,,in the lineage of Messiah (LUK 3:25),male,,"In this dataset, Amos is described as in the lineage of Messiah (LUK 3:25). Recorded as male.",2,2802,"In this dataset, Amos is described as in the lineage of Messiah (LUK 3:25). Recorded as male."
Nahum_2,Nahum,,in the lineage of Messiah (LUK 3:25),male,,"In this dataset, Nahum is described as in the lineage of Messiah (LUK 3:25). Recorded as male.",2,2803,"In this dataset, Nahum is described as in the lineage of Messiah (LUK 3:25). Recorded as male."
Hesli_1,Hesli,,in the lineage of Messiah (LUK 3:25),male,,"In this dataset, Hesli is described as in the lineage of Messiah (LUK 3:25). Recorded as male.",1,2804,"In this dataset, Hesli is described as in the lineage of Messiah (LUK 3:25). Recorded as male."
Naggai_1,Naggai,,in the lineage of Messiah (LUK 3:25),male,,"In this dataset, Naggai is described as in the lineage of Messiah (LUK 3:25). Recorded as male.",1,2805,"In this dataset, Naggai is described as in the lineage of Messiah (LUK 3:25). Recorded as male."
Maath_1,Maath,,in the lineage of Messiah (LUK 3:26),male,,"In this dataset, Maath is described as in the lineage of Messiah (LUK 3:26). Recorded as male.",1,2806,"In this dataset, Maath is described as in the lineage of Messiah (LUK 3:26). Recorded as male."
Mattathias_2,Mattathias,,in the lineage of Messiah (LUK 3:26),male,,"In this dataset, Mattathias is described as in the lineage of Messiah (LUK 3:26). Recorded as male.",2,2807,"In this dataset, Mattathias is described as in the lineage of Messiah (LUK 3:26). Recorded as male."
Semein_1,Semein,,in the lineage of Messiah (LUK 3:26),male,,"In this dataset, Semein is described as in the lineage of Messiah (LUK 3:26). Recorded as male.",1,2808,"In this dataset, Semein is described as in the lineage of Messiah (LUK 3:26). Recorded as male."
Josech_1,Josech,,in the lineage of Messiah (LUK 3:26),male,,"In this dataset, Josech is described as in the lineage of Messiah (LUK 3:26). Recorded as male.",1,2809,"In this dataset, Josech is described as in the lineage of Messiah (LUK 3:26). Recorded as male."
Joda_1,Joda,,in the lineage of Messiah (LUK 3:26),male,,"In this dataset, Joda is described as in the lineage of Messiah (LUK 3:26). Recorded as male.",1,2810,"In this dataset, Joda is described as in the lineage of Messiah (LUK 3:26). Recorded as male."
Joanan_1,Joanan,,in the lineage of Messiah (LUK 3:27),male,,"In this dataset, Joanan is described as in the lineage of Messiah (LUK 3:27). Recorded as male.",1,2811,"In this dataset, Joanan is described as in the lineage of Messiah (LUK 3:27). Recorded as male."
Rhesa_1,Rhesa,,in the lineage of Messiah (LUK 3:27),male,,"In this dataset, Rhesa is described as in the lineage of Messiah (LUK 3:27). Recorded as male.",1,2812,"In this dataset, Rhesa is described as in the lineage of Messiah (LUK 3:27). Recorded as male."
Zerubbabel_3,Zerubbabel,,in the lineage of Messiah (LUK 3:27),male,,"In this dataset, Zerubbabel is described as in the lineage of Messiah (LUK 3:27). Recorded as male.",3,2813,"In this dataset, Zerubbabel is described as in the lineage of Messiah (LUK 3:27). Recorded as male."
Shealtiel_3,Shealtiel,,in the lineage of Messiah (LUK 3:27),male,,"In this dataset, Shealtiel is described as in the lineage of Messiah (LUK 3:27). Recorded as male.",3,2814,"In this dataset, Shealtiel is described as in the lineage of Messiah (LUK 3:27). Recorded as male."
Neri_1,Neri,,in the lineage of Messiah (LUK 3:27),male,,"In this dataset, Neri is described as in the lineage of Messiah (LUK 3:27). Recorded as male.",1,2815,"In this dataset, Neri is described as in the lineage of Messiah (LUK 3:27). Recorded as male."
Melchi_2,Melchi,,in the lineage of Messiah (LUK 3:28),male,,"In this dataset, Melchi is described as in the lineage of Messiah (LUK 3:28). Recorded as male.",2,2816,"In this dataset, Melchi is described as in the lineage of Messiah (LUK 3:28). Recorded as male."
Addi_1,Addi,,in the lineage of Messiah (LUK 3:28),male,,"In this dataset, Addi is described as in the lineage of Messiah (LUK 3:28). Recorded as male.",1,2817,"In this dataset, Addi is described as in the lineage of Messiah (LUK 3:28). Recorded as male."
Cosam_1,Cosam,,in the lineage of Messiah (LUK 3:28),male,,"In this dataset, Cosam is described as in the lineage of Messiah (LUK 3:28). Recorded as male.",1,2818,"In this dataset, Cosam is described as in the lineage of Messiah (LUK 3:28). Recorded as male."
Elmadam_1,Elmadam,,in the lineage of Messiah (LUK 3:28),male,,"In this dataset, Elmadam is described as in the lineage of Messiah (LUK 3:28). Recorded as male.",1,2819,"In this dataset, Elmadam is described as in the lineage of Messiah (LUK 3:28). Recorded as male."
Er_3,Er,,in the lineage of Messiah (LUK 3:28),male,,"In this dataset, Er is described as in the lineage of Messiah (LUK 3:28). Recorded as male.",3,2820,"In this dataset, Er is described as in the lineage of Messiah (LUK 3:28). Recorded as male."
Joshua_5,Joshua,,in the lineage of Messiah (LUK 3:29),male,,"In this dataset, Joshua is described as in the lineage of Messiah (LUK 3:29). Recorded as male.",5,2821,"In this dataset, Joshua is described as in the lineage of Messiah (LUK 3:29). Recorded as male."
Eliezer_9,Eliezer,,in the lineage of Messiah (LUK 3:29),male,,"In this dataset, Eliezer is described as in the lineage of Messiah (LUK 3:29). Recorded as male.",9,2822,"In this dataset, Eliezer is described as in the lineage of Messiah (LUK 3:29). Recorded as male."
Jorim_1,Jorim,,in the lineage of Messiah (LUK 3:29),male,,"In this dataset, Jorim is described as in the lineage of Messiah (LUK 3:29). Recorded as male.",1,2823,"In this dataset, Jorim is described as in the lineage of Messiah (LUK 3:29). Recorded as male."
Matthat_2,Matthat,,in the lineage of Messiah (LUK 3:29),male,,"In this dataset, Matthat is described as in the lineage of Messiah (LUK 3:29). Recorded as male.",2,2824,"In this dataset, Matthat is described as in the lineage of Messiah (LUK 3:29). Recorded as male."
Levi_3,Levi,,in the lineage of Messiah (LUK 3:29),male,,"In this dataset, Levi is described as in the lineage of Messiah (LUK 3:29). Recorded as male.",3,2825,"In this dataset, Levi is described as in the lineage of Messiah (LUK 3:29). Recorded as male."
Simeon_3,Simeon,,in the lineage of Messiah (LUK 3:30),male,,"In this dataset, Simeon is described as in the lineage of Messiah (LUK 3:30). Recorded as male.",3,2826,"In this dataset, Simeon is described as in the lineage of Messiah (LUK 3:30). Recorded as male."
Judah_5,Judah,,in the lineage of Messiah (LUK 3:30),male,,"In this dataset, Judah is described as in the lineage of Messiah (LUK 3:30). Recorded as male.",5,2827,"In this dataset, Judah is described as in the lineage of Messiah (LUK 3:30). Recorded as male."
Joseph_10,Joseph,,in the lineage of Messiah (LUK 3:30),male,,"In this dataset, Joseph is described as in the lineage of Messiah (LUK 3:30). Recorded as male.",10,2828,"In this dataset, Joseph is described as in the lineage of Messiah (LUK 3:30). Recorded as male."
Jonam_1,Jonam,,in the lineage of Messiah (LUK 3:30),male,,"In this dataset, Jonam is described as in the lineage of Messiah (LUK 3:30). Recorded as male.",1,2829,"In this dataset, Jonam is described as in the lineage of Messiah (LUK 3:30). Recorded as male."
Eliakim_5,Eliakim,,in the lineage of Messiah (LUK 3:30),male,,"In this dataset, Eliakim is described as in the lineage of Messiah (LUK 3:30). Recorded as male.",5,2830,"In this dataset, Eliakim is described as in the lineage of Messiah (LUK 3:30). Recorded as male."
Melea_1,Melea,,in the lineage of Messiah (LUK 3:31),male,,"In this dataset, Melea is described as in the lineage of Messiah (LUK 3:31). Recorded as male.",1,2831,"In this dataset, Melea is described as in the lineage of Messiah (LUK 3:31). Recorded as male."
Menna_1,Menna,,in the lineage of Messiah (LUK 3:31),male,,"In this dataset, Menna is described as in the lineage of Messiah (LUK 3:31). Recorded as male.",1,2832,"In this dataset, Menna is described as in the lineage of Messiah (LUK 3:31). Recorded as male."
Mattatha_1,Mattatha,,in the lineage of Messiah (LUK 3:31),male,,"In this dataset, Mattatha is described as in the lineage of Messiah (LUK 3:31). Recorded as male.",1,2833,"In this dataset, Mattatha is described as in the lineage of Messiah (LUK 3:31). Recorded as male."
Admin_1,Admin,,in the lineage of Messiah (LUK 3:31),male,,"In this dataset, Admin is described as in the lineage of Messiah (LUK 3:31). Recorded as male.",1,2834,"In this dataset, Admin is described as in the lineage of Messiah (LUK 3:31). Recorded as male."
Cainan_1,Cainan,,in the lineage of Messiah (LUK 3:36),male,,"In this dataset, Cainan is described as in the lineage of Messiah (LUK 3:36). Recorded as male.",1,2835,"In this dataset, Cainan is described as in the lineage of Messiah (LUK 3:36). Recorded as male."
James_4,James,,the father of Judas (Thaddaeus_1) (LUK 6:16),male,,"In this dataset, James is described as the father of Judas (Thaddaeus_1) (LUK 6:16). Recorded as male.",4,2836,"In this dataset, James is described as the father of Judas (Thaddaeus_1) (LUK 6:16). Recorded as male."
Simon_6,Simon,,the Pharisee (LUK 7:40),male,,"In this dataset, Simon is described as the Pharisee (LUK 7:40). Recorded as male.",6,2837,"In this dataset, Simon is described as the Pharisee (LUK 7:40). Recorded as male."
Joanna_1,Joanna,,wife of Chuza (LUK 8:3),female,,"In this dataset, Joanna is described as wife of Chuza (LUK 8:3). Recorded as female.",1,2838,"In this dataset, Joanna is described as wife of Chuza (LUK 8:3). Recorded as female."
Chuza_1,Chuza,,Herod's steward (LUK 8:3),male,,"In this dataset, Chuza is described as Herod's steward (LUK 8:3). Recorded as male.",1,2839,"In this dataset, Chuza is described as Herod's steward (LUK 8:3). Recorded as male."
Susanna_1,Susanna,,contributed support (LUK 8:3),female,,"In this dataset, Susanna is described as contributed support (LUK 8:3). Recorded as female.",1,2840,"In this dataset, Susanna is described as contributed support (LUK 8:3). Recorded as female."
Martha_1,Martha,,welcomed Christ into her home (LUK 10:38),female,,"In this dataset, Martha is described as welcomed Christ into her home (LUK 10:38). Recorded as female.",1,2841,"In this dataset, Martha is described as welcomed Christ into her home (LUK 10:38). Recorded as female."
Mary_3,Mary,,sister of Martha (LUK 10:39),female,,"In this dataset, Mary is described as sister of Martha (LUK 10:39). Recorded as female.",3,2842,"In this dataset, Mary is described as sister of Martha (LUK 10:39). Recorded as female."
Lazarus_1,Lazarus,,the poor man of the parable (LUK 16:20),male,,"In this dataset, Lazarus is described as the poor man of the parable (LUK 16:20). Recorded as male.",1,2843,"In this dataset, Lazarus is described as the poor man of the parable (LUK 16:20). Recorded as male."
Zaccheus_1,Zaccheus,,chief tax collector (LUK 19:2) of small stature (LUK 19:3),male,,"In this dataset, Zaccheus is described as chief tax collector (LUK 19:2) of small stature (LUK 19:3). Recorded as male.",1,2844,"In this dataset, Zaccheus is described as chief tax collector (LUK 19:2) of small stature (LUK 19:3). Recorded as male."
Cleopas_1,Cleopas,,met Messiah on the road to Emmaus (LUK 24:18),male,,"In this dataset, Cleopas is described as met Messiah on the road to Emmaus (LUK 24:18). Recorded as male.",1,2845,"In this dataset, Cleopas is described as met Messiah on the road to Emmaus (LUK 24:18). Recorded as male."
John_3,John,,the father of Peter and Andrew (JHN 1:42),male,,"In this dataset, John is described as the father of Peter and Andrew (JHN 1:42). Recorded as male.",3,2846,"In this dataset, John is described as the father of Peter and Andrew (JHN 1:42). Recorded as male."
Nicodemus_1,Nicodemus,,a Pharisee and ruler of the Jews (JHN 3:1),male,,"In this dataset, Nicodemus is described as a Pharisee and ruler of the Jews (JHN 3:1). Recorded as male.",1,2847,"In this dataset, Nicodemus is described as a Pharisee and ruler of the Jews (JHN 3:1). Recorded as male."
Simon_7,Simon,Iscariot,father of Judas (JHN 6:71),male,,"In this dataset, Simon Iscariot is described as father of Judas (JHN 6:71). Recorded as male.",7,2848,"In this dataset, Simon Iscariot is described as father of Judas (JHN 6:71). Recorded as male."
Lazarus_2,Lazarus,,brother of Mary and Martha (JHN 11:1) who was resurrected (JHN 11:44),male,,"In this dataset, Lazarus is described as brother of Mary and Martha (JHN 11:1) who was resurrected (JHN 11:44). Recorded as male.",2,2849,"In this dataset, Lazarus is described as brother of Mary and Martha (JHN 11:1) who was resurrected (JHN 11:44). Recorded as male."
Malchus_1,Malchus,,the high priest's slave whose ear Peter cut off (JHN 18:10),male,,"In this dataset, Malchus is described as the high priest's slave whose ear Peter cut off (JHN 18:10). Recorded as male.",1,2850,"In this dataset, Malchus is described as the high priest's slave whose ear Peter cut off (JHN 18:10). Recorded as male."
Mary_4,Mary,,(the wife?) of Clopas (JHN 19:25),female,,"In this dataset, Mary is described as (the wife?) of Clopas (JHN 19:25). Recorded as female.",4,2851,"In this dataset, Mary is described as (the wife?) of Clopas (JHN 19:25). Recorded as female."
Clopas_1,Clopas,,(huband?) of Mary_3 (JHN 19:25),male,,"In this dataset, Clopas is described as (huband?) of Mary_3 (JHN 19:25). Recorded as male.",1,2852,"In this dataset, Clopas is described as (huband?) of Mary_3 (JHN 19:25). Recorded as male."
Joseph_11,Joseph,,candidate to replace Judas Iscariot in the twelve (ACT 1:23),male,,"In this dataset, Joseph is described as candidate to replace Judas Iscariot in the twelve (ACT 1:23). Recorded as male.",11,2853,"In this dataset, Joseph is described as candidate to replace Judas Iscariot in the twelve (ACT 1:23). Recorded as male."
Matthias_1,Matthias,,candidate to replace Judas Iscariot in the twelve (ACT 1:23),male,,"In this dataset, Matthias is described as candidate to replace Judas Iscariot in the twelve (ACT 1:23). Recorded as male.",1,2854,"In this dataset, Matthias is described as candidate to replace Judas Iscariot in the twelve (ACT 1:23). Recorded as male."
John_4,John,,a man of high-priestly descent (ACT 4:6),male,Levi,"In this dataset, John is described as a man of high-priestly descent (ACT 4:6). Recorded as male; listed with tribe: Levi.",4,2855,"In this dataset, John is described as a man of high-priestly descent (ACT 4:6). Recorded as male; listed with tribe: Levi."
Alexander_2,Alexander,,a man of high-priestly descent (ACT 4:6),male,Levi,"In this dataset, Alexander is described as a man of high-priestly descent (ACT 4:6). Recorded as male; listed with tribe: Levi.",2,2856,"In this dataset, Alexander is described as a man of high-priestly descent (ACT 4:6). Recorded as male; listed with tribe: Levi."
Joseph_12,Joseph,,a Levite of Cyprian birth (ACT 4:36),male,Levi,"In this dataset, Joseph is described as a Levite of Cyprian birth (ACT 4:36). Recorded as male; listed with tribe: Levi.",12,2857,"In this dataset, Joseph is described as a Levite of Cyprian birth (ACT 4:36). Recorded as male; listed with tribe: Levi."
Ananias_1,Ananias,,sold property and gave a portion to the apostles (ACT 5:1),male,,"In this dataset, Ananias is described as sold property and gave a portion to the apostles (ACT 5:1). Recorded as male.",1,2858,"In this dataset, Ananias is described as sold property and gave a portion to the apostles (ACT 5:1). Recorded as male."
Sapphira_1,Sapphira,,wife of Ananias (ACT 5:1),female,,"In this dataset, Sapphira is described as wife of Ananias (ACT 5:1). Recorded as female.",1,2859,"In this dataset, Sapphira is described as wife of Ananias (ACT 5:1). Recorded as female."
Gamaliel_2,Gamaliel,,a Pharisee and member of the Council (ACT 5:34),male,,"In this dataset, Gamaliel is described as a Pharisee and member of the Council (ACT 5:34). Recorded as male.",2,2860,"In this dataset, Gamaliel is described as a Pharisee and member of the Council (ACT 5:34). Recorded as male."
Theudas_1,Theudas,,someone who rose up but was killed (ACT 5:36),male,,"In this dataset, Theudas is described as someone who rose up but was killed (ACT 5:36). Recorded as male.",1,2861,"In this dataset, Theudas is described as someone who rose up but was killed (ACT 5:36). Recorded as male."
Judas_3,Judas,,someone who rose up in the days of the census (ACT 5:37),male,,"In this dataset, Judas is described as someone who rose up in the days of the census (ACT 5:37). Recorded as male.",3,2862,"In this dataset, Judas is described as someone who rose up in the days of the census (ACT 5:37). Recorded as male."
Stephen_1,Stephen,,chosen to serve the widows of the Hellenistic Jews (ACT 6:5),male,,"In this dataset, Stephen is described as chosen to serve the widows of the Hellenistic Jews (ACT 6:5). Recorded as male.",1,2863,"In this dataset, Stephen is described as chosen to serve the widows of the Hellenistic Jews (ACT 6:5). Recorded as male."
Philip_3,Philip,,chosen to serve the widows of the Hellenistic Jews (ACT 6:5),male,,"In this dataset, Philip is described as chosen to serve the widows of the Hellenistic Jews (ACT 6:5). Recorded as male.",3,2864,"In this dataset, Philip is described as chosen to serve the widows of the Hellenistic Jews (ACT 6:5). Recorded as male."
Prochorus_1,Prochorus,,chosen to serve the widows of the Hellenistic Jews (ACT 6:5),male,,"In this dataset, Prochorus is described as chosen to serve the widows of the Hellenistic Jews (ACT 6:5). Recorded as male.",1,2865,"In this dataset, Prochorus is described as chosen to serve the widows of the Hellenistic Jews (ACT 6:5). Recorded as male."
Nicanor_1,Nicanor,,chosen to serve the widows of the Hellenistic Jews (ACT 6:5),male,,"In this dataset, Nicanor is described as chosen to serve the widows of the Hellenistic Jews (ACT 6:5). Recorded as male.",1,2866,"In this dataset, Nicanor is described as chosen to serve the widows of the Hellenistic Jews (ACT 6:5). Recorded as male."
Timon_1,Timon,,chosen to serve the widows of the Hellenistic Jews (ACT 6:5),male,,"In this dataset, Timon is described as chosen to serve the widows of the Hellenistic Jews (ACT 6:5). Recorded as male.",1,2867,"In this dataset, Timon is described as chosen to serve the widows of the Hellenistic Jews (ACT 6:5). Recorded as male."
Parmenas_1,Parmenas,,chosen to serve the widows of the Hellenistic Jews (ACT 6:5),male,,"In this dataset, Parmenas is described as chosen to serve the widows of the Hellenistic Jews (ACT 6:5). Recorded as male.",1,2868,"In this dataset, Parmenas is described as chosen to serve the widows of the Hellenistic Jews (ACT 6:5). Recorded as male."
Nicolas_1,Nicolas,,chosen to serve the widows of the Hellenistic Jews (ACT 6:5),male,,"In this dataset, Nicolas is described as chosen to serve the widows of the Hellenistic Jews (ACT 6:5). Recorded as male.",1,2869,"In this dataset, Nicolas is described as chosen to serve the widows of the Hellenistic Jews (ACT 6:5). Recorded as male."
Saul_2,Saul,,"the apostle Paul, at whose feet witnesses to Stephen's death laid their robes (ACT 7:58)",male,,"In this dataset, Saul is described as the apostle Paul, at whose feet witnesses to Stephen's death laid their robes (ACT 7:58). Recorded as male.",2,2870,"In this dataset, Saul is described as the apostle Paul, at whose feet witnesses to Stephen's death laid their robes (ACT 7:58). Recorded as male."
Simon_8,Simon,,the magician (ACT 8:9),male,,"In this dataset, Simon is described as the magician (ACT 8:9). Recorded as male.",8,2871,"In this dataset, Simon is described as the magician (ACT 8:9). Recorded as male."
the Ethiopian eunuch_1,the Ethiopian eunuch,,an official of queen Candace (ACT 8:27),male,,"In this dataset, the Ethiopian eunuch is described as an official of queen Candace (ACT 8:27). Recorded as male.",1,2872,"In this dataset, the Ethiopian eunuch is described as an official of queen Candace (ACT 8:27). Recorded as male."
Candace_1,Candace,,queen of Ethiopia (ACT 8:27),female,,"In this dataset, Candace is described as queen of Ethiopia (ACT 8:27). Recorded as female.",1,2873,"In this dataset, Candace is described as queen of Ethiopia (ACT 8:27). Recorded as female."
Ananias_2,Ananias,,disciple at Damascus who cared for Saul/Paul (ACT 9:10),male,,"In this dataset, Ananias is described as disciple at Damascus who cared for Saul/Paul (ACT 9:10). Recorded as male.",2,2874,"In this dataset, Ananias is described as disciple at Damascus who cared for Saul/Paul (ACT 9:10). Recorded as male."
Judas_4,Judas,,the man at whose house in Damascus Saul/Paul was staying (ACT 9:11),male,,"In this dataset, Judas is described as the man at whose house in Damascus Saul/Paul was staying (ACT 9:11). Recorded as male.",4,2875,"In this dataset, Judas is described as the man at whose house in Damascus Saul/Paul was staying (ACT 9:11). Recorded as male."
Aeneas_1,Aeneas,,"bedridden eight years, paralyzed, and healed by Peter (9:33)",male,,"In this dataset, Aeneas is described as bedridden eight years, paralyzed, and healed by Peter (9:33). Recorded as male.",1,2876,"In this dataset, Aeneas is described as bedridden eight years, paralyzed, and healed by Peter (9:33). Recorded as male."
Tabitha_1,Tabitha,,a disciple who lived in Joppa (ACT 9:36),female,,"In this dataset, Tabitha is described as a disciple who lived in Joppa (ACT 9:36). Recorded as female.",1,2877,"In this dataset, Tabitha is described as a disciple who lived in Joppa (ACT 9:36). Recorded as female."
Simon_9,Simon,,the tanner with whom Peter stayed in Joppa (ACT 9:43),male,,"In this dataset, Simon is described as the tanner with whom Peter stayed in Joppa (ACT 9:43). Recorded as male.",9,2878,"In this dataset, Simon is described as the tanner with whom Peter stayed in Joppa (ACT 9:43). Recorded as male."
Cornelius_1,Cornelius,,a centurion of the Italian cohort in Caesarea (ACT 10:1),male,,"In this dataset, Cornelius is described as a centurion of the Italian cohort in Caesarea (ACT 10:1). Recorded as male.",1,2879,"In this dataset, Cornelius is described as a centurion of the Italian cohort in Caesarea (ACT 10:1). Recorded as male."
Agabus_1,Agabus,,a prophet from Jerusalem (ACT 11:28),male,,"In this dataset, Agabus is described as a prophet from Jerusalem (ACT 11:28). Recorded as male.",1,2880,"In this dataset, Agabus is described as a prophet from Jerusalem (ACT 11:28). Recorded as male."
Claudius_1,Claudius,,Roman Emperor during whose reign there was a famine (ACT 11:28),male,,"In this dataset, Claudius is described as Roman Emperor during whose reign there was a famine (ACT 11:28). Recorded as male.",1,2881,"In this dataset, Claudius is described as Roman Emperor during whose reign there was a famine (ACT 11:28). Recorded as male."
Herod_3,Herod,,the king of Judea (ACT 12:1),male,,"In this dataset, Herod is described as the king of Judea (ACT 12:1). Recorded as male.",3,2882,"In this dataset, Herod is described as the king of Judea (ACT 12:1). Recorded as male."
Mary_5,Mary,,mother of John also called Mark (ACT 12:12),female,,"In this dataset, Mary is described as mother of John also called Mark (ACT 12:12). Recorded as female.",5,2883,"In this dataset, Mary is described as mother of John also called Mark (ACT 12:12). Recorded as female."
John_5,John,,also called Mark (ACT 12:12) a companion of Barnabas and Saul (ACT 12:25),male,,"In this dataset, John is described as also called Mark (ACT 12:12) a companion of Barnabas and Saul (ACT 12:25). Recorded as male.",5,2884,"In this dataset, John is described as also called Mark (ACT 12:12) a companion of Barnabas and Saul (ACT 12:25). Recorded as male."
Rhoda_1,Rhoda,,servant girl in Mary's house who did not let Peter in (ACT 12:13),female,,"In this dataset, Rhoda is described as servant girl in Mary's house who did not let Peter in (ACT 12:13). Recorded as female.",1,2885,"In this dataset, Rhoda is described as servant girl in Mary's house who did not let Peter in (ACT 12:13). Recorded as female."
Blastus_1,Blastus,,King Herod's chamberlain (ACT 12:20),male,,"In this dataset, Blastus is described as King Herod's chamberlain (ACT 12:20). Recorded as male.",1,2886,"In this dataset, Blastus is described as King Herod's chamberlain (ACT 12:20). Recorded as male."
Simeon_4,Simeon,,a prophet and teacher in Antioch (ACT 13:1),male,,"In this dataset, Simeon is described as a prophet and teacher in Antioch (ACT 13:1). Recorded as male.",4,2887,"In this dataset, Simeon is described as a prophet and teacher in Antioch (ACT 13:1). Recorded as male."
Lucius_1,Lucius,,a prophet and teacher in Antioch (ACT 13:1),male,,"In this dataset, Lucius is described as a prophet and teacher in Antioch (ACT 13:1). Recorded as male.",1,2888,"In this dataset, Lucius is described as a prophet and teacher in Antioch (ACT 13:1). Recorded as male."
Manaen_1,Manaen,,a prophet and teacher in Antioch (ACT 13:1),male,,"In this dataset, Manaen is described as a prophet and teacher in Antioch (ACT 13:1). Recorded as male.",1,2889,"In this dataset, Manaen is described as a prophet and teacher in Antioch (ACT 13:1). Recorded as male."
Bar-Jesus_1,Bar-Jesus,,a Jewish false prophet (ACT 13:6),male,,"In this dataset, Bar-Jesus is described as a Jewish false prophet (ACT 13:6). Recorded as male.",1,2890,"In this dataset, Bar-Jesus is described as a Jewish false prophet (ACT 13:6). Recorded as male."
Sergius_1,Sergius,Paulus,the proconsul of Cyprus (ACT 13:7),male,,"In this dataset, Sergius Paulus is described as the proconsul of Cyprus (ACT 13:7). Recorded as male.",1,2891,"In this dataset, Sergius Paulus is described as the proconsul of Cyprus (ACT 13:7). Recorded as male."
Judas_5,Judas,,"called Barsabbas, a leading man among the brethren (ACT 15:22)",male,,"In this dataset, Judas is described as called Barsabbas, a leading man among the brethren (ACT 15:22). Recorded as male.",5,2892,"In this dataset, Judas is described as called Barsabbas, a leading man among the brethren (ACT 15:22). Recorded as male."
Silas_1,Silas,,a leading man among the brethren (ACT 15:22),male,,"In this dataset, Silas is described as a leading man among the brethren (ACT 15:22). Recorded as male.",1,2893,"In this dataset, Silas is described as a leading man among the brethren (ACT 15:22). Recorded as male."
Timothy_1,Timothy,,a disciple and Paul's companion (ACT 16:1),male,,"In this dataset, Timothy is described as a disciple and Paul's companion (ACT 16:1). Recorded as male.",1,2894,"In this dataset, Timothy is described as a disciple and Paul's companion (ACT 16:1). Recorded as male."
Lydia_1,Lydia,,"from Thyatira, a seller of purple fabrics (ACT 16:14)",female,,"In this dataset, Lydia is described as from Thyatira, a seller of purple fabrics (ACT 16:14). Recorded as female.",1,2895,"In this dataset, Lydia is described as from Thyatira, a seller of purple fabrics (ACT 16:14). Recorded as female."
Jason_1,Jason,,owner of the house where Paul and Silas were staying in Thessalonica (ACT 17:5),male,,"In this dataset, Jason is described as owner of the house where Paul and Silas were staying in Thessalonica (ACT 17:5). Recorded as male.",1,2896,"In this dataset, Jason is described as owner of the house where Paul and Silas were staying in Thessalonica (ACT 17:5). Recorded as male."
Dionysius_1,Dionysius,,the Areopagite who believed Paul (ACT 17:34),male,,"In this dataset, Dionysius is described as the Areopagite who believed Paul (ACT 17:34). Recorded as male.",1,2897,"In this dataset, Dionysius is described as the Areopagite who believed Paul (ACT 17:34). Recorded as male."
Damaris_1,Damaris,,the woman who believed Paul (ACT 17:34),female,,"In this dataset, Damaris is described as the woman who believed Paul (ACT 17:34). Recorded as female.",1,2898,"In this dataset, Damaris is described as the woman who believed Paul (ACT 17:34). Recorded as female."
Aquila_1,Aquila,,a Jew native of Pontus with whom Paul stayed (ACT 18:2),male,,"In this dataset, Aquila is described as a Jew native of Pontus with whom Paul stayed (ACT 18:2). Recorded as male.",1,2899,"In this dataset, Aquila is described as a Jew native of Pontus with whom Paul stayed (ACT 18:2). Recorded as male."
Priscilla_1,Priscilla,,wife of Aquila (ACT 18:2),female,,"In this dataset, Priscilla is described as wife of Aquila (ACT 18:2). Recorded as female.",1,2900,"In this dataset, Priscilla is described as wife of Aquila (ACT 18:2). Recorded as female."
Titius_1,Titius,Justus,a worshiper whose house was next to the synagogue in Corinth (ACT 18:7),male,,"In this dataset, Titius Justus is described as a worshiper whose house was next to the synagogue in Corinth (ACT 18:7). Recorded as male.",1,2901,"In this dataset, Titius Justus is described as a worshiper whose house was next to the synagogue in Corinth (ACT 18:7). Recorded as male."
Crispus_1,Crispus,,the believing leader of the synagogue in Corinth (ACT 18:8),male,,"In this dataset, Crispus is described as the believing leader of the synagogue in Corinth (ACT 18:8). Recorded as male.",1,2902,"In this dataset, Crispus is described as the believing leader of the synagogue in Corinth (ACT 18:8). Recorded as male."
Gallio_1,Gallio,,proconsul of Achaia (ACT 18:12),male,,"In this dataset, Gallio is described as proconsul of Achaia (ACT 18:12). Recorded as male.",1,2903,"In this dataset, Gallio is described as proconsul of Achaia (ACT 18:12). Recorded as male."
Apollos_1,Apollos,,an Alexandrian Jew mighty in the Scriptures (ACT 18:24),male,,"In this dataset, Apollos is described as an Alexandrian Jew mighty in the Scriptures (ACT 18:24). Recorded as male.",1,2904,"In this dataset, Apollos is described as an Alexandrian Jew mighty in the Scriptures (ACT 18:24). Recorded as male."
Tyrannus_1,Tyrannus,,ran a school in Ephesus (ACT 19:9),male,,"In this dataset, Tyrannus is described as ran a school in Ephesus (ACT 19:9). Recorded as male.",1,2905,"In this dataset, Tyrannus is described as ran a school in Ephesus (ACT 19:9). Recorded as male."
Sceva_1,Sceva,,a Jewish chief priest (ACT 19:14),male,,"In this dataset, Sceva is described as a Jewish chief priest (ACT 19:14). Recorded as male.",1,2906,"In this dataset, Sceva is described as a Jewish chief priest (ACT 19:14). Recorded as male."
Erastus_1,Erastus,,one of the men who ministered to Paul (ACT 19:22),male,,"In this dataset, Erastus is described as one of the men who ministered to Paul (ACT 19:22). Recorded as male.",1,2907,"In this dataset, Erastus is described as one of the men who ministered to Paul (ACT 19:22). Recorded as male."
Demetrius_1,Demetrius,,a silversmith who stirred up the workmen of Ephesus (ACT 19:24),male,,"In this dataset, Demetrius is described as a silversmith who stirred up the workmen of Ephesus (ACT 19:24). Recorded as male.",1,2908,"In this dataset, Demetrius is described as a silversmith who stirred up the workmen of Ephesus (ACT 19:24). Recorded as male."
Gaius_1,Gaius,,Paul's traveling companion from Macedonia (ACT 19:29),male,,"In this dataset, Gaius is described as Paul's traveling companion from Macedonia (ACT 19:29). Recorded as male.",1,2909,"In this dataset, Gaius is described as Paul's traveling companion from Macedonia (ACT 19:29). Recorded as male."
Aristarchus_1,Aristarchus,,Paul's traveling companion from Macedonia (ACT 19:29),male,,"In this dataset, Aristarchus is described as Paul's traveling companion from Macedonia (ACT 19:29). Recorded as male.",1,2910,"In this dataset, Aristarchus is described as Paul's traveling companion from Macedonia (ACT 19:29). Recorded as male."
Alexander_3,Alexander,,a believing Jew in Ephesus (ACT 19:33),male,,"In this dataset, Alexander is described as a believing Jew in Ephesus (ACT 19:33). Recorded as male.",3,2911,"In this dataset, Alexander is described as a believing Jew in Ephesus (ACT 19:33). Recorded as male."
Sopater_1,Sopater,,a believer from Berea (ACT 20:4),male,,"In this dataset, Sopater is described as a believer from Berea (ACT 20:4). Recorded as male.",1,2912,"In this dataset, Sopater is described as a believer from Berea (ACT 20:4). Recorded as male."
Pyrrhus_1,Pyrrhus,,father (?) of Sopater (ACT 20:4),male,,"In this dataset, Pyrrhus is described as father (?) of Sopater (ACT 20:4). Recorded as male.",1,2913,"In this dataset, Pyrrhus is described as father (?) of Sopater (ACT 20:4). Recorded as male."
Secundus_1,Secundus,,a believer from Thessalonica (ACT 20:4),male,,"In this dataset, Secundus is described as a believer from Thessalonica (ACT 20:4). Recorded as male.",1,2914,"In this dataset, Secundus is described as a believer from Thessalonica (ACT 20:4). Recorded as male."
Gaius_2,Gaius,,a believer from Derbe (ACT 20:4),male,,"In this dataset, Gaius is described as a believer from Derbe (ACT 20:4). Recorded as male.",2,2915,"In this dataset, Gaius is described as a believer from Derbe (ACT 20:4). Recorded as male."
Tychicus_1,Tychicus,,a believer from Asia (ACT 20:4),male,,"In this dataset, Tychicus is described as a believer from Asia (ACT 20:4). Recorded as male.",1,2916,"In this dataset, Tychicus is described as a believer from Asia (ACT 20:4). Recorded as male."
Trophimus_1,Trophimus,,a believer from Asia (ACT 20:4) specifically Ephesus (ACT 21:29),male,,"In this dataset, Trophimus is described as a believer from Asia (ACT 20:4) specifically Ephesus (ACT 21:29). Recorded as male.",1,2917,"In this dataset, Trophimus is described as a believer from Asia (ACT 20:4) specifically Ephesus (ACT 21:29). Recorded as male."
Eutychus_1,Eutychus,,a young man who fell from a third-floor window (ACT 20:9),male,,"In this dataset, Eutychus is described as a young man who fell from a third-floor window (ACT 20:9). Recorded as male.",1,2918,"In this dataset, Eutychus is described as a young man who fell from a third-floor window (ACT 20:9). Recorded as male."
Mnason_1,Mnason,,a disciple of long standing with whom Paul and Luke were to lodge (ACT 21:16),male,,"In this dataset, Mnason is described as a disciple of long standing with whom Paul and Luke were to lodge (ACT 21:16). Recorded as male.",1,2919,"In this dataset, Mnason is described as a disciple of long standing with whom Paul and Luke were to lodge (ACT 21:16). Recorded as male."
Ananias_3,Ananias,,the high priest who ordered Paul struck (ACT 23:2),male,Levi,"In this dataset, Ananias is described as the high priest who ordered Paul struck (ACT 23:2). Recorded as male; listed with tribe: Levi.",3,2920,"In this dataset, Ananias is described as the high priest who ordered Paul struck (ACT 23:2). Recorded as male; listed with tribe: Levi."
Felix_1,Felix,,the governor of Caesarea (ACT 23:24),male,,"In this dataset, Felix is described as the governor of Caesarea (ACT 23:24). Recorded as male.",1,2921,"In this dataset, Felix is described as the governor of Caesarea (ACT 23:24). Recorded as male."
Claudius_2,Claudius,Lysias,commander of the Roman garrison in Jerusalem (ACT 23:26),male,,"In this dataset, Claudius Lysias is described as commander of the Roman garrison in Jerusalem (ACT 23:26). Recorded as male.",2,2922,"In this dataset, Claudius Lysias is described as commander of the Roman garrison in Jerusalem (ACT 23:26). Recorded as male."
Tertullus_1,Tertullus,,an attorney who brought charges against Paul (ACT 24:2),male,,"In this dataset, Tertullus is described as an attorney who brought charges against Paul (ACT 24:2). Recorded as male.",1,2923,"In this dataset, Tertullus is described as an attorney who brought charges against Paul (ACT 24:2). Recorded as male."
Drusilla_1,Drusilla,,wife of Felix (ACT 24:24),female,,"In this dataset, Drusilla is described as wife of Felix (ACT 24:24). Recorded as female.",1,2924,"In this dataset, Drusilla is described as wife of Felix (ACT 24:24). Recorded as female."
Porcius_1,Porcius,Festus,the governor of Caesarea who succeeded Felix (ACT 24:27),male,,"In this dataset, Porcius Festus is described as the governor of Caesarea who succeeded Felix (ACT 24:27). Recorded as male.",1,2925,"In this dataset, Porcius Festus is described as the governor of Caesarea who succeeded Felix (ACT 24:27). Recorded as male."
Caesar_2,Caesar,,the Caesar against whom Paul has committed no offense (ACT 25:8),male,,"In this dataset, Caesar is described as the Caesar against whom Paul has committed no offense (ACT 25:8). Recorded as male.",2,2926,"In this dataset, Caesar is described as the Caesar against whom Paul has committed no offense (ACT 25:8). Recorded as male."
Agrippa_1,Agrippa,,the king who visited Festus  (ACT 25:13),male,,"In this dataset, Agrippa is described as the king who visited Festus  (ACT 25:13). Recorded as male.",1,2927,"In this dataset, Agrippa is described as the king who visited Festus  (ACT 25:13). Recorded as male."
Bernice_1,Bernice,,traveled with Agrippa to visit Festus (ACT 25:13),female,,"In this dataset, Bernice is described as traveled with Agrippa to visit Festus (ACT 25:13). Recorded as female.",1,2928,"In this dataset, Bernice is described as traveled with Agrippa to visit Festus (ACT 25:13). Recorded as female."
Julius_1,Julius,,a centurion of the Augustan cohort (ACT 27:1),male,,"In this dataset, Julius is described as a centurion of the Augustan cohort (ACT 27:1). Recorded as male.",1,2929,"In this dataset, Julius is described as a centurion of the Augustan cohort (ACT 27:1). Recorded as male."
Publius_1,Publius,,the leading man of the island of Malta (ACT 28:7),male,,"In this dataset, Publius is described as the leading man of the island of Malta (ACT 28:7). Recorded as male.",1,2930,"In this dataset, Publius is described as the leading man of the island of Malta (ACT 28:7). Recorded as male."
Phoebe_1,Phoebe,,a believer who is a servant in the church in Cenchrea (ROM 16:1),female,,"In this dataset, Phoebe is described as a believer who is a servant in the church in Cenchrea (ROM 16:1). Recorded as female.",1,2931,"In this dataset, Phoebe is described as a believer who is a servant in the church in Cenchrea (ROM 16:1). Recorded as female."
Epanetus_1,Epanetus,,the first to convert to Christ from Asia (ROM 16:5),male,,"In this dataset, Epanetus is described as the first to convert to Christ from Asia (ROM 16:5). Recorded as male.",1,2932,"In this dataset, Epanetus is described as the first to convert to Christ from Asia (ROM 16:5). Recorded as male."
Mary_6,Mary,,Mary of Rome of whom Paul wrote (ROM 16:6),female,,"In this dataset, Mary is described as Mary of Rome of whom Paul wrote (ROM 16:6). Recorded as female.",6,2933,"In this dataset, Mary is described as Mary of Rome of whom Paul wrote (ROM 16:6). Recorded as female."
Andronicus_1,Andronicus,,a kinsman and fellow prisoner of Paul (ROM 16:7),male,,"In this dataset, Andronicus is described as a kinsman and fellow prisoner of Paul (ROM 16:7). Recorded as male.",1,2934,"In this dataset, Andronicus is described as a kinsman and fellow prisoner of Paul (ROM 16:7). Recorded as male."
Junias_1,Junias,,a kinsman and fellow prisoner of Paul (ROM 16:7),male,,"In this dataset, Junias is described as a kinsman and fellow prisoner of Paul (ROM 16:7). Recorded as male.",1,2935,"In this dataset, Junias is described as a kinsman and fellow prisoner of Paul (ROM 16:7). Recorded as male."
Ampliatus_1,Ampliatus,,beloved of Paul (ROM 16:8),male,,"In this dataset, Ampliatus is described as beloved of Paul (ROM 16:8). Recorded as male.",1,2936,"In this dataset, Ampliatus is described as beloved of Paul (ROM 16:8). Recorded as male."
Urbanus_1,Urbanus,,Paul's fellow worker in Christ (ROM 16:9),male,,"In this dataset, Urbanus is described as Paul's fellow worker in Christ (ROM 16:9). Recorded as male.",1,2937,"In this dataset, Urbanus is described as Paul's fellow worker in Christ (ROM 16:9). Recorded as male."
Stachys_1,Stachys,,beloved of Paul (ROM 16:9),male,,"In this dataset, Stachys is described as beloved of Paul (ROM 16:9). Recorded as male.",1,2938,"In this dataset, Stachys is described as beloved of Paul (ROM 16:9). Recorded as male."
Apelles_1,Apelles,,the approved in Christ (ROM 16:10),male,,"In this dataset, Apelles is described as the approved in Christ (ROM 16:10). Recorded as male.",1,2939,"In this dataset, Apelles is described as the approved in Christ (ROM 16:10). Recorded as male."
Aristobulus_1,Aristobulus,,Paul sends greetings to his household (ROM 16:10),male,,"In this dataset, Aristobulus is described as Paul sends greetings to his household (ROM 16:10). Recorded as male.",1,2940,"In this dataset, Aristobulus is described as Paul sends greetings to his household (ROM 16:10). Recorded as male."
Herodian_1,Herodian,,a kinsman of Paul (ROM 16:11),male,,"In this dataset, Herodian is described as a kinsman of Paul (ROM 16:11). Recorded as male.",1,2941,"In this dataset, Herodian is described as a kinsman of Paul (ROM 16:11). Recorded as male."
Narcissus_1,Narcissus,,Paul sends greetings to his household (ROM 16:11),male,,"In this dataset, Narcissus is described as Paul sends greetings to his household (ROM 16:11). Recorded as male.",1,2942,"In this dataset, Narcissus is described as Paul sends greetings to his household (ROM 16:11). Recorded as male."
Tryphaena_1,Tryphaena,,worker in the Lord to whom Paul sends greetings (ROM 16:12),female,,"In this dataset, Tryphaena is described as worker in the Lord to whom Paul sends greetings (ROM 16:12). Recorded as female.",1,2943,"In this dataset, Tryphaena is described as worker in the Lord to whom Paul sends greetings (ROM 16:12). Recorded as female."
Tryphosa_1,Tryphosa,,worker in the Lord to whom Paul sends greetings (ROM 16:12),female,,"In this dataset, Tryphosa is described as worker in the Lord to whom Paul sends greetings (ROM 16:12). Recorded as female.",1,2944,"In this dataset, Tryphosa is described as worker in the Lord to whom Paul sends greetings (ROM 16:12). Recorded as female."
Persis_1,Persis,,beloved of Paul (ROM 16:12),female,,"In this dataset, Persis is described as beloved of Paul (ROM 16:12). Recorded as female.",1,2945,"In this dataset, Persis is described as beloved of Paul (ROM 16:12). Recorded as female."
Asynchritus_1,Asynchritus,,Paul sends greetings to him (ROM 16:14),male,,"In this dataset, Asynchritus is described as Paul sends greetings to him (ROM 16:14). Recorded as male.",1,2946,"In this dataset, Asynchritus is described as Paul sends greetings to him (ROM 16:14). Recorded as male."
Phlegon_1,Phlegon,,Paul sends greetings to him (ROM 16:14),male,,"In this dataset, Phlegon is described as Paul sends greetings to him (ROM 16:14). Recorded as male.",1,2947,"In this dataset, Phlegon is described as Paul sends greetings to him (ROM 16:14). Recorded as male."
Hermes_1,Hermes,,Paul sends greetings to him (ROM 16:14),male,,"In this dataset, Hermes is described as Paul sends greetings to him (ROM 16:14). Recorded as male.",1,2948,"In this dataset, Hermes is described as Paul sends greetings to him (ROM 16:14). Recorded as male."
Patrobas_1,Patrobas,,Paul sends greetings to him (ROM 16:14),male,,"In this dataset, Patrobas is described as Paul sends greetings to him (ROM 16:14). Recorded as male.",1,2949,"In this dataset, Patrobas is described as Paul sends greetings to him (ROM 16:14). Recorded as male."
Hermas_1,Hermas,,Paul sends greetings to him (ROM 16:14),male,,"In this dataset, Hermas is described as Paul sends greetings to him (ROM 16:14). Recorded as male.",1,2950,"In this dataset, Hermas is described as Paul sends greetings to him (ROM 16:14). Recorded as male."
Philologus_1,Philologus,,Paul sends greetings to him (ROM 16:15),male,,"In this dataset, Philologus is described as Paul sends greetings to him (ROM 16:15). Recorded as male.",1,2951,"In this dataset, Philologus is described as Paul sends greetings to him (ROM 16:15). Recorded as male."
Julia_1,Julia,,Paul sends greetings to her (ROM 16:15),female,,"In this dataset, Julia is described as Paul sends greetings to her (ROM 16:15). Recorded as female.",1,2952,"In this dataset, Julia is described as Paul sends greetings to her (ROM 16:15). Recorded as female."
Nereus_1,Nereus,,Paul sends greetings to him (ROM 16:15),male,,"In this dataset, Nereus is described as Paul sends greetings to him (ROM 16:15). Recorded as male.",1,2953,"In this dataset, Nereus is described as Paul sends greetings to him (ROM 16:15). Recorded as male."
Olympas_1,Olympas,,Paul sends greetings to him (ROM 16:15),male,,"In this dataset, Olympas is described as Paul sends greetings to him (ROM 16:15). Recorded as male.",1,2954,"In this dataset, Olympas is described as Paul sends greetings to him (ROM 16:15). Recorded as male."
Lucius_2,Lucius,,a kinsman of Paul (ROM 16:21),male,,"In this dataset, Lucius is described as a kinsman of Paul (ROM 16:21). Recorded as male.",2,2955,"In this dataset, Lucius is described as a kinsman of Paul (ROM 16:21). Recorded as male."
Sosipater_1,Sosipater,,a kinsman of Paul (ROM 16:21),male,,"In this dataset, Sosipater is described as a kinsman of Paul (ROM 16:21). Recorded as male.",1,2956,"In this dataset, Sosipater is described as a kinsman of Paul (ROM 16:21). Recorded as male."
Tertius_1,Tertius,,scribed Paul's letter to the Romans (ROM 16:22),male,,"In this dataset, Tertius is described as scribed Paul's letter to the Romans (ROM 16:22). Recorded as male.",1,2957,"In this dataset, Tertius is described as scribed Paul's letter to the Romans (ROM 16:22). Recorded as male."
Erastus_2,Erastus,,the city treasurer (ROM 16:23),male,,"In this dataset, Erastus is described as the city treasurer (ROM 16:23). Recorded as male.",2,2958,"In this dataset, Erastus is described as the city treasurer (ROM 16:23). Recorded as male."
Quartus_1,Quartus,,the brother (ROM 16:23),male,,"In this dataset, Quartus is described as the brother (ROM 16:23). Recorded as male.",1,2959,"In this dataset, Quartus is described as the brother (ROM 16:23). Recorded as male."
Chloe_1,Chloe,,a believer in Corinth (1CO 1:11),female,,"In this dataset, Chloe is described as a believer in Corinth (1CO 1:11). Recorded as female.",1,2960,"In this dataset, Chloe is described as a believer in Corinth (1CO 1:11). Recorded as female."
Stephanas_1,Stephanas,,a believer whose household Paul baptized (1CO 1:16),male,,"In this dataset, Stephanas is described as a believer whose household Paul baptized (1CO 1:16). Recorded as male.",1,2961,"In this dataset, Stephanas is described as a believer whose household Paul baptized (1CO 1:16). Recorded as male."
Forunatus_1,Forunatus,,Paul rejoiced over him (1CO 16:17),male,,"In this dataset, Forunatus is described as Paul rejoiced over him (1CO 16:17). Recorded as male.",1,2962,"In this dataset, Forunatus is described as Paul rejoiced over him (1CO 16:17). Recorded as male."
Achaicus_1,Achaicus,,Paul rejoiced over him (1CO 16:17),male,,"In this dataset, Achaicus is described as Paul rejoiced over him (1CO 16:17). Recorded as male.",1,2963,"In this dataset, Achaicus is described as Paul rejoiced over him (1CO 16:17). Recorded as male."
Titus_1,Titus,,a brother (2CO 2:13) and Paul's partner and fellow worker in ministry (2CO 8:23),male,,"In this dataset, Titus is described as a brother (2CO 2:13) and Paul's partner and fellow worker in ministry (2CO 8:23). Recorded as male.",1,2964,"In this dataset, Titus is described as a brother (2CO 2:13) and Paul's partner and fellow worker in ministry (2CO 8:23). Recorded as male."
Aretas_1,Aretas,,the king over the ethnarch in Damascus (2CO 11:32),male,,"In this dataset, Aretas is described as the king over the ethnarch in Damascus (2CO 11:32). Recorded as male.",1,2965,"In this dataset, Aretas is described as the king over the ethnarch in Damascus (2CO 11:32). Recorded as male."
Epaphroditus_1,Epaphroditus,,Paul's fellow worker and fellow solder (PHP 2:25),male,,"In this dataset, Epaphroditus is described as Paul's fellow worker and fellow solder (PHP 2:25). Recorded as male.",1,2966,"In this dataset, Epaphroditus is described as Paul's fellow worker and fellow solder (PHP 2:25). Recorded as male."
Euodia_1,Euodia,,Paul urged her to live in harmony in the Lord (PHP 4:2),female,,"In this dataset, Euodia is described as Paul urged her to live in harmony in the Lord (PHP 4:2). Recorded as female.",1,2967,"In this dataset, Euodia is described as Paul urged her to live in harmony in the Lord (PHP 4:2). Recorded as female."
Syntyche_1,Syntyche,,Paul urged her to live in harmony in the Lord (PHP 4:2),female,,"In this dataset, Syntyche is described as Paul urged her to live in harmony in the Lord (PHP 4:2). Recorded as female.",1,2968,"In this dataset, Syntyche is described as Paul urged her to live in harmony in the Lord (PHP 4:2). Recorded as female."
Clement_1,Clement,,a fellow worker of Paul's (PHP 4:3),male,,"In this dataset, Clement is described as a fellow worker of Paul's (PHP 4:3). Recorded as male.",1,2969,"In this dataset, Clement is described as a fellow worker of Paul's (PHP 4:3). Recorded as male."
Onesimus_1,Onesimus,,a Colossian who was Paul's faithful and beloved brother (COL 4:9),male,,"In this dataset, Onesimus is described as a Colossian who was Paul's faithful and beloved brother (COL 4:9). Recorded as male.",1,2970,"In this dataset, Onesimus is described as a Colossian who was Paul's faithful and beloved brother (COL 4:9). Recorded as male."
Jesus_1,Jesus,,Paul's fellow worker from the circumcision (COL 4:11),male,,"In this dataset, Jesus is described as Paul's fellow worker from the circumcision (COL 4:11). Recorded as male.",1,2971,"In this dataset, Jesus is described as Paul's fellow worker from the circumcision (COL 4:11). Recorded as male."
Luke_1,Luke,,the beloved physician (COL 4:14),male,,"In this dataset, Luke is described as the beloved physician (COL 4:14). Recorded as male.",1,2972,"In this dataset, Luke is described as the beloved physician (COL 4:14). Recorded as male."
Demas_1,Demas,,sent greetings via Paul to the Colossians (COL 4:14),male,,"In this dataset, Demas is described as sent greetings via Paul to the Colossians (COL 4:14). Recorded as male.",1,2973,"In this dataset, Demas is described as sent greetings via Paul to the Colossians (COL 4:14). Recorded as male."
Nympha_1,Nympha,,had a church in her house in Colossae (COL 4:15),female,,"In this dataset, Nympha is described as had a church in her house in Colossae (COL 4:15). Recorded as female.",1,2974,"In this dataset, Nympha is described as had a church in her house in Colossae (COL 4:15). Recorded as female."
Archippus_1,Archippus,,reminded by Paul to take heed of the ministry received from the Lord (COL 4:17),male,,"In this dataset, Archippus is described as reminded by Paul to take heed of the ministry received from the Lord (COL 4:17). Recorded as male.",1,2975,"In this dataset, Archippus is described as reminded by Paul to take heed of the ministry received from the Lord (COL 4:17). Recorded as male."
Hymenaeus_1,Hymenaeus,,handed over to Satan by Paul (1TI 1:20),male,,"In this dataset, Hymenaeus is described as handed over to Satan by Paul (1TI 1:20). Recorded as male.",1,2976,"In this dataset, Hymenaeus is described as handed over to Satan by Paul (1TI 1:20). Recorded as male."
Alexander_4,Alexander,,handed over to Satan by Paul (1TI 1:20),male,,"In this dataset, Alexander is described as handed over to Satan by Paul (1TI 1:20). Recorded as male.",4,2977,"In this dataset, Alexander is described as handed over to Satan by Paul (1TI 1:20). Recorded as male."
Lois_1,Lois,,Timothy's grandmother (2TI 1:5),female,,"In this dataset, Lois is described as Timothy's grandmother (2TI 1:5). Recorded as female.",1,2978,"In this dataset, Lois is described as Timothy's grandmother (2TI 1:5). Recorded as female."
Eunice_1,Eunice,,Timothy's mother (2TI 1:5),female,,"In this dataset, Eunice is described as Timothy's mother (2TI 1:5). Recorded as female.",1,2979,"In this dataset, Eunice is described as Timothy's mother (2TI 1:5). Recorded as female."
Phygelus_1,Phygelus,,turned away from Paul in Asia (2TI 1:15),male,,"In this dataset, Phygelus is described as turned away from Paul in Asia (2TI 1:15). Recorded as male.",1,2980,"In this dataset, Phygelus is described as turned away from Paul in Asia (2TI 1:15). Recorded as male."
Hermogenes_1,Hermogenes,,turned away from Paul in Asia (2TI 1:15),male,,"In this dataset, Hermogenes is described as turned away from Paul in Asia (2TI 1:15). Recorded as male.",1,2981,"In this dataset, Hermogenes is described as turned away from Paul in Asia (2TI 1:15). Recorded as male."
Onesiphorus_1,Onesiphorus,,refreshed Paul and was not ashamed of his chains (2TI 1:16),male,,"In this dataset, Onesiphorus is described as refreshed Paul and was not ashamed of his chains (2TI 1:16). Recorded as male.",1,2982,"In this dataset, Onesiphorus is described as refreshed Paul and was not ashamed of his chains (2TI 1:16). Recorded as male."
Philetus_1,Philetus,,his talk spread like gangrene (2TI 2:17),male,,"In this dataset, Philetus is described as his talk spread like gangrene (2TI 2:17). Recorded as male.",1,2983,"In this dataset, Philetus is described as his talk spread like gangrene (2TI 2:17). Recorded as male."
Jannes_1,Jannes,,magician who opposed Moses (2TI 3:8),male,,"In this dataset, Jannes is described as magician who opposed Moses (2TI 3:8). Recorded as male.",1,2984,"In this dataset, Jannes is described as magician who opposed Moses (2TI 3:8). Recorded as male."
Jambres_1,Jambres,,magician who opposed Moses (2TI 3:8),male,,"In this dataset, Jambres is described as magician who opposed Moses (2TI 3:8). Recorded as male.",1,2985,"In this dataset, Jambres is described as magician who opposed Moses (2TI 3:8). Recorded as male."
Crescens_1,Crescens,,Paul's companion who went to Galatia (2TI 4:10),male,,"In this dataset, Crescens is described as Paul's companion who went to Galatia (2TI 4:10). Recorded as male.",1,2986,"In this dataset, Crescens is described as Paul's companion who went to Galatia (2TI 4:10). Recorded as male."
Eubulus_1,Eubulus,,sent greetings via Paul to Timothy (2TI 4:21),male,,"In this dataset, Eubulus is described as sent greetings via Paul to Timothy (2TI 4:21). Recorded as male.",1,2987,"In this dataset, Eubulus is described as sent greetings via Paul to Timothy (2TI 4:21). Recorded as male."
Pudens_1,Pudens,,sent greetings via Paul to Timothy (2TI 4:21),male,,"In this dataset, Pudens is described as sent greetings via Paul to Timothy (2TI 4:21). Recorded as male.",1,2988,"In this dataset, Pudens is described as sent greetings via Paul to Timothy (2TI 4:21). Recorded as male."
Linus_1,Linus,,sent greetings via Paul to Timothy (2TI 4:21),male,,"In this dataset, Linus is described as sent greetings via Paul to Timothy (2TI 4:21). Recorded as male.",1,2989,"In this dataset, Linus is described as sent greetings via Paul to Timothy (2TI 4:21). Recorded as male."
Claudia_1,Claudia,,sent greetings via Paul to Timothy (2TI 4:21),female,,"In this dataset, Claudia is described as sent greetings via Paul to Timothy (2TI 4:21). Recorded as female.",1,2990,"In this dataset, Claudia is described as sent greetings via Paul to Timothy (2TI 4:21). Recorded as female."
Artemas_1,Artemas,,Paul might sent him to Titus (TIT 3:12),male,,"In this dataset, Artemas is described as Paul might sent him to Titus (TIT 3:12). Recorded as male.",1,2991,"In this dataset, Artemas is described as Paul might sent him to Titus (TIT 3:12). Recorded as male."
Zenas_1,Zenas,,a lawyer Paul charged Titus with digiligently helping (TIT 3:13),male,,"In this dataset, Zenas is described as a lawyer Paul charged Titus with digiligently helping (TIT 3:13). Recorded as male.",1,2992,"In this dataset, Zenas is described as a lawyer Paul charged Titus with digiligently helping (TIT 3:13). Recorded as male."
Philemon_1,Philemon,,Paul's fellow worker (PHM 1:1),male,,"In this dataset, Philemon is described as Paul's fellow worker (PHM 1:1). Recorded as male.",1,2993,"In this dataset, Philemon is described as Paul's fellow worker (PHM 1:1). Recorded as male."
Apphia_1,Apphia,,Paul's sister in the faith (PHM 1:2),female,,"In this dataset, Apphia is described as Paul's sister in the faith (PHM 1:2). Recorded as female.",1,2994,"In this dataset, Apphia is described as Paul's sister in the faith (PHM 1:2). Recorded as female."
Antichrist_1,Antichrist,,the coming one (1JN 2:18) who denies that Jesus is the Christ (1JN 2:22),male,,"In this dataset, Antichrist is described as the coming one (1JN 2:18) who denies that Jesus is the Christ (1JN 2:22). Recorded as male.",1,2995,"In this dataset, Antichrist is described as the coming one (1JN 2:18) who denies that Jesus is the Christ (1JN 2:22). Recorded as male."
Diotrephes_1,Diotrephes,,loves to be first in the church but does not accept what John says (3JN 1:9),male,,"In this dataset, Diotrephes is described as loves to be first in the church but does not accept what John says (3JN 1:9). Recorded as male.",1,2996,"In this dataset, Diotrephes is described as loves to be first in the church but does not accept what John says (3JN 1:9). Recorded as male."
Demetrius_2,Demetrius,,has received (good) testimony from everyone (3JN 1:12),male,,"In this dataset, Demetrius is described as has received (good) testimony from everyone (3JN 1:12). Recorded as male.",2,2997,"In this dataset, Demetrius is described as has received (good) testimony from everyone (3JN 1:12). Recorded as male."
Antipas_1,Antipas,,G-d's witness and faithful one (REV 2:13),male,,"In this dataset, Antipas is described as G-d's witness and faithful one (REV 2:13). Recorded as male.",1,2998,"In this dataset, Antipas is described as G-d's witness and faithful one (REV 2:13). Recorded as male."
Jezebel_2,Jezebel,,teaches and leads people astray (REV 2:20),female,,"In this dataset, Jezebel is described as teaches and leads people astray (REV 2:20). Recorded as female.",2,2999,"In this dataset, Jezebel is described as teaches and leads people astray (REV 2:20). Recorded as female."
Death_1,Death,,the rider of the pale/ashen horse (REV 6:8),male,,"In this dataset, Death is described as the rider of the pale/ashen horse (REV 6:8). Recorded as male.",1,3000,"In this dataset, Death is described as the rider of the pale/ashen horse (REV 6:8). Recorded as male."
Abaddon_1,Abaddon,,"king over the locusts of Revelation 9, the angel of the abyss (REV 9:11)",male,,"In this dataset, Abaddon is described as king over the locusts of Revelation 9, the angel of the abyss (REV 9:11). Recorded as male.",1,3001,"In this dataset, Abaddon is described as king over the locusts of Revelation 9, the angel of the abyss (REV 9:11). Recorded as male."
Jucam_1,Jucam,,son of Ezer in Rahlf's Septuaginta (GEN 36:27),male,,"In this dataset, Jucam is described as son of Ezer in Rahlf's Septuaginta (GEN 36:27). Recorded as male.",1,3002,"In this dataset, Jucam is described as son of Ezer in Rahlf's Septuaginta (GEN 36:27). Recorded as male."
Abdeel_2,Abdeel,,son of Dedan in Rahlf's Septuaginta (GEN 25:3),male,,"In this dataset, Abdeel is described as son of Dedan in Rahlf's Septuaginta (GEN 25:3). Recorded as male.",2,3003,"In this dataset, Abdeel is described as son of Dedan in Rahlf's Septuaginta (GEN 25:3). Recorded as male."
Reuel_4,Reuel,,son of Dedan in Rahlf's Septuaginta (GEN 25:3),male,,"In this dataset, Reuel is described as son of Dedan in Rahlf's Septuaginta (GEN 25:3). Recorded as male.",4,3004,"In this dataset, Reuel is described as son of Dedan in Rahlf's Septuaginta (GEN 25:3). Recorded as male."
Tema_2,Tema,,son of Jokshan in Rahlf's Septuaginta (GEN 25:3),male,,"In this dataset, Tema is described as son of Jokshan in Rahlf's Septuaginta (GEN 25:3). Recorded as male.",2,3005,"In this dataset, Tema is described as son of Jokshan in Rahlf's Septuaginta (GEN 25:3). Recorded as male."
Elishah_2,Elishah,,son of Japheth in Rahlf's Septuaginta (GEN 10:2),male,,"In this dataset, Elishah is described as son of Japheth in Rahlf's Septuaginta (GEN 10:2). Recorded as male.",2,3006,"In this dataset, Elishah is described as son of Japheth in Rahlf's Septuaginta (GEN 10:2). Recorded as male."
Zaboud_1,Zaboud,,son of Hammuel and father of Zaccur (1CH 4:26),male,,"In this dataset, Zaboud is described as son of Hammuel and father of Zaccur (1CH 4:26). Recorded as male.",1,3007,"In this dataset, Zaboud is described as son of Hammuel and father of Zaccur (1CH 4:26). Recorded as male."
Rokeim_1,Rokeim,,father of Hananiah_6 in Ralhlf's Septuaginta (NEH 3:8),male,,"In this dataset, Rokeim is described as father of Hananiah_6 in Ralhlf's Septuaginta (NEH 3:8). Recorded as male.",1,3008,"In this dataset, Rokeim is described as father of Hananiah_6 in Ralhlf's Septuaginta (NEH 3:8). Recorded as male."
Ezra_2,Ezra,,returned to Judah after the Babylonian captivity (NEH 7:7),male,,"In this dataset, Ezra is described as returned to Judah after the Babylonian captivity (NEH 7:7). Recorded as male.",2,3009,"In this dataset, Ezra is described as returned to Judah after the Babylonian captivity (NEH 7:7). Recorded as male."
